STATION,NAME,LATITUDE,LONGITUDE,ELEVATION,DATE,YEAR,TEMP,MAX,MIN,DEWP,SLP,WDSP,PRCP
42182099999,"NEW DELHI SAFDARJUNG, IN",28.583,77.2,216.0,2022-04-01,2022,97.2,105.4,88.5,57.5,1004.9,4.6,0.0
42182099999,"NEW DELHI SAFDARJUNG, IN",28.583,77.2,216.0,2022-04-06,2022,101.1,109.3,93.5,57.0,1002.3,4.6,0.0
42182099999,"NEW DELHI SAFDARJUNG, IN",28.583,77.2,216.0,2022-04-10,2022,102.1,111.6,91.5,62.0,1001.6,8.7,0.33
42182099999,"NEW DELHI SAFDARJUNG, IN",28.583,77.2,216.0,2022-04-15,2022,100.1,108.9,90.9,55.9,1001.6,5.5,0.0
42182099999,"NEW DELHI SAFDARJUNG, IN",28.583,77.2,216.0,2022-04-18,2022,99.8,114.6,90.6,48.6,997.8,6.9,0.0
42182099999,"NEW DELHI SAFDARJUNG, IN",28.583,77.2,216.0,2022-04-23,2022,98.4,106.7,90.0,53.1,1003.9,5.0,0.11
42182099999,"NEW DELHI SAFDARJUNG, IN",28.583,77.2,216.0,2022-04-28,2022,98.1,107.3,89.0,51.1,1007.4,7.7,0.0
42182099999,"NEW DELHI SAFDARJUNG, IN",28.583,77.2,216.0,2022-05-02,2022,100.5,109.6,91.2,58.5,998.7,9.9,0.0
42182099999,"NEW DELHI SAFDARJUNG, IN",28.583,77.2,216.0,2022-05-06,2022,99.9,109.5,92.7,58.8,999.5,5.2,0.0
42182099999,"NEW DELHI SAFDARJUNG, IN",28.583,77.2,216.0,2022-05-12,2022,102.8,112.3,92.8,55.2,1002.1,9.2,0.0
42182099999,"NEW DELHI SAFDARJUNG, IN",28.583,77.2,216.0,2022-05-16,2022,100.1,113.3,90.5,67.5,1003.0,7.1,0.0
42182099999,"NEW DELHI SAFDARJUNG, IN",28.583,77.2,216.0,2022-05-19,2022,98.8,112.8,90.9,62.3,999.3,4.1,0.0
42182099999,"NEW DELHI SAFDARJUNG, IN",28.583,77.2,216.0,2022-05-25,2022,102.1,113.8,89.3,48.4,999.0,9.0,0.29
42182099999,"NEW DELHI SAFDARJUNG, IN",28.583,77.2,216.0,2022-05-29,2022,101.7,110.5,92.1,61.9,1003.5,6.2,0.0
42182099999,"NEW DELHI SAFDARJUNG, IN",28.583,77.2,216.0,2022-06-02,2022,100.5,112.0,92.8,56.7,998.6,7.4,0.0
42182099999,"NEW DELHI SAFDARJUNG, IN",28.583,77.2,216.0,2022-06-06,2022,98.2,110.0,86.6,55.9,1006.2,6.7,0.14
42182099999,"NEW DELHI SAFDARJUNG, IN",28.583,77.2,216.0,2022-06-12,2022,100.3,110.0,91.8,49.4,1004.0,7.0,0.3
42182099999,"NEW DELHI SAFDARJUNG, IN",28.583,77.2,216.0,2022-06-15,2022,97.7,106.6,87.9,54.8,1004.8,6.8,0.0
42182099999,"NEW DELHI SAFDARJUNG, IN",28.583,77.2,216.0,2022-06-20,2022,100.7,113.7,91.3,62.9,1000.5,7.7,0.0
42182099999,"NEW DELHI SAFDARJUNG, IN",28.583,77.2,216.0,2022-06-24,2022,96.2,106.5,85.7,59.9,1005.9,4.6,0.0
42181099999,"NEW DELHI PALAM, IN",28.567,77.1,233.0,2022-04-01,2022,94.5,108.5,87.0,57.3,999.7,4.7,0.0
42181099999,"NEW DELHI PALAM, IN",28.567,77.1,233.0,2022-04-06,2022,93.5,103.2,83.7,62.3,1007.1,5.8,0.27
42181099999,"NEW DELHI PALAM, IN",28.567,77.1,233.0,2022-04-09,2022,97.3,110.0,84.3,63.2,1004.1,3.7,0.0
42181099999,"NEW DELHI PALAM, IN",28.567,77.1,233.0,2022-04-14,2022,96.6,108.4,88.8,60.0,1007.6,4.3,0.0
42181099999,"NEW DELHI PALAM, IN",28.567,77.1,233.0,2022-04-18,2022,99.1,107.4,86.1,66.0,995.1,8.9,0.0
42181099999,"NEW DELHI PALAM, IN",28.567,77.1,233.0,2022-04-24,2022,102.4,113.8,90.2,9999.9,1002.1,9.3,0.0
42181099999,"NEW DELHI PALAM, IN",28.567,77.1,233.0,2022-04-28,2022,100.9,110.9,89.7,48.3,1002.3,8.1,0.0
42181099999,"NEW DELHI PALAM, IN",28.567,77.1,233.0,2022-05-02,2022,102.1,116.9,91.6,65.6,1001.4,6.8,0.0
42181099999,"NEW DELHI PALAM, IN",28.567,77.1,233.0,2022-05-06,2022,99.2,107.6,89.1,55.7,1005.7,9.0,0.05
42181099999,"NEW DELHI PALAM, IN",28.567,77.1,233.0,2022-05-11,2022,102.6,114.7,95.4,55.6,1004.5,3.6,0.0
42181099999,"NEW DELHI PALAM, IN",28.567,77.1,233.0,2022-05-16,2022,102.1,111.7,92.7,63.0,1000.9,7.7,0.0
42181099999,"NEW DELHI PALAM, IN",28.567,77.1,233.0,2022-05-20,2022,100.8,113.2,90.4,56.2,998.6,3.7,0.0
42181099999,"NEW DELHI PALAM, IN",28.567,77.1,233.0,2022-05-24,2022,102.4,116.6,93.2,59.5,1003.0,4.1,0.0
42181099999,"NEW DELHI PALAM, IN",28.567,77.1,233.0,2022-05-28,2022,100.6,113.3,90.3,51.1,1001.7,9.5,0.0
42181099999,"NEW DELHI PALAM, IN",28.567,77.1,233.0,2022-06-02,2022,99.8,109.7,89.2,54.2,1002.5,8.0,0.0
42181099999,"NEW DELHI PALAM, IN",28.567,77.1,233.0,2022-06-06,2022,101.4,110.0,91.8,67.6,1003.5,4.9,0.31
42181099999,"NEW DELHI PALAM, IN",28.567,77.1,233.0,2022-06-12,2022,100.0,112.0,92.4,57.8,997.2,9.6,0.0
42181099999,"NEW DELHI PALAM, IN",28.567,77.1,233.0,2022-06-15,2022,98.7,109.7,91.5,58.5,1010.4,5.6,0.0
42181099999,"NEW DELHI PALAM, IN",28.567,77.1,233.0,2022-06-20,2022,97.3,110.0,88.2,59.7,1002.9,6.9,0.0
42181099999,"NEW DELHI PALAM, IN",28.567,77.1,233.0,2022-06-24,2022,93.8,107.8,80.9,63.9,1005.3,8.7,0.0
42339099999,"JAIPUR SANGANER, IN",26.824,75.812,390.0,2022-04-02,2022,95.9,108.6,84.6,48.1,1006.8,13.1,0.0
42339099999,"JAIPUR SANGANER, IN",26.824,75.812,390.0,2022-04-06,2022,91.1,99.6,80.0,54.8,1008.4,9.6,0.0
42339099999,"JAIPUR SANGANER, IN",26.824,75.812,390.0,2022-04-09,2022,92.6,102.4,84.2,49.7,1004.2,5.7,0.0
42339099999,"JAIPUR SANGANER, IN",26.824,75.812,390.0,2022-04-15,2022,94.7,108.2,87.1,45.2,1004.1,14.7,0.0
42339099999,"JAIPUR SANGANER, IN",26.824,75.812,390.0,2022-04-19,2022,93.8,103.2,82.9,54.3,1002.2,9.4,0.0
42339099999,"JAIPUR SANGANER, IN",26.824,75.812,390.0,2022-04-23,2022,100.8,112.8,93.8,48.7,1003.4,14.3,0.0
42339099999,"JAIPUR SANGANER, IN",26.824,75.812,390.0,2022-04-28,2022,99.5,109.5,87.7,46.7,1004.5,14.2,0.0
42339099999,"JAIPUR SANGANER, IN",26.824,75.812,390.0,2022-05-03,2022,101.1,112.8,92.5,45.0,1004.4,12.0,0.0
42339099999,"JAIPUR SANGANER, IN",26.824,75.812,390.0,2022-05-06,2022,98.7,110.0,90.2,55.7,1001.5,10.5,0.08
42339099999,"JAIPUR SANGANER, IN",26.824,75.812,390.0,2022-05-12,2022,95.0,105.0,84.6,54.5,1004.6,10.1,0.0
42339099999,"JAIPUR SANGANER, IN",26.824,75.812,390.0,2022-05-16,2022,98.9,109.5,88.8,53.8,1002.6,8.4,0.0
42339099999,"JAIPUR SANGANER, IN",26.824,75.812,390.0,2022-05-19,2022,98.9,106.9,91.6,53.5,1002.6,14.8,0.0
42339099999,"JAIPUR SANGANER, IN",26.824,75.812,390.0,2022-05-24,2022,102.8,114.8,93.9,54.3,1001.6,9.0,0.0
42339099999,"JAIPUR SANGANER, IN",26.824,75.812,390.0,2022-05-28,2022,99.6,112.0,91.5,47.8,1005.6,13.0,0.0
42339099999,"JAIPUR SANGANER, IN",26.824,75.812,390.0,2022-06-02,2022,100.4,110.6,89.4,48.5,1005.9,11.7,0.0
42339099999,"JAIPUR SANGANER, IN",26.824,75.812,390.0,2022-06-07,2022,98.1,110.9,88.3,55.9,1007.8,14.0,0.0
42339099999,"JAIPUR SANGANER, IN",26.824,75.812,390.0,2022-06-12,2022,95.8,108.2,86.2,48.8,1002.2,11.3,0.0
42339099999,"JAIPUR SANGANER, IN",26.824,75.812,390.0,2022-06-16,2022,93.9,107.1,86.5,51.9,1004.7,6.5,0.0
42339099999,"JAIPUR SANGANER, IN",26.824,75.812,390.0,2022-06-21,2022,95.9,106.7,86.8,55.9,1004.0,7.1,0.0
42339099999,"JAIPUR SANGANER, IN",26.824,75.812,390.0,2022-06-25,2022,98.2,108.6,86.5,51.0,1009.4,8.0,0.0
42348099999,"JODHPUR, IN",26.251,73.048,224.0,2022-04-01,2022,99.4,111.3,89.7,42.8,999.3,8.9,0.0
42348099999,"JODHPUR, IN",26.251,73.048,224.0,2022-04-06,2022,99.9,115.3,86.0,45.3,1003.8,9.3,0.0
42348099999,"JODHPUR, IN",26.251,73.048,224.0,2022-04-10,2022,100.6,109.7,89.8,45.9,999.9,4.5,0.0
42348099999,"JODHPUR, IN",26.251,73.048,224.0,2022-04-15,2022,96.5,106.7,82.8,44.4,1004.1,8.2,0.0
42348099999,"JODHPUR, IN",26.251,73.048,224.0,2022-04-19,2022,101.4,111.2,93.0,41.2,1002.4,13.6,0.01
42348099999,"JODHPUR, IN",26.251,73.048,224.0,2022-04-23,2022,102.4,111.4,90.4,42.7,1002.4,9.6,0.0
42348099999,"JODHPUR, IN",26.251,73.048,224.0,2022-04-27,2022,102.1,116.3,93.1,41.6,1002.9,7.1,0.0
42348099999,"JODHPUR, IN",26.251,73.048,224.0,2022-05-03,2022,103.9,115.1,91.6,50.5,1004.6,4.8,0.0
42348099999,"JODHPUR, IN",26.251,73.048,224.0,2022-05-06,2022,99.3,113.7,87.9,42.4,1003.3,4.4,0.0
42348099999,"JODHPUR, IN",26.251,73.048,224.0,2022-05-11,2022,104.3,119.1,91.3,48.3,1011.6,5.1,0.0
42348099999,"JODHPUR, IN",26.251,73.048,224.0,2022-05-16,2022,104.5,113.9,93.3,50.7,1004.4,10.5,0.0
42348099999,"JODHPUR, IN",26.251,73.048,224.0,2022-05-20,2022,104.6,115.2,95.2,44.9,1003.9,13.3,0.0
42348099999,"JODHPUR, IN",26.251,73.048,224.0,2022-05-25,2022,100.9,111.6,89.9,45.3,1000.8,7.3,0.0
42348099999,"JODHPUR, IN",26.251,73.048,224.0,2022-05-29,2022,102.7,115.2,91.6,55.5,997.3,5.9,0.0
42348099999,"JODHPUR, IN",26.251,73.048,224.0,2022-06-03,2022,103.8,116.9,92.8,39.7,1000.8,11.9,0.0
42348099999,"JODHPUR, IN",26.251,73.048,224.0,2022-06-07,2022,104.3,116.1,93.1,46.5,999.3,8.3,0.0
42348099999,"JODHPUR, IN",26.251,73.048,224.0,2022-06-12,2022,99.1,108.9,86.8,48.9,1000.2,7.2,0.0
42348099999,"JODHPUR, IN",26.251,73.048,224.0,2022-06-16,2022,100.8,111.0,89.3,46.4,1000.4,11.6,0.0
42348099999,"JODHPUR, IN",26.251,73.048,224.0,2022-06-21,2022,104.8,114.2,96.7,48.7,996.9,9.3,0.0
42348099999,"JODHPUR, IN",26.251,73.048,224.0,2022-06-24,2022,99.4,112.5,86.8,43.6,1004.1,5.0,0.05
42369099999,"BIKANER, IN",28.07,73.35,242.0,2022-04-02,2022,96.0,111.5,85.1,45.7,1003.3,12.2,0.0
42369099999,"BIKANER, IN",28.07,73.35,242.0,2022-04-05,2022,100.7,115.2,87.0,41.4,1001.2,4.9,0.0
42369099999,"BIKANER, IN",28.07,73.35,242.0,2022-04-09,2022,98.1,112.3,87.8,43.6,1006.4,13.1,0.0
42369099999,"BIKANER, IN",28.07,73.35,242.0,2022-04-14,2022,101.1,114.0,88.7,41.2,1004.3,13.5,0.0
42369099999,"BIKANER, IN",28.07,73.35,242.0,2022-04-18,2022,106.0,118.5,97.1,50.3,998.2,8.1,0.0
42369099999,"BIKANER, IN",28.07,73.35,242.0,2022-04-24,2022,100.4,114.0,89.6,51.3,1000.2,10.9,0.0
42369099999,"BIKANER, IN",28.07,73.35,242.0,2022-04-27,2022,103.0,114.4,91.8,49.3,999.7,10.5,0.0
42369099999,"BIKANER, IN",28.07,73.35,242.0,2022-05-03,2022,102.4,115.1,89.4,33.2,999.4,13.2,0.0
42369099999,"BIKANER, IN",28.07,73.35,242.0,2022-05-07,2022,102.2,114.2,91.2,41.2,1006.1,4.8,0.07
42369099999,"BIKANER, IN",28.07,73.35,242.0,2022-05-11,2022,99.4,115.4,87.4,44.4,1002.3,6.7,0.12
42369099999,"BIKANER, IN",28.07,73.35,242.0,2022-05-15,2022,106.6,122.6,96.0,40.5,1004.9,12.1,0.0
42369099999,"BIKANER, IN",28.07,73.35,242.0,2022-05-19,2022,103.0,117.9,93.1,42.3,1003.2,10.9,0.0
42369099999,"BIKANER, IN",28.07,73.35,242.0,2022-05-25,2022,103.3,112.0,93.8,43.8,1002.2,999.9,0.0
42369099999,"BIKANER, IN",28.07,73.35,242.0,2022-05-29,2022,101.6,112.9,92.4,46.7,1003.7,7.6,0.0
42369099999,"BIKANER, IN",28.07,73.35,242.0,2022-06-02,2022,106.1,121.5,95.5,41.2,1007.3,11.0,0.0
42369099999,"BIKANER, IN",28.07,73.35,242.0,2022-06-06,2022,96.8,107.3,88.7,45.6,1003.5,8.1,0.0
42369099999,"BIKANER, IN",28.07,73.35,242.0,2022-06-11,2022,101.7,113.7,89.4,43.7,1001.5,9.1,0.0
42369099999,"BIKANER, IN",28.07,73.35,242.0,2022-06-15,2022,99.2,110.3,85.7,43.8,1004.1,9.1,0.0
42369099999,"BIKANER, IN",28.07,73.35,242.0,2022-06-21,2022,100.3,111.0,87.6,43.4,1004.2,6.7,0.11
42369099999,"BIKANER, IN",28.07,73.35,242.0,2022-06-24,2022,99.7,111.2,88.8,49.5,1003.6,7.3,0.0
42379099999,"CHURU, IN",28.29,74.97,286.0,2022-04-01,2022,95.7,108.3,86.3,44.0,1003.9,11.8,0.11
42379099999,"CHURU, IN",28.29,74.97,286.0,2022-04-05,2022,100.1,112.0,91.8,46.1,1002.3,9.0,0.0
42379099999,"CHURU, IN",28.29,74.97,286.0,2022-04-10,2022,102.6,110.7,93.8,43.8,1003.4,12.7,0.0
42379099999,"CHURU, IN",28.29,74.97,286.0,2022-04-15,2022,99.8,113.0,86.6,45.3,1004.7,12.5,0.0
42379099999,"CHURU, IN",28.29,74.97,286.0,2022-04-19,2022,102.9,117.9,94.7,49.5,1005.3,4.7,0.0
42379099999,"CHURU, IN",28.29,74.97,286.0,2022-04-24,2022,101.6,117.5,89.1,48.9,1001.2,11.0,0.0
42379099999,"CHURU, IN",28.29,74.97,286.0,2022-04-28,2022,102.9,117.2,93.1,45.7,1002.2,7.7,0.0
42379099999,"CHURU, IN",28.29,74.97,286.0,2022-05-02,2022,103.9,113.3,92.3,42.9,1007.2,7.8,0.0
42379099999,"CHURU, IN",28.29,74.97,286.0,2022-05-07,2022,100.3,112.0,88.3,41.3,1004.9,13.0,0.0
42379099999,"CHURU, IN",28.29,74.97,286.0,2022-05-12,2022,105.0,120.9,95.2,48.7,1003.6,13.6,0.0
42379099999,"CHURU, IN",28.29,74.97,286.0,2022-05-16,2022,103.0,111.9,92.7,42.6,1002.2,7.6,0.0
42379099999,"CHURU, IN",28.29,74.97,286.0,2022-05-20,2022,101.3,111.5,89.9,50.1,1001.6,10.9,0.0
42379099999,"CHURU, IN",28.29,74.97,286.0,2022-05-25,2022,100.7,114.9,91.3,44.9,1003.0,12.0,0.0
42379099999,"CHURU, IN",28.29,74.97,286.0,2022-05-28,2022,101.2,114.2,87.8,42.9,1002.6,10.5,0.0
42379099999,"CHURU, IN",28.29,74.97,286.0,2022-06-02,2022,102.8,118.0,92.8,44.2,1000.8,8.2,0.0
42379099999,"CHURU, IN",28.29,74.97,286.0,2022-06-07,2022,102.2,116.8,92.6,40.4,998.5,12.2,0.0
42379099999,"CHURU, IN",28.29,74.97,286.0,2022-06-11,2022,99.2,111.0,90.8,45.3,1002.8,11.5,0.0
42379099999,"CHURU, IN",28.29,74.97,286.0,2022-06-16,2022,104.0,112.7,93.6,49.6,1001.6,6.6,0.0
42379099999,"CHURU, IN",28.29,74.97,286.0,2022-06-21,2022,99.4,114.0,85.7,42.2,1002.0,5.1,0.0
42379099999,"CHURU, IN",28.29,74.97,286.0,2022-06-24,2022,98.2,111.4,86.4,47.5,999.9,8.6,0.0
42475099999,"AGRA KHERIA, IN",27.156,77.961,169.0,2022-04-01,2022,97.3,107.4,87.3,65.9,1002.7,3.7,0.0
42475099999,"AGRA KHERIA, IN",27.156,77.961,169.0,2022-04-06,2022,98.0,110.1,86.6,61.7,1001.8,9.2,0.0
42475099999,"AGRA KHERIA, IN",27.156,77.961,169.0,2022-04-10,2022,98.3,106.5,89.1,58.3,1003.3,6.1,0.0
42475099999,"AGRA KHERIA, IN",27.156,77.961,169.0,2022-04-15,2022,96.5,104.9,87.8,58.3,1004.5,9.8,0.0
42475099999,"AGRA KHERIA, IN",27.156,77.961,169.0,2022-04-18,2022,103.2,111.6,94.2,63.0,1009.5,9.9,0.0
42475099999,"AGRA KHERIA, IN",27.156,77.961,169.0,2022-04-23,2022,97.8,111.5,89.4,62.6,1003.6,8.4,0.0
42475099999,"AGRA KHERIA, IN",27.156,77.961,169.0,2022-04-27,2022,106.7,118.4,94.9,54.2,1000.5,3.8,0.0
42475099999,"AGRA KHERIA, IN",27.156,77.961,169.0,2022-05-03,2022,99.5,107.6,90.9,47.6,1001.4,3.9,0.0
42475099999,"AGRA KHERIA, IN",27.156,77.961,169.0,2022-05-07,2022,99.4,111.0,91.7,59.0,1004.0,6.5,0.0
42475099999,"AGRA KHERIA, IN",27.156,77.961,169.0,2022-05-12,2022,107.0,118.2,94.2,63.0,1001.3,3.4,0.0
42475099999,"AGRA KHERIA, IN",27.156,77.961,169.0,2022-05-16,2022,99.3,107.8,91.8,60.7,999.0,7.3,0.12
42475099999,"AGRA KHERIA, IN",27.156,77.961,169.0,2022-05-20,2022,106.9,118.0,96.2,64.1,1001.6,3.7,0.0
42475099999,"AGRA KHERIA, IN",27.156,77.961,169.0,2022-05-24,2022,96.8,107.8,84.4,65.0,1002.7,5.9,0.0
42475099999,"AGRA KHERIA, IN",27.156,77.961,169.0,2022-05-29,2022,104.7,117.3,95.4,50.2,1001.2,4.1,0.0
42475099999,"AGRA KHERIA, IN",27.156,77.961,169.0,2022-06-02,2022,100.8,114.0,91.6,58.4,1001.6,3.9,0.38
42475099999,"AGRA KHERIA, IN",27.156,77.961,169.0,2022-06-07,2022,101.9,115.9,90.5,52.9,1002.6,9.8,0.0
42475099999,"AGRA KHERIA, IN",27.156,77.961,169.0,2022-06-12,2022,99.7,109.2,92.0,60.8,1005.1,8.9,0.0
42475099999,"AGRA KHERIA, IN",27.156,77.961,169.0,2022-06-15,2022,95.7,107.9,84.7,50.5,1006.8,7.9,0.12
42475099999,"AGRA KHERIA, IN",27.156,77.961,169.0,2022-06-20,2022,98.8,112.9,88.4,54.5,1007.7,5.8,0.0
42475099999,"AGRA KHERIA, IN",27.156,77.961,169.0,2022-06-24,2022,97.4,108.0,87.6,64.1,1003.2,4.1,0.0
42492099999,"GWALIOR, IN",26.294,78.258,188.0,2022-04-01,2022,101.6,110.7,90.0,67.0,1002.3,3.3,0.19
42492099999,"GWALIOR, IN",26.294,78.258,188.0,2022-04-05,2022,99.4,112.6,91.7,61.4,1007.1,6.0,0.0
42492099999,"GWALIOR, IN",26.294,78.258,188.0,2022-04-09,2022,94.8,104.3,81.8,61.6,1006.2,3.4,0.0
42492099999,"GWALIOR, IN",26.294,78.258,188.0,2022-04-15,2022,93.7,104.0,86.6,52.3,996.9,8.2,0.0
42492099999,"GWALIOR, IN",26.294,78.258,188.0,2022-04-19,2022,98.6,107.1,86.4,61.8,1007.5,3.3,0.37
42492099999,"GWALIOR, IN",26.294,78.258,188.0,2022-04-24,2022,100.3,110.4,90.9,66.3,998.9,9.8,0.0
42492099999,"GWALIOR, IN",26.294,78.258,188.0,2022-04-28,2022,95.9,104.5,83.8,57.9,1004.2,4.7,0.0
42492099999,"GWALIOR, IN",26.294,78.258,188.0,2022-05-03,2022,101.1,110.7,89.4,47.9,1002.7,3.5,0.0
42492099999,"GWALIOR, IN",26.294,78.258,188.0,2022-05-07,2022,97.9,110.9,85.9,61.5,1004.1,8.7,0.0
42492099999,"GWALIOR, IN",26.294,78.258,188.0,2022-05-11,2022,99.1,108.3,87.4,55.6,999.8,6.5,0.0
42492099999,"GWALIOR, IN",26.294,78.258,188.0,2022-05-16,2022,101.6,115.7,90.9,63.0,1000.0,4.1,0.19
42492099999,"GWALIOR, IN",26.294,78.258,188.0,2022-05-19,2022,103.2,113.4,93.5,55.5,1000.6,3.4,0.0
42492099999,"GWALIOR, IN",26.294,78.258,188.0,2022-05-25,2022,101.2,112.4,90.9,53.0,1001.3,8.5,0.0
42492099999,"GWALIOR, IN",26.294,78.258,188.0,2022-05-29,2022,97.8,110.1,87.8,68.0,1003.1,9.7,0.0
42492099999,"GWALIOR, IN",26.294,78.258,188.0,2022-06-02,2022,98.8,110.3,90.8,59.3,1002.7,4.7,0.0
42492099999,"GWALIOR, IN",26.294,78.258,188.0,2022-06-07,2022,99.5,113.9,90.2,61.3,1005.3,8.4,0.0
42492099999,"GWALIOR, IN",26.294,78.258,188.0,2022-06-12,2022,97.8,106.5,86.8,55.3,1002.2,5.0,0.0
42492099999,"GWALIOR, IN",26.294,78.258,188.0,2022-06-16,2022,92.2,100.7,81.2,50.6,1007.1,9.4,0.0
42492099999,"GWALIOR, IN",26.294,78.258,188.0,2022-06-20,2022,102.5,112.6,93.2,57.0,1004.7,8.5,0.0
42492099999,"GWALIOR, IN",26.294,78.258,188.0,2022-06-24,2022,97.9,110.4,88.4,73.6,1006.4,5.5,0.0
42515099999,"LUCKNOW AMAUSI, IN",26.761,80.883,128.0,2022-04-02,2022,92.7,100.6,82.7,63.4,1000.0,4.5,0.0
42515099999,"LUCKNOW AMAUSI, IN",26.761,80.883,128.0,2022-04-05,2022,93.9,104.2,84.4,64.2,1000.4,7.5,0.0
42515099999,"LUCKNOW AMAUSI, IN",26.761,80.883,128.0,2022-04-09,2022,92.6,103.2,86.4,62.9,1008.2,5.9,0.0
42515099999,"LUCKNOW AMAUSI, IN",26.761,80.883,128.0,2022-04-15,2022,96.9,105.0,89.9,67.2,1007.7,9.8,0.0
42515099999,"LUCKNOW AMAUSI, IN",26.761,80.883,128.0,2022-04-19,2022,95.6,104.9,88.5,63.8,1007.8,6.0,0.0
42515099999,"LUCKNOW AMAUSI, IN",26.761,80.883,128.0,2022-04-23,2022,97.1,108.5,90.9,63.1,1003.5,6.6,0.0
42515099999,"LUCKNOW AMAUSI, IN",26.761,80.883,128.0,2022-04-27,2022,94.4,102.8,85.4,61.7,1006.3,5.3,0.0
42515099999,"LUCKNOW AMAUSI, IN",26.761,80.883,128.0,2022-05-02,2022,101.0,112.1,91.4,61.6,1005.4,9.5,0.0
42515099999,"LUCKNOW AMAUSI, IN",26.761,80.883,128.0,2022-05-06,2022,95.6,104.5,89.5,65.3,1002.5,9.6,0.0
42515099999,"LUCKNOW AMAUSI, IN",26.761,80.883,128.0,2022-05-12,2022,95.4,106.9,87.5,67.4,1001.9,8.9,0.0
42515099999,"LUCKNOW AMAUSI, IN",26.761,80.883,128.0,2022-05-15,2022,97.9,106.2,88.6,67.0,1003.4,7.1,0.0
42515099999,"LUCKNOW AMAUSI, IN",26.761,80.883,128.0,2022-05-20,2022,95.3,102.9,88.3,64.9,1005.9,7.7,0.0
42515099999,"LUCKNOW AMAUSI, IN",26.761,80.883,128.0,2022-05-24,2022,98.2,108.4,89.9,9999.9,1004.2,8.2,0.0
42515099999,"LUCKNOW AMAUSI, IN",26.761,80.883,128.0,2022-05-28,2022,98.6,108.9,92.2,60.5,1005.4,9.8,0.33
42515099999,"LUCKNOW AMAUSI, IN",26.761,80.883,128.0,2022-06-03,2022,95.0,106.3,88.8,69.5,1002.1,6.0,0.0
42515099999,"LUCKNOW AMAUSI, IN",26.761,80.883,128.0,2022-06-06,2022,92.2,102.8,83.7,60.7,1004.1,8.5,0.0
42515099999,"LUCKNOW AMAUSI, IN",26.761,80.883,128.0,2022-06-11,2022,96.1,107.3,87.4,63.6,1005.6,9.9,0.0
42515099999,"LUCKNOW AMAUSI, IN",26.761,80.883,128.0,2022-06-16,2022,91.3,98.4,84.5,66.9,1001.0,8.6,0.0
42515099999,"LUCKNOW AMAUSI, IN",26.761,80.883,128.0,2022-06-21,2022,92.8,101.0,83.7,67.4,1001.8,4.7,0.0
42515099999,"LUCKNOW AMAUSI, IN",26.761,80.883,128.0,2022-06-24,2022,92.9,103.9,85.1,71.2,1002.6,6.1,0.0
42591099999,"VARANASI BABATPUR, IN",25.452,82.859,81.0,2022-04-02,2022,94.8,103.6,85.6,62.7,1005.3,5.2,0.28
42591099999,"VARANASI BABATPUR, IN",25.452,82.859,81.0,2022-04-06,2022,96.8,105.4,90.4,57.3,1002.0,7.8,0.0
42591099999,"VARANASI BABATPUR, IN",25.452,82.859,81.0,2022-04-10,2022,95.5,104.7,86.6,66.4,1004.9,9.4,0.0
42591099999,"VARANASI BABATPUR, IN",25.452,82.859,81.0,2022-04-14,2022,93.4,100.8,84.9,67.5,1003.6,5.9,0.0
42591099999,"VARANASI BABATPUR, IN",25.452,82.859,81.0,2022-04-19,2022,98.0,105.2,91.7,68.2,1004.8,8.6,0.0
42591099999,"VARANASI BABATPUR, IN",25.452,82.859,81.0,2022-04-24,2022,95.1,106.9,87.6,65.2,1002.9,8.5,0.0
42591099999,"VARANASI BABATPUR, IN",25.452,82.859,81.0,2022-04-27,2022,97.2,109.0,91.1,65.5,1004.7,4.7,0.0
42591099999,"VARANASI BABATPUR, IN",25.452,82.859,81.0,2022-05-03,2022,101.4,109.5,93.0,70.7,1003.2,8.0,0.0
42591099999,"VARANASI BABATPUR, IN",25.452,82.859,81.0,2022-05-06,2022,99.7,111.2,91.9,65.6,998.9,4.1,0.0
42591099999,"VARANASI BABATPUR, IN",25.452,82.859,81.0,2022-05-11,2022,95.0,104.8,87.9,59.7,1003.1,5.4,0.0
42591099999,"VARANASI BABATPUR, IN",25.452,82.859,81.0,2022-05-16,2022,97.3,106.9,90.9,73.9,1004.8,4.8,0.48
42591099999,"VARANASI BABATPUR, IN",25.452,82.859,81.0,2022-05-19,2022,96.8,106.9,90.4,70.5,998.5,5.5,0.0
42591099999,"VARANASI BABATPUR, IN",25.452,82.859,81.0,2022-05-24,2022,97.6,105.3,90.4,70.3,1000.3,4.0,0.0
42591099999,"VARANASI BABATPUR, IN",25.452,82.859,81.0,2022-05-28,2022,99.4,110.3,92.9,68.6,1003.0,6.8,0.0
42591099999,"VARANASI BABATPUR, IN",25.452,82.859,81.0,2022-06-02,2022,97.9,106.5,89.1,76.3,1004.5,5.7,0.0
42591099999,"VARANASI BABATPUR, IN",25.452,82.859,81.0,2022-06-07,2022,96.6,104.2,89.4,65.4,1001.9,7.0,0.0
42591099999,"VARANASI BABATPUR, IN",25.452,82.859,81.0,2022-06-12,2022,97.3,108.5,89.0,63.8,1004.2,8.9,0.07
42591099999,"VARANASI BABATPUR, IN",25.452,82.859,81.0,2022-06-16,2022,93.9,104.0,87.7,69.1,1004.8,9.3,0.0
42591099999,"VARANASI BABATPUR, IN",25.452,82.859,81.0,2022-06-21,2022,96.5,105.0,90.2,65.2,1003.3,3.9,0.0
42591099999,"VARANASI BABATPUR, IN",25.452,82.859,81.0,2022-06-25,2022,91.4,102.7,84.2,65.4,1004.9,9.9,0.0
42410099999,"PATNA AIRPORT, IN",25.591,85.088,52.0,2022-04-01,2022,94.5,103.1,86.6,63.5,1006.2,5.2,0.0
42410099999,"PATNA AIRPORT, IN",25.591,85.088,52.0,2022-04-06,2022,96.6,104.8,87.1,68.9,1008.7,4.5,0.0
42410099999,"PATNA AIRPORT, IN",25.591,85.088,52.0,2022-04-10,2022,92.5,104.5,84.6,62.2,999.6,9.2,0.0
42410099999,"PATNA AIRPORT, IN",25.591,85.088,52.0,2022-04-14,2022,98.1,106.1,90.7,69.8,1003.9,3.8,0.0
42410099999,"PATNA AIRPORT, IN",25.591,85.088,52.0,2022-04-18,2022,95.9,107.2,88.2,62.7,1010.1,9.2,0.0
42410099999,"PATNA AIRPORT, IN",25.591,85.088,52.0,2022-04-23,2022,96.2,105.0,89.1,67.6,1005.8,6.0,0.0
42410099999,"PATNA AIRPORT, IN",25.591,85.088,52.0,2022-04-27,2022,97.4,105.0,91.0,68.1,1002.0,5.9,0.0
42410099999,"PATNA AIRPORT, IN",25.591,85.088,52.0,2022-05-03,2022,97.9,107.4,91.7,74.7,1007.4,4.4,0.0
42410099999,"PATNA AIRPORT, IN",25.591,85.088,52.0,2022-05-06,2022,100.5,109.2,92.1,65.2,1001.5,4.6,0.0
42410099999,"PATNA AIRPORT, IN",25.591,85.088,52.0,2022-05-12,2022,97.0,107.5,89.8,67.4,1006.7,8.8,0.0
42410099999,"PATNA AIRPORT, IN",25.591,85.088,52.0,2022-05-15,2022,93.6,103.6,86.5,73.3,1003.6,7.8,0.0
42410099999,"PATNA AIRPORT, IN",25.591,85.088,52.0,2022-05-20,2022,96.3,104.2,87.8,63.2,999.9,7.5,0.0
42410099999,"PATNA AIRPORT, IN",25.591,85.088,52.0,2022-05-24,2022,98.9,106.9,91.2,67.5,1000.8,6.2,0.0
42410099999,"PATNA AIRPORT, IN",25.591,85.088,52.0,2022-05-29,2022,94.0,105.4,85.1,65.9,1008.2,3.9,0.16
42410099999,"PATNA AIRPORT, IN",25.591,85.088,52.0,2022-06-03,2022,95.9,107.7,88.0,61.2,1003.4,7.0,0.0
42410099999,"PATNA AIRPORT, IN",25.591,85.088,52.0,2022-06-07,2022,95.4,105.5,88.7,56.4,1003.9,5.1,0.0
42410099999,"PATNA AIRPORT, IN",25.591,85.088,52.0,2022-06-12,2022,94.9,105.5,86.2,70.0,1008.6,6.7,0.0
42410099999,"PATNA AIRPORT, IN",25.591,85.088,52.0,2022-06-16,2022,97.4,105.0,88.7,66.1,1001.2,6.0,0.0
42410099999,"PATNA AIRPORT, IN",25.591,85.088,52.0,2022-06-21,2022,99.9,107.1,90.0,67.4,1004.0,4.0,0.0
42410099999,"PATNA AIRPORT, IN",25.591,85.088,52.0,2022-06-25,2022,93.5,105.2,84.7,68.0,1003.6,4.4,0.0
42731099999,"KOLKATA DUM DUM, IN",22.655,88.447,6.0,2022-04-01,2022,87.8,94.3,83.6,75.0,1007.9,999.9,0.0
42731099999,"KOLKATA DUM DUM, IN",22.655,88.447,6.0,2022-04-05,2022,88.2,93.8,81.4,74.6,1008.2,12.9,0.0
42731099999,"KOLKATA DUM DUM, IN",22.655,88.447,6.0,2022-04-09,2022,89.1,96.7,84.8,80.1,1002.7,10.2,0.0
42731099999,"KOLKATA DUM DUM, IN",22.655,88.447,6.0,2022-04-14,2022,91.9,97.6,85.4,79.5,1003.9,13.4,1.02
42731099999,"KOLKATA DUM DUM, IN",22.655,88.447,6.0,2022-04-19,2022,89.8,97.3,85.7,75.4,1005.2,10.1,1.18
42731099999,"KOLKATA DUM DUM, IN",22.655,88.447,6.0,2022-04-24,2022,89.3,96.9,84.9,73.6,1011.5,9.5,0.0
42731099999,"KOLKATA DUM DUM, IN",22.655,88.447,6.0,2022-04-28,2022,92.7,99.5,88.6,79.5,1009.4,8.0,0.0
42731099999,"KOLKATA DUM DUM, IN",22.655,88.447,6.0,2022-05-03,2022,89.2,96.5,83.6,75.0,1009.0,5.8,0.0
42731099999,"KOLKATA DUM DUM, IN",22.655,88.447,6.0,2022-05-06,2022,89.1,93.2,84.0,78.1,1007.5,9.0,0.0
42731099999,"KOLKATA DUM DUM, IN",22.655,88.447,6.0,2022-05-12,2022,90.8,97.4,84.7,78.1,1008.9,5.6,0.44
42731099999,"KOLKATA DUM DUM, IN",22.655,88.447,6.0,2022-05-16,2022,90.9,97.6,84.9,79.3,1005.8,13.5,0.0
42731099999,"KOLKATA DUM DUM, IN",22.655,88.447,6.0,2022-05-20,2022,92.6,99.6,86.8,77.8,1007.4,8.7,0.0
42731099999,"KOLKATA DUM DUM, IN",22.655,88.447,6.0,2022-05-24,2022,92.0,99.0,85.9,73.2,1009.8,10.4,0.0
42731099999,"KOLKATA DUM DUM, IN",22.655,88.447,6.0,2022-05-28,2022,90.9,95.2,85.3,75.1,1010.1,9.5,0.0
42731099999,"KOLKATA DUM DUM, IN",22.655,88.447,6.0,2022-06-02,2022,89.8,96.5,83.6,72.8,1004.9,9.4,0.0
42731099999,"KOLKATA DUM DUM, IN",22.655,88.447,6.0,2022-06-07,2022,91.8,97.7,87.7,73.2,1011.5,9.2,0.0
42731099999,"KOLKATA DUM DUM, IN",22.655,88.447,6.0,2022-06-11,2022,86.7,93.0,82.6,80.6,1008.4,8.1,1.19
42731099999,"KOLKATA DUM DUM, IN",22.655,88.447,6.0,2022-06-15,2022,90.0,95.1,85.4,75.0,1008.8,6.2,0.0
42731099999,"KOLKATA DUM DUM, IN",22.655,88.447,6.0,2022-06-21,2022,89.6,95.4,82.8,79.1,1008.2,8.4,1.16
42731099999,"KOLKATA DUM DUM, IN",22.655,88.447,6.0,2022-06-24,2022,89.6,94.3,84.0,75.5,9999.9,9.8,0.0
42971099999,"BHUBANESWAR, IN",20.244,85.818,46.0,2022-04-02,2022,89.4,95.3,83.3,72.1,1005.3,8.8,0.0
42971099999,"BHUBANESWAR, IN",20.244,85.818,46.0,2022-04-05,2022,90.5,98.3,84.3,76.8,1007.6,6.0,0.0
42971099999,"BHUBANESWAR, IN",20.244,85.818,46.0,2022-04-09,2022,89.6,94.5,85.4,77.2,1006.9,10.3,0.0
42971099999,"BHUBANESWAR, IN",20.244,85.818,46.0,2022-04-14,2022,88.6,94.2,83.9,76.8,1006.0,7.0,0.0
42971099999,"BHUBANESWAR, IN",20.244,85.818,46.0,2022-04-19,2022,91.1,97.4,84.8,72.1,1010.1,12.4,0.0
42971099999,"BHUBANESWAR, IN",20.244,85.818,46.0,2022-04-24,2022,91.6,96.8,87.4,77.0,1010.0,13.5,0.0
42971099999,"BHUBANESWAR, IN",20.244,85.818,46.0,2022-04-28,2022,94.0,98.2,88.9,78.9,1004.3,10.8,0.0
42971099999,"BHUBANESWAR, IN",20.244,85.818,46.0,2022-05-03,2022,88.9,94.4,82.7,74.8,1008.1,9.3,0.0
42971099999,"BHUBANESWAR, IN",20.244,85.818,46.0,2022-05-06,2022,92.3,98.5,85.4,74.5,1008.4,10.0,0.37
42971099999,"BHUBANESWAR, IN",20.244,85.818,46.0,2022-05-12,2022,90.1,94.5,83.9,74.8,1005.2,6.7,0.0
42971099999,"BHUBANESWAR, IN",20.244,85.818,46.0,2022-05-15,2022,89.8,97.1,84.1,73.0,1006.0,11.0,0.33
42971099999,"BHUBANESWAR, IN",20.244,85.818,46.0,2022-05-19,2022,93.4,101.1,86.5,74.0,1013.3,6.1,0.0
42971099999,"BHUBANESWAR, IN",20.244,85.818,46.0,2022-05-24,2022,92.3,97.9,87.6,76.8,1006.3,7.9,0.0
42971099999,"BHUBANESWAR, IN",20.244,85.818,46.0,2022-05-29,2022,92.5,98.5,87.0,74.9,1008.2,5.9,0.0
42971099999,"BHUBANESWAR, IN",20.244,85.818,46.0,2022-06-03,2022,95.6,100.8,91.5,76.1,1010.3,12.8,0.0
42971099999,"BHUBANESWAR, IN",20.244,85.818,46.0,2022-06-07,2022,89.5,94.7,84.9,76.3,1011.5,7.1,0.0
42971099999,"BHUBANESWAR, IN",20.244,85.818,46.0,2022-06-12,2022,89.3,94.3,82.8,80.9,1009.4,13.7,0.0
42971099999,"BHUBANESWAR, IN",20.244,85.818,46.0,2022-06-15,2022,89.1,93.7,83.5,77.9,1009.9,6.7,0.0
42971099999,"BHUBANESWAR, IN",20.244,85.818,46.0,2022-06-20,2022,90.8,98.6,84.8,72.4,1006.5,11.9,0.0
42971099999,"BHUBANESWAR, IN",20.244,85.818,46.0,2022-06-24,2022,88.9,93.8,83.5,76.2,1009.2,5.5,0.0
42647099999,"AHMEDABAD AIRPORT, IN",23.073,72.635,55.0,2022-04-01,2022,93.2,99.2,85.9,69.3,1005.8,3.1,0.0
42647099999,"AHMEDABAD AIRPORT, IN",23.073,72.635,55.0,2022-04-06,2022,94.7,104.7,86.0,75.0,1007.2,3.6,0.17
42647099999,"AHMEDABAD AIRPORT, IN",23.073,72.635,55.0,2022-04-10,2022,95.6,105.6,90.3,74.7,1004.9,8.8,0.0
42647099999,"AHMEDABAD AIRPORT, IN",23.073,72.635,55.0,2022-04-14,2022,91.1,100.4,82.7,74.6,1005.4,999.9,0.35
42647099999,"AHMEDABAD AIRPORT, IN",23.073,72.635,55.0,2022-04-18,2022,95.4,101.9,87.1,69.5,1002.8,6.9,0.0
42647099999,"AHMEDABAD AIRPORT, IN",23.073,72.635,55.0,2022-04-23,2022,97.5,104.7,88.9,73.2,1006.4,7.2,0.0
42647099999,"AHMEDABAD AIRPORT, IN",23.073,72.635,55.0,2022-04-28,2022,95.9,106.4,88.6,73.4,1006.9,3.2,0.0
42647099999,"AHMEDABAD AIRPORT, IN",23.073,72.635,55.0,2022-05-03,2022,95.1,105.8,88.9,73.6,1004.1,6.4,0.0
42647099999,"AHMEDABAD AIRPORT, IN",23.073,72.635,55.0,2022-05-07,2022,95.5,105.3,89.9,72.4,1005.4,8.9,0.0
42647099999,"AHMEDABAD AIRPORT, IN",23.073,72.635,55.0,2022-05-12,2022,95.6,102.7,90.3,77.1,1003.2,6.6,0.0
42647099999,"AHMEDABAD AIRPORT, IN",23.073,72.635,55.0,2022-05-16,2022,96.2,106.1,89.4,72.0,1007.9,4.4,0.0
42647099999,"AHMEDABAD AIRPORT, IN",23.073,72.635,55.0,2022-05-20,2022,96.9,103.3,89.4,76.4,1002.0,7.8,0.0
42647099999,"AHMEDABAD AIRPORT, IN",23.073,72.635,55.0,2022-05-24,2022,96.9,106.6,90.7,76.0,1005.2,3.6,0.3
42647099999,"AHMEDABAD AIRPORT, IN",23.073,72.635,55.0,2022-05-28,2022,98.4,106.5,91.1,71.7,1007.8,6.1,0.12
42647099999,"AHMEDABAD AIRPORT, IN",23.073,72.635,55.0,2022-06-03,2022,100.4,106.5,93.8,72.2,1004.1,7.7,0.0
42647099999,"AHMEDABAD AIRPORT, IN",23.073,72.635,55.0,2022-06-06,2022,98.5,107.9,92.8,78.0,1004.0,4.6,0.0
42647099999,"AHMEDABAD AIRPORT, IN",23.073,72.635,55.0,2022-06-12,2022,94.2,102.6,88.9,72.5,1002.3,4.5,0.0
42647099999,"AHMEDABAD AIRPORT, IN",23.073,72.635,55.0,2022-06-15,2022,92.8,99.5,87.8,70.3,1003.5,5.4,0.0
42647099999,"AHMEDABAD AIRPORT, IN",23.073,72.635,55.0,2022-06-21,2022,93.9,104.0,85.5,74.0,1008.1,8.8,0.31
42647099999,"AHMEDABAD AIRPORT, IN",23.073,72.635,55.0,2022-06-25,2022,91.5,102.3,85.3,76.3,1004.6,7.2,0.0
42671099999,"RAJKOT, IN",22.309,70.78,138.0,2022-04-02,2022,93.8,103.4,82.2,55.2,1001.8,7.0,0.0
42671099999,"RAJKOT, IN",22.309,70.78,138.0,2022-04-06,2022,95.5,109.1,87.5,52.9,1005.0,13.0,0.0
42671099999,"RAJKOT, IN",22.309,70.78,138.0,2022-04-10,2022,95.9,103.9,87.4,63.2,1002.7,7.5,0.0
42671099999,"RAJKOT, IN",22.309,70.78,138.0,2022-04-15,2022,94.6,105.7,84.9,49.4,1002.9,14.2,0.0
42671099999,"RAJKOT, IN",22.309,70.78,138.0,2022-04-18,2022,94.7,102.5,86.5,57.6,1006.8,11.6,0.0
42671099999,"RAJKOT, IN",22.309,70.78,138.0,2022-04-24,2022,95.6,109.4,87.0,48.5,1004.9,13.0,0.0
42671099999,"RAJKOT, IN",22.309,70.78,138.0,2022-04-27,2022,96.0,106.1,87.0,55.0,1004.4,12.7,0.0
42671099999,"RAJKOT, IN",22.309,70.78,138.0,2022-05-02,2022,94.0,103.1,82.4,59.2,1007.6,5.9,0.0
42671099999,"RAJKOT, IN",22.309,70.78,138.0,2022-05-06,2022,96.5,107.1,87.8,50.5,1004.6,6.0,0.0
42671099999,"RAJKOT, IN",22.309,70.78,138.0,2022-05-11,2022,99.1,106.2,90.4,55.2,1008.0,6.1,0.0
42671099999,"RAJKOT, IN",22.309,70.78,138.0,2022-05-15,2022,97.9,107.2,88.7,48.6,1001.2,9.6,0.0
42671099999,"RAJKOT, IN",22.309,70.78,138.0,2022-05-20,2022,96.4,103.6,86.4,52.1,1007.6,7.0,0.0
42671099999,"RAJKOT, IN",22.309,70.78,138.0,2022-05-24,2022,96.8,107.9,85.8,53.2,1004.0,10.4,0.0
42671099999,"RAJKOT, IN",22.309,70.78,138.0,2022-05-29,2022,100.8,111.5,90.6,63.6,1002.9,11.0,0.0
42671099999,"RAJKOT, IN",22.309,70.78,138.0,2022-06-02,2022,96.3,109.0,85.8,56.9,1005.4,8.0,0.0
42671099999,"RAJKOT, IN",22.309,70.78,138.0,2022-06-07,2022,101.7,109.5,92.8,54.8,1003.3,6.4,0.0
42671099999,"RAJKOT, IN",22.309,70.78,138.0,2022-06-12,2022,97.9,109.4,87.5,57.2,1005.6,11.5,0.0
42671099999,"RAJKOT, IN",22.309,70.78,138.0,2022-06-16,2022,97.2,110.1,87.1,57.0,1006.3,13.7,0.0
42671099999,"RAJKOT, IN",22.309,70.78,138.0,2022-06-21,2022,98.6,108.5,89.2,55.1,1003.7,12.1,0.0
42671099999,"RAJKOT, IN",22.309,70.78,138.0,2022-06-24,2022,95.1,104.1,86.7,57.6,1002.4,10.4,0.0
42821099999,"SURAT, IN",21.114,72.742,16.0,2022-04-01,2022,89.5,95.8,84.7,75.4,1008.1,9.9,0.0
42821099999,"SURAT, IN",21.114,72.742,16.0,2022-04-06,2022,91.6,97.8,84.6,76.8,1008.1,5.9,0.0
42821099999,"SURAT, IN",21.114,72.742,16.0,2022-04-10,2022,87.2,92.2,80.6,78.2,1009.3,5.8,0.0
42821099999,"SURAT, IN",21.114,72.742,16.0,2022-04-15,2022,94.0,101.4,88.1,75.6,1008.4,8.9,0.0
42821099999,"SURAT, IN",21.114,72.742,16.0,2022-04-19,2022,90.8,97.0,85.0,80.3,1007.8,6.5,0.0
42821099999,"SURAT, IN",21.114,72.742,16.0,2022-04-23,2022,91.2,95.7,84.9,77.9,1008.4,8.7,0.41
42821099999,"SURAT, IN",21.114,72.742,16.0,2022-04-27,2022,90.1,97.0,83.6,76.8,1010.1,11.9,0.0
42821099999,"SURAT, IN",21.114,72.742,16.0,2022-05-03,2022,89.4,94.9,85.2,76.7,1006.6,12.2,0.0
42821099999,"SURAT, IN",21.114,72.742,16.0,2022-05-07,2022,93.5,99.3,88.1,72.6,1006.9,10.2,0.0
42821099999,"SURAT, IN",21.114,72.742,16.0,2022-05-12,2022,92.2,99.6,85.8,80.3,1007.9,8.6,0.0
42821099999,"SURAT, IN",21.114,72.742,16.0,2022-05-16,2022,90.5,95.9,84.8,81.1,1005.1,10.1,0.0
42821099999,"SURAT, IN",21.114,72.742,16.0,2022-05-19,2022,87.5,94.0,81.0,77.5,1007.0,5.1,0.0
42821099999,"SURAT, IN",21.114,72.742,16.0,2022-05-25,2022,89.5,94.3,83.5,78.1,1008.5,6.2,0.0
42821099999,"SURAT, IN",21.114,72.742,16.0,2022-05-29,2022,90.2,95.2,85.1,73.2,1009.7,13.1,0.54
42821099999,"SURAT, IN",21.114,72.742,16.0,2022-06-02,2022,92.2,99.0,88.2,76.1,9999.9,9.3,0.35
42821099999,"SURAT, IN",21.114,72.742,16.0,2022-06-06,2022,88.9,96.8,83.6,72.5,1006.6,6.2,0.52
42821099999,"SURAT, IN",21.114,72.742,16.0,2022-06-12,2022,90.3,94.9,84.0,77.0,1007.5,999.9,1.19
42821099999,"SURAT, IN",21.114,72.742,16.0,2022-06-15,2022,90.8,96.5,84.6,73.2,1010.9,10.7,0.55
42821099999,"SURAT, IN",21.114,72.742,16.0,2022-06-20,2022,89.6,94.1,85.2,79.2,1008.7,11.6,0.0
42821099999,"SURAT, IN",21.114,72.742,16.0,2022-06-24,2022,90.2,95.2,84.4,77.8,1008.9,11.5,0.0
43003099999,"MUMBAI SANTA CRUZ, IN",19.118,72.863,14.0,2022-04-02,2022,90.1,94.9,84.2,79.7,1008.4,6.7,0.0
43003099999,"MUMBAI SANTA CRUZ, IN",19.118,72.863,14.0,2022-04-05,2022,90.5,96.4,86.1,76.1,1010.9,9.5,0.0
43003099999,"MUMBAI SANTA CRUZ, IN",19.118,72.863,14.0,2022-04-10,2022,88.4,92.9,81.8,80.9,1007.9,10.1,0.0
43003099999,"MUMBAI SANTA CRUZ, IN",19.118,72.863,14.0,2022-04-14,2022,87.4,91.5,83.2,76.7,1006.6,7.4,0.17
43003099999,"MUMBAI SANTA CRUZ, IN",19.118,72.863,14.0,2022-04-19,2022,91.9,97.6,86.7,74.7,1007.1,10.8,0.0
43003099999,"MUMBAI SANTA CRUZ, IN",19.118,72.863,14.0,2022-04-23,2022,87.3,95.2,82.8,75.2,1003.2,7.9,0.0
43003099999,"MUMBAI SANTA CRUZ, IN",19.118,72.863,14.0,2022-04-28,2022,88.1,94.9,81.9,78.3,1009.6,12.6,0.19
43003099999,"MUMBAI SANTA CRUZ, IN",19.118,72.863,14.0,2022-05-03,2022,92.0,98.7,86.0,9999.9,1007.9,6.6,0.25
43003099999,"MUMBAI SANTA CRUZ, IN",19.118,72.863,14.0,2022-05-07,2022,91.4,96.0,87.0,73.5,1011.0,12.0,0.0
43003099999,"MUMBAI SANTA CRUZ, IN",19.118,72.863,14.0,2022-05-12,2022,93.1,98.1,88.9,75.8,1008.1,11.4,0.0
43003099999,"MUMBAI SANTA CRUZ, IN",19.118,72.863,14.0,2022-05-16,2022,91.9,99.3,87.4,71.3,1007.5,6.4,0.0
43003099999,"MUMBAI SANTA CRUZ, IN",19.118,72.863,14.0,2022-05-19,2022,90.3,94.4,83.7,73.9,1007.4,7.2,0.0
43003099999,"MUMBAI SANTA CRUZ, IN",19.118,72.863,14.0,2022-05-24,2022,94.6,100.8,87.9,78.0,1006.9,11.7,0.0
43003099999,"MUMBAI SANTA CRUZ, IN",19.118,72.863,14.0,2022-05-29,2022,92.3,99.6,86.5,79.9,1009.8,6.1,0.0
43003099999,"MUMBAI SANTA CRUZ, IN",19.118,72.863,14.0,2022-06-02,2022,91.1,99.0,86.9,74.7,1009.4,9.2,0.0
43003099999,"MUMBAI SANTA CRUZ, IN",19.118,72.863,14.0,2022-06-06,2022,91.5,97.0,86.6,78.6,1009.3,12.1,0.0
43003099999,"MUMBAI SANTA CRUZ, IN",19.118,72.863,14.0,2022-06-11,2022,92.4,99.3,86.7,75.0,1010.6,12.2,1.13
43003099999,"MUMBAI SANTA CRUZ, IN",19.118,72.863,14.0,2022-06-15,2022,90.5,98.3,86.5,81.5,1006.6,10.9,0.0
43003099999,"MUMBAI SANTA CRUZ, IN",19.118,72.863,14.0,2022-06-20,2022,92.8,98.5,86.0,76.9,1006.7,13.8,0.41
43003099999,"MUMBAI SANTA CRUZ, IN",19.118,72.863,14.0,2022-06-25,2022,88.4,95.2,83.3,75.6,1008.8,13.8,0.21
43057099999,"PUNE LOHEGAON, IN",18.582,73.919,560.0,2022-04-01,2022,86.8,93.6,79.0,53.9,1008.0,6.9,0.0
43057099999,"PUNE LOHEGAON, IN",18.582,73.919,560.0,2022-04-06,2022,90.6,96.9,84.8,63.1,1008.9,5.6,0.0
43057099999,"PUNE LOHEGAON, IN",18.582,73.919,560.0,2022-04-09,2022,86.7,93.5,80.8,56.7,1009.2,6.0,0.0
43057099999,"PUNE LOHEGAON, IN",18.582,73.919,560.0,2022-04-14,2022,85.1,90.4,77.6,55.2,1004.7,7.4,0.0
43057099999,"PUNE LOHEGAON, IN",18.582,73.919,560.0,2022-04-18,2022,88.3,93.6,82.5,58.8,1007.0,7.8,0.0
43057099999,"PUNE LOHEGAON, IN",18.582,73.919,560.0,2022-04-23,2022,91.0,99.8,83.5,51.3,1005.1,9.4,0.0
43057099999,"PUNE LOHEGAON, IN",18.582,73.919,560.0,2022-04-27,2022,88.6,93.7,81.1,60.4,1011.4,12.9,0.0
43057099999,"PUNE LOHEGAON, IN",18.582,73.919,560.0,2022-05-02,2022,87.5,94.9,81.8,60.5,1007.9,11.5,0.04
43057099999,"PUNE LOHEGAON, IN",18.582,73.919,560.0,2022-05-07,2022,88.3,93.8,80.5,59.7,1009.3,5.4,0.0
43057099999,"PUNE LOHEGAON, IN",18.582,73.919,560.0,2022-05-12,2022,85.6,93.4,80.1,62.1,1010.8,6.7,0.0
43057099999,"PUNE LOHEGAON, IN",18.582,73.919,560.0,2022-05-15,2022,87.5,95.1,81.1,57.8,1009.0,12.1,0.0
43057099999,"PUNE LOHEGAON, IN",18.582,73.919,560.0,2022-05-19,2022,89.3,96.8,81.9,54.0,1006.7,11.4,0.0
43057099999,"PUNE LOHEGAON, IN",18.582,73.919,560.0,2022-05-25,2022,88.6,95.0,81.9,60.9,1009.1,7.6,0.0
43057099999,"PUNE LOHEGAON, IN",18.582,73.919,560.0,2022-05-29,2022,87.8,93.0,79.8,59.3,1002.3,9.2,0.0
43057099999,"PUNE LOHEGAON, IN",18.582,73.919,560.0,2022-06-02,2022,90.6,96.7,83.1,49.2,1007.3,12.3,0.4
43057099999,"PUNE LOHEGAON, IN",18.582,73.919,560.0,2022-06-07,2022,85.7,94.5,77.7,51.0,1010.3,6.4,0.0
43057099999,"PUNE LOHEGAON, IN",18.582,73.919,560.0,2022-06-11,2022,86.7,94.5,80.7,57.6,1007.9,9.5,0.0
43057099999,"PUNE LOHEGAON, IN",18.582,73.919,560.0,2022-06-16,2022,88.2,95.3,82.6,56.5,1005.4,5.3,0.25
43057099999,"PUNE LOHEGAON, IN",18.582,73.919,560.0,2022-06-20,2022,88.8,97.0,82.8,54.2,1004.9,6.4,0.0
43057099999,"PUNE LOHEGAON, IN",18.582,73.919,560.0,2022-06-24,2022,85.6,93.7,78.0,62.2,1009.7,11.9,0.0
42867099999,"NAGPUR SONEGAON, IN",21.092,79.059,310.0,2022-04-01,2022,94.8,105.2,85.9,56.5,1002.0,9.8,0.0
42867099999,"NAGPUR SONEGAON, IN",21.092,79.059,310.0,2022-04-06,2022,102.7,111.9,89.8,60.1,1004.3,7.9,0.0
42867099999,"NAGPUR SONEGAON, IN",21.092,79.059,310.0,2022-04-09,2022,100.3,111.0,88.9,9999.9,1002.2,5.1,0.0
42867099999,"NAGPUR SONEGAON, IN",21.092,79.059,310.0,2022-04-14,2022,97.9,107.2,89.0,57.8,1002.9,8.7,0.0
42867099999,"NAGPUR SONEGAON, IN",21.092,79.059,310.0,2022-04-19,2022,101.4,114.6,92.9,58.5,1005.2,9.9,0.0
42867099999,"NAGPUR SONEGAON, IN",21.092,79.059,310.0,2022-04-24,2022,99.9,111.0,91.3,58.6,9999.9,4.7,0.12
42867099999,"NAGPUR SONEGAON, IN",21.092,79.059,310.0,2022-04-28,2022,103.2,118.0,90.9,59.9,1006.0,6.5,0.0
42867099999,"NAGPUR SONEGAON, IN",21.092,79.059,310.0,2022-05-02,2022,93.0,102.1,85.5,68.6,1002.6,8.9,0.0
42867099999,"NAGPUR SONEGAON, IN",21.092,79.059,310.0,2022-05-06,2022,104.5,118.8,96.6,53.0,1004.8,3.5,0.0
42867099999,"NAGPUR SONEGAON, IN",21.092,79.059,310.0,2022-05-12,2022,98.8,111.7,89.2,55.1,1008.7,7.6,0.0
42867099999,"NAGPUR SONEGAON, IN",21.092,79.059,310.0,2022-05-15,2022,101.3,112.1,90.9,59.3,1005.6,9.5,0.0
42867099999,"NAGPUR SONEGAON, IN",21.092,79.059,310.0,2022-05-20,2022,103.1,115.1,91.1,59.0,1004.1,4.1,0.0
42867099999,"NAGPUR SONEGAON, IN",21.092,79.059,310.0,2022-05-25,2022,108.2,117.6,101.1,57.9,1003.6,4.2,0.0
42867099999,"NAGPUR SONEGAON, IN",21.092,79.059,310.0,2022-05-29,2022,104.1,115.4,91.8,63.7,1006.6,4.9,0.0
42867099999,"NAGPUR SONEGAON, IN",21.092,79.059,310.0,2022-06-02,2022,102.6,113.7,94.0,52.5,1007.9,6.3,0.0
42867099999,"NAGPUR SONEGAON, IN",21.092,79.059,310.0,2022-06-06,2022,97.0,105.6,88.0,59.7,1000.7,6.8,0.0
42867099999,"NAGPUR SONEGAON, IN",21.092,79.059,310.0,2022-06-12,2022,99.1,113.9,88.0,59.8,1004.0,9.6,0.0
42867099999,"NAGPUR SONEGAON, IN",21.092,79.059,310.0,2022-06-15,2022,100.0,111.5,87.6,66.3,1004.4,8.6,0.0
42867099999,"NAGPUR SONEGAON, IN",21.092,79.059,310.0,2022-06-20,2022,97.2,111.8,89.2,63.0,1006.6,4.5,0.0
42867099999,"NAGPUR SONEGAON, IN",21.092,79.059,310.0,2022-06-24,2022,93.6,108.6,82.8,61.2,1005.1,8.8,0.0
42809099999,"CHANDRAPUR, IN",19.95,79.3,193.0,2022-04-02,2022,95.2,107.1,84.9,65.1,1002.5,9.0,0.0
42809099999,"CHANDRAPUR, IN",19.95,79.3,193.0,2022-04-06,2022,97.2,106.0,89.3,57.3,1003.0,7.0,0.0
42809099999,"CHANDRAPUR, IN",19.95,79.3,193.0,2022-04-09,2022,94.4,107.9,82.2,51.0,1007.8,9.2,0.0
42809099999,"CHANDRAPUR, IN",19.95,79.3,193.0,2022-04-15,2022,96.2,104.5,87.6,53.2,996.5,4.0,0.0
42809099999,"CHANDRAPUR, IN",19.95,79.3,193.0,2022-04-19,2022,97.5,110.4,90.2,51.6,1007.9,6.3,0.0
42809099999,"CHANDRAPUR, IN",19.95,79.3,193.0,2022-04-24,2022,102.9,112.9,93.0,54.8,1009.8,7.9,0.35
42809099999,"CHANDRAPUR, IN",19.95,79.3,193.0,2022-04-28,2022,103.4,113.3,93.9,56.6,995.5,7.5,0.0
42809099999,"CHANDRAPUR, IN",19.95,79.3,193.0,2022-05-03,2022,107.6,121.4,97.5,51.3,998.1,4.1,0.0
42809099999,"CHANDRAPUR, IN",19.95,79.3,193.0,2022-05-06,2022,104.3,113.5,92.1,70.4,1007.2,4.4,0.03
42809099999,"CHANDRAPUR, IN",19.95,79.3,193.0,2022-05-12,2022,103.3,117.1,93.3,61.2,1005.6,7.4,0.0
42809099999,"CHANDRAPUR, IN",19.95,79.3,193.0,2022-05-15,2022,103.9,118.6,94.1,59.6,1003.3,6.9,0.0
42809099999,"CHANDRAPUR, IN",19.95,79.3,193.0,2022-05-19,2022,101.6,111.6,92.3,54.4,1002.2,4.1,0.0
42809099999,"CHANDRAPUR, IN",19.95,79.3,193.0,2022-05-24,2022,96.8,106.7,87.4,57.7,9999.9,3.1,0.0
42809099999,"CHANDRAPUR, IN",19.95,79.3,193.0,2022-05-28,2022,98.2,110.4,91.1,59.1,1007.2,4.8,0.0
42809099999,"CHANDRAPUR, IN",19.95,79.3,193.0,2022-06-03,2022,103.2,117.5,91.1,50.3,1000.0,6.2,0.0
42809099999,"CHANDRAPUR, IN",19.95,79.3,193.0,2022-06-06,2022,102.9,110.9,89.9,53.3,1002.3,9.8,0.0
42809099999,"CHANDRAPUR, IN",19.95,79.3,193.0,2022-06-11,2022,101.0,112.4,92.0,53.4,1003.3,4.9,0.0
42809099999,"CHANDRAPUR, IN",19.95,79.3,193.0,2022-06-16,2022,94.9,104.2,84.8,55.2,1004.0,4.7,0.35
42809099999,"CHANDRAPUR, IN",19.95,79.3,193.0,2022-06-20,2022,93.4,106.4,82.5,60.4,1002.9,10.0,0.0
42809099999,"CHANDRAPUR, IN",19.95,79.3,193.0,2022-06-24,2022,98.6,109.0,87.3,59.3,1007.1,7.8,0.0
42863099999,"AKOLA, IN",20.699,77.058,282.0,2022-04-02,2022,96.4,110.3,84.3,56.1,1003.4,9.1,0.0
42863099999,"AKOLA, IN",20.699,77.058,282.0,2022-04-05,2022,98.2,112.8,85.8,58.4,1003.1,7.6,0.0
42863099999,"AKOLA, IN",20.699,77.058,282.0,2022-04-10,2022,95.7,106.3,85.2,54.9,998.8,6.2,0.0
42863099999,"AKOLA, IN",20.699,77.058,282.0,2022-04-14,2022,103.3,114.6,95.2,52.0,1000.9,3.8,0.0
42863099999,"AKOLA, IN",20.699,77.058,282.0,2022-04-18,2022,97.1,106.1,88.9,62.7,1002.1,5.9,0.0
42863099999,"AKOLA, IN",20.699,77.058,282.0,2022-04-23,2022,103.5,116.9,93.5,54.8,9999.9,7.4,0.0
42863099999,"AKOLA, IN",20.699,77.058,282.0,2022-04-27,2022,98.2,110.2,90.2,68.9,999.4,8.5,0.0
42863099999,"AKOLA, IN",20.699,77.058,282.0,2022-05-03,2022,102.1,116.8,92.8,61.4,1004.2,3.3,0.0
42863099999,"AKOLA, IN",20.699,77.058,282.0,2022-05-06,2022,100.9,109.0,93.9,57.6,1003.1,8.1,0.0
42863099999,"AKOLA, IN",20.699,77.058,282.0,2022-05-12,2022,101.3,110.5,89.4,63.0,1009.6,5.1,0.0
42863099999,"AKOLA, IN",20.699,77.058,282.0,2022-05-15,2022,100.2,110.6,87.8,51.4,1002.7,5.5,0.0
42863099999,"AKOLA, IN",20.699,77.058,282.0,2022-05-19,2022,109.0,118.6,96.1,54.2,1007.9,4.5,0.21
42863099999,"AKOLA, IN",20.699,77.058,282.0,2022-05-25,2022,106.2,120.3,97.7,55.4,1004.7,6.7,0.4
42863099999,"AKOLA, IN",20.699,77.058,282.0,2022-05-28,2022,105.8,116.8,96.6,56.3,1002.4,6.8,0.0
42863099999,"AKOLA, IN",20.699,77.058,282.0,2022-06-03,2022,99.0,110.0,91.4,53.1,1001.1,6.6,0.0
42863099999,"AKOLA, IN",20.699,77.058,282.0,2022-06-06,2022,96.8,106.8,85.1,58.4,1000.7,6.5,0.0
42863099999,"AKOLA, IN",20.699,77.058,282.0,2022-06-12,2022,100.0,112.9,91.2,50.4,1004.0,3.3,0.0
42863099999,"AKOLA, IN",20.699,77.058,282.0,2022-06-15,2022,101.1,109.2,93.6,48.2,1004.1,3.8,0.0
42863099999,"AKOLA, IN",20.699,77.058,282.0,2022-06-20,2022,101.3,114.4,93.7,52.2,1008.0,4.8,0.0
42863099999,"AKOLA, IN",20.699,77.058,282.0,2022-06-24,2022,98.2,111.9,86.0,54.7,1002.8,9.0,0.0
42754099999,"INDORE, IN",22.722,75.801,564.0,2022-04-01,2022,86.9,92.0,81.5,56.5,1009.1,10.2,0.0
42754099999,"INDORE, IN",22.722,75.801,564.0,2022-04-05,2022,84.4,90.9,78.3,56.9,1005.2,5.9,0.0
42754099999,"INDORE, IN",22.722,75.801,564.0,2022-04-10,2022,86.5,94.7,79.6,52.6,1006.5,11.4,0.0
42754099999,"INDORE, IN",22.722,75.801,564.0,2022-04-14,2022,89.6,95.0,81.9,60.6,1009.2,8.9,0.0
42754099999,"INDORE, IN",22.722,75.801,564.0,2022-04-18,2022,85.3,93.7,77.7,54.9,1010.4,10.8,0.0
42754099999,"INDORE, IN",22.722,75.801,564.0,2022-04-24,2022,88.2,93.4,82.5,65.5,1008.8,7.5,0.0
42754099999,"INDORE, IN",22.722,75.801,564.0,2022-04-27,2022,88.5,97.5,81.5,55.0,1008.3,7.7,0.0
42754099999,"INDORE, IN",22.722,75.801,564.0,2022-05-02,2022,88.1,95.1,81.2,59.0,1009.9,10.1,0.0
42754099999,"INDORE, IN",22.722,75.801,564.0,2022-05-06,2022,87.0,94.6,81.6,50.9,1004.3,11.8,0.0
42754099999,"INDORE, IN",22.722,75.801,564.0,2022-05-11,2022,89.8,96.1,83.9,51.8,1003.7,9.1,0.0
42754099999,"INDORE, IN",22.722,75.801,564.0,2022-05-16,2022,89.6,97.8,83.2,66.2,1008.0,11.9,0.0
42754099999,"INDORE, IN",22.722,75.801,564.0,2022-05-19,2022,90.5,97.1,85.4,56.5,1007.8,9.4,0.0
42754099999,"INDORE, IN",22.722,75.801,564.0,2022-05-24,2022,90.5,98.1,84.2,55.0,1008.5,7.7,0.0
42754099999,"INDORE, IN",22.722,75.801,564.0,2022-05-29,2022,89.1,97.0,83.0,9999.9,1010.0,8.6,0.27
42754099999,"INDORE, IN",22.722,75.801,564.0,2022-06-03,2022,87.9,95.1,81.8,53.2,1009.1,5.9,0.0
42754099999,"INDORE, IN",22.722,75.801,564.0,2022-06-07,2022,86.2,91.6,79.3,56.3,1008.0,6.5,0.0
42754099999,"INDORE, IN",22.722,75.801,564.0,2022-06-12,2022,89.7,95.2,83.5,58.1,1007.9,12.4,0.0
42754099999,"INDORE, IN",22.722,75.801,564.0,2022-06-15,2022,88.9,97.8,83.9,61.8,1009.1,10.9,0.0
42754099999,"INDORE, IN",22.722,75.801,564.0,2022-06-20,2022,86.8,94.6,81.3,51.0,1005.9,11.5,0.0
42754099999,"INDORE, IN",22.722,75.801,564.0,2022-06-25,2022,85.7,92.4,78.9,53.8,1007.6,10.5,0.0
42777099999,"BHOPAL BAIRAGARH, IN",23.287,77.337,524.0,2022-04-01,2022,85.9,91.5,79.1,58.3,1007.9,12.1,0.0
42777099999,"BHOPAL BAIRAGARH, IN",23.287,77.337,524.0,2022-04-05,2022,87.2,93.0,80.3,56.5,1004.0,7.3,0.0
42777099999,"BHOPAL BAIRAGARH, IN",23.287,77.337,524.0,2022-04-09,2022,84.7,91.8,77.7,55.6,1005.6,7.6,0.0
42777099999,"BHOPAL BAIRAGARH, IN",23.287,77.337,524.0,2022-04-15,2022,88.4,96.1,80.7,62.3,1010.4,9.3,0.0
42777099999,"BHOPAL BAIRAGARH, IN",23.287,77.337,524.0,2022-04-19,2022,87.1,92.7,80.1,62.2,1008.3,6.6,0.0
42777099999,"BHOPAL BAIRAGARH, IN",23.287,77.337,524.0,2022-04-23,2022,87.2,95.0,81.3,53.7,1007.4,11.0,0.33
42777099999,"BHOPAL BAIRAGARH, IN",23.287,77.337,524.0,2022-04-27,2022,87.4,95.4,80.7,56.9,1008.3,6.9,0.0
42777099999,"BHOPAL BAIRAGARH, IN",23.287,77.337,524.0,2022-05-03,2022,88.5,95.1,80.6,57.9,1010.4,12.8,0.0
42777099999,"BHOPAL BAIRAGARH, IN",23.287,77.337,524.0,2022-05-07,2022,90.6,98.9,82.8,50.3,1002.9,10.6,0.0
42777099999,"BHOPAL BAIRAGARH, IN",23.287,77.337,524.0,2022-05-11,2022,90.6,96.8,85.1,50.7,1007.6,10.5,0.0
42777099999,"BHOPAL BAIRAGARH, IN",23.287,77.337,524.0,2022-05-16,2022,86.5,92.6,80.7,9999.9,1009.1,6.3,0.0
42777099999,"BHOPAL BAIRAGARH, IN",23.287,77.337,524.0,2022-05-19,2022,90.3,95.9,84.3,53.9,1002.8,5.4,0.0
42777099999,"BHOPAL BAIRAGARH, IN",23.287,77.337,524.0,2022-05-25,2022,87.6,92.9,80.4,57.8,1005.0,9.2,0.0
42777099999,"BHOPAL BAIRAGARH, IN",23.287,77.337,524.0,2022-05-29,2022,88.9,94.2,83.2,56.1,1009.2,6.7,0.0
42777099999,"BHOPAL BAIRAGARH, IN",23.287,77.337,524.0,2022-06-03,2022,88.5,97.5,81.0,52.3,1010.4,12.8,0.27
42777099999,"BHOPAL BAIRAGARH, IN",23.287,77.337,524.0,2022-06-06,2022,87.7,96.5,80.7,56.1,1006.1,7.6,0.0
42777099999,"BHOPAL BAIRAGARH, IN",23.287,77.337,524.0,2022-06-12,2022,86.7,91.8,80.1,52.7,1007.7,11.2,0.0
42777099999,"BHOPAL BAIRAGARH, IN",23.287,77.337,524.0,2022-06-15,2022,90.7,97.0,85.5,50.7,1004.8,5.8,0.0
42777099999,"BHOPAL BAIRAGARH, IN",23.287,77.337,524.0,2022-06-20,2022,89.8,97.4,82.4,55.4,1006.7,11.9,0.0
42777099999,"BHOPAL BAIRAGARH, IN",23.287,77.337,524.0,2022-06-25,2022,88.4,96.0,80.6,53.8,1011.7,11.0,0.0
42798099999,"JABALPUR, IN",23.181,80.053,495.0,2022-04-01,2022,97.7,106.9,89.2,55.8,1009.5,3.5,0.0
42798099999,"JABALPUR, IN",23.181,80.053,495.0,2022-04-06,2022,95.1,106.2,88.0,61.9,1003.9,7.7,0.0
42798099999,"JABALPUR, IN",23.181,80.053,495.0,2022-04-09,2022,101.1,114.0,93.7,66.0,1003.1,9.5,0.0
42798099999,"JABALPUR, IN",23.181,80.053,495.0,2022-04-15,2022,96.5,107.2,84.6,60.5,1001.0,3.2,0.0
42798099999,"JABALPUR, IN",23.181,80.053,495.0,2022-04-19,2022,105.0,119.7,97.1,58.9,1001.9,7.7,0.0
42798099999,"JABALPUR, IN",23.181,80.053,495.0,2022-04-23,2022,100.5,112.4,90.2,51.5,1000.1,3.9,0.25
42798099999,"JABALPUR, IN",23.181,80.053,495.0,2022-04-28,2022,104.0,113.5,91.6,54.9,999.9,9.0,0.0
42798099999,"JABALPUR, IN",23.181,80.053,495.0,2022-05-02,2022,102.6,111.9,90.8,64.1,1005.2,9.0,0.0
42798099999,"JABALPUR, IN",23.181,80.053,495.0,2022-05-06,2022,104.2,114.3,96.8,54.4,998.7,3.7,0.0
42798099999,"JABALPUR, IN",23.181,80.053,495.0,2022-05-11,2022,105.9,114.6,95.2,56.6,1002.2,9.3,0.0
42798099999,"JABALPUR, IN",23.181,80.053,495.0,2022-05-15,2022,105.5,117.5,96.3,9999.9,1004.4,5.2,0.0
42798099999,"JABALPUR, IN",23.181,80.053,495.0,2022-05-20,2022,107.8,117.7,98.6,55.0,1005.8,7.8,0.0
42798099999,"JABALPUR, IN",23.181,80.053,495.0,2022-05-25,2022,101.7,113.5,93.6,59.5,1007.6,7.2,0.0
42798099999,"JABALPUR, IN",23.181,80.053,495.0,2022-05-29,2022,102.6,115.7,91.9,60.9,1006.2,8.1,0.0
42798099999,"JABALPUR, IN",23.181,80.053,495.0,2022-06-03,2022,99.6,113.0,91.4,54.0,999.9,3.3,0.0
42798099999,"JABALPUR, IN",23.181,80.053,495.0,2022-06-06,2022,94.8,105.3,86.4,68.5,999.7,8.4,0.0
42798099999,"JABALPUR, IN",23.181,80.053,495.0,2022-06-12,2022,98.7,109.3,91.6,56.8,1003.9,4.7,0.0
42798099999,"JABALPUR, IN",23.181,80.053,495.0,2022-06-15,2022,101.1,112.2,93.0,62.5,1001.3,9.6,0.0
42798099999,"JABALPUR, IN",23.181,80.053,495.0,2022-06-21,2022,97.2,105.5,85.6,59.6,1002.3,4.6,0.0
42798099999,"JABALPUR, IN",23.181,80.053,495.0,2022-06-25,2022,101.3,112.1,88.8,60.7,1005.2,9.2,0.27
42909099999,"RAIPUR MANA, IN",21.18,81.739,317.0,2022-04-02,2022,97.9,111.7,89.3,64.1,1003.5,6.8,0.0
42909099999,"RAIPUR MANA, IN",21.18,81.739,317.0,2022-04-05,2022,93.0,104.6,83.7,60.2,1001.0,9.4,0.0
42909099999,"RAIPUR MANA, IN",21.18,81.739,317.0,2022-04-10,2022,96.2,110.4,89.1,61.1,1006.7,9.2,0.0
42909099999,"RAIPUR MANA, IN",21.18,81.739,317.0,2022-04-14,2022,98.5,107.8,89.3,59.7,1008.1,8.0,0.0
42909099999,"RAIPUR MANA, IN",21.18,81.739,317.0,2022-04-19,2022,100.0,112.7,90.1,71.2,1004.7,7.1,0.0
42909099999,"RAIPUR MANA, IN",21.18,81.739,317.0,2022-04-23,2022,95.0,104.0,85.0,62.0,1004.1,9.2,0.0
42909099999,"RAIPUR MANA, IN",21.18,81.739,317.0,2022-04-28,2022,104.3,116.5,93.9,61.6,1002.6,3.1,0.0
42909099999,"RAIPUR MANA, IN",21.18,81.739,317.0,2022-05-03,2022,97.8,110.0,87.9,57.2,1000.4,6.4,0.0
42909099999,"RAIPUR MANA, IN",21.18,81.739,317.0,2022-05-06,2022,99.8,112.2,89.7,61.1,1008.0,4.2,0.0
42909099999,"RAIPUR MANA, IN",21.18,81.739,317.0,2022-05-12,2022,102.8,113.5,95.2,52.2,1004.3,4.4,0.0
42909099999,"RAIPUR MANA, IN",21.18,81.739,317.0,2022-05-15,2022,105.1,114.4,92.7,55.2,1002.6,7.2,0.0
42909099999,"RAIPUR MANA, IN",21.18,81.739,317.0,2022-05-19,2022,101.8,116.1,91.6,54.3,1004.9,3.0,0.0
42909099999,"RAIPUR MANA, IN",21.18,81.739,317.0,2022-05-24,2022,101.2,114.1,91.7,60.3,1000.3,9.6,0.0
42909099999,"RAIPUR MANA, IN",21.18,81.739,317.0,2022-05-28,2022,100.1,111.0,91.5,61.8,1001.9,8.4,0.0
42909099999,"RAIPUR MANA, IN",21.18,81.739,317.0,2022-06-03,2022,105.5,114.8,94.2,56.2,9999.9,8.5,0.0
42909099999,"RAIPUR MANA, IN",21.18,81.739,317.0,2022-06-07,2022,102.7,113.6,95.1,51.1,997.7,6.0,0.0
42909099999,"RAIPUR MANA, IN",21.18,81.739,317.0,2022-06-12,2022,95.1,110.0,85.7,64.5,1001.3,4.4,0.0
42909099999,"RAIPUR MANA, IN",21.18,81.739,317.0,2022-06-16,2022,105.8,115.6,96.9,55.4,1003.6,5.4,0.0
42909099999,"RAIPUR MANA, IN",21.18,81.739,317.0,2022-06-20,2022,102.2,113.3,91.0,68.2,1009.2,4.1,0.0
42909099999,"RAIPUR MANA, IN",21.18,81.739,317.0,2022-06-24,2022,100.4,109.6,87.6,63.3,1004.8,3.0,0.08
43128099999,"HYDERABAD AIRPORT, IN",17.24,78.43,617.0,2022-04-01,2022,89.4,96.8,81.5,59.0,1004.4,10.1,0.0
43128099999,"HYDERABAD AIRPORT, IN",17.24,78.43,617.0,2022-04-05,2022,88.2,98.0,79.8,60.5,1005.1,9.5,0.0
43128099999,"HYDERABAD AIRPORT, IN",17.24,78.43,617.0,2022-04-10,2022,90.1,96.9,81.8,65.0,1006.2,8.6,0.0
43128099999,"HYDERABAD AIRPORT, IN",17.24,78.43,617.0,2022-04-14,2022,92.1,102.0,85.8,56.6,1005.6,6.9,0.0
43128099999,"HYDERABAD AIRPORT, IN",17.24,78.43,617.0,2022-04-18,2022,88.0,97.0,81.8,53.7,1005.8,5.6,0.0
43128099999,"HYDERABAD AIRPORT, IN",17.24,78.43,617.0,2022-04-24,2022,89.7,96.6,80.8,9999.9,1007.3,8.2,0.0
43128099999,"HYDERABAD AIRPORT, IN",17.24,78.43,617.0,2022-04-27,2022,88.1,96.1,81.1,68.6,1008.4,5.8,0.0
43128099999,"HYDERABAD AIRPORT, IN",17.24,78.43,617.0,2022-05-03,2022,91.7,100.4,82.8,60.3,1004.1,8.9,0.0
43128099999,"HYDERABAD AIRPORT, IN",17.24,78.43,617.0,2022-05-07,2022,89.9,99.5,81.3,65.6,1009.8,8.4,0.0
43128099999,"HYDERABAD AIRPORT, IN",17.24,78.43,617.0,2022-05-11,2022,93.8,103.0,86.6,59.2,1003.8,7.5,0.0
43128099999,"HYDERABAD AIRPORT, IN",17.24,78.43,617.0,2022-05-16,2022,91.1,99.8,82.6,54.1,1006.6,5.5,0.0
43128099999,"HYDERABAD AIRPORT, IN",17.24,78.43,617.0,2022-05-20,2022,90.5,97.2,82.2,59.3,1002.8,11.5,0.0
43128099999,"HYDERABAD AIRPORT, IN",17.24,78.43,617.0,2022-05-25,2022,91.7,98.5,85.1,59.1,1003.7,6.7,0.0
43128099999,"HYDERABAD AIRPORT, IN",17.24,78.43,617.0,2022-05-29,2022,84.8,93.2,76.5,61.1,1009.5,8.8,0.25
43128099999,"HYDERABAD AIRPORT, IN",17.24,78.43,617.0,2022-06-03,2022,93.5,101.5,84.6,59.4,1004.8,11.4,0.0
43128099999,"HYDERABAD AIRPORT, IN",17.24,78.43,617.0,2022-06-07,2022,90.9,98.8,83.3,57.2,1006.6,8.5,0.0
43128099999,"HYDERABAD AIRPORT, IN",17.24,78.43,617.0,2022-06-12,2022,91.1,98.4,85.1,66.1,1005.8,9.7,0.0
43128099999,"HYDERABAD AIRPORT, IN",17.24,78.43,617.0,2022-06-15,2022,88.9,97.1,82.2,57.7,1004.3,8.3,0.0
43128099999,"HYDERABAD AIRPORT, IN",17.24,78.43,617.0,2022-06-21,2022,88.3,95.7,81.1,62.7,1007.8,8.2,0.0
43128099999,"HYDERABAD AIRPORT, IN",17.24,78.43,617.0,2022-06-25,2022,86.7,95.9,79.0,67.2,1005.5,11.0,0.0
43150099999,"VIJAYAWADA GANNAVARAM, IN",16.53,80.797,25.0,2022-04-01,2022,88.8,93.5,83.3,74.5,1003.2,14.0,0.0
43150099999,"VIJAYAWADA GANNAVARAM, IN",16.53,80.797,25.0,2022-04-06,2022,90.9,95.9,84.3,78.2,1007.4,5.4,0.28
43150099999,"VIJAYAWADA GANNAVARAM, IN",16.53,80.797,25.0,2022-04-09,2022,89.7,95.5,84.7,77.6,1004.9,8.2,0.0
43150099999,"VIJAYAWADA GANNAVARAM, IN",16.53,80.797,25.0,2022-04-14,2022,89.0,94.4,83.0,78.3,1005.5,10.5,0.0
43150099999,"VIJAYAWADA GANNAVARAM, IN",16.53,80.797,25.0,2022-04-19,2022,90.9,96.3,84.9,73.0,1008.9,9.4,0.0
43150099999,"VIJAYAWADA GANNAVARAM, IN",16.53,80.797,25.0,2022-04-23,2022,90.6,98.1,84.7,72.3,1010.3,13.4,0.0
43150099999,"VIJAYAWADA GANNAVARAM, IN",16.53,80.797,25.0,2022-04-27,2022,89.6,94.3,84.9,74.3,1008.4,7.9,0.0
43150099999,"VIJAYAWADA GANNAVARAM, IN",16.53,80.797,25.0,2022-05-03,2022,93.3,100.4,86.5,73.8,1008.1,11.7,0.0
43150099999,"VIJAYAWADA GANNAVARAM, IN",16.53,80.797,25.0,2022-05-06,2022,92.1,99.0,86.1,78.1,1008.4,13.5,0.0
43150099999,"VIJAYAWADA GANNAVARAM, IN",16.53,80.797,25.0,2022-05-11,2022,90.8,98.5,85.4,74.3,1008.2,5.5,0.0
43150099999,"VIJAYAWADA GANNAVARAM, IN",16.53,80.797,25.0,2022-05-15,2022,89.6,93.9,82.8,69.1,1008.9,8.5,0.0
43150099999,"VIJAYAWADA GANNAVARAM, IN",16.53,80.797,25.0,2022-05-19,2022,93.1,97.2,87.1,70.5,1006.0,12.7,0.0
43150099999,"VIJAYAWADA GANNAVARAM, IN",16.53,80.797,25.0,2022-05-25,2022,92.5,98.7,88.1,81.5,1008.0,13.5,0.0
43150099999,"VIJAYAWADA GANNAVARAM, IN",16.53,80.797,25.0,2022-05-29,2022,89.9,96.0,84.0,75.9,1010.7,7.8,0.0
43150099999,"VIJAYAWADA GANNAVARAM, IN",16.53,80.797,25.0,2022-06-03,2022,89.8,95.5,85.4,74.4,1007.0,5.1,0.0
43150099999,"VIJAYAWADA GANNAVARAM, IN",16.53,80.797,25.0,2022-06-06,2022,89.1,95.8,83.6,76.7,1011.2,11.8,0.0
43150099999,"VIJAYAWADA GANNAVARAM, IN",16.53,80.797,25.0,2022-06-11,2022,91.0,97.2,86.5,75.7,1007.4,12.9,0.0
43150099999,"VIJAYAWADA GANNAVARAM, IN",16.53,80.797,25.0,2022-06-16,2022,87.3,92.1,83.0,78.6,1007.8,10.6,0.0
43150099999,"VIJAYAWADA GANNAVARAM, IN",16.53,80.797,25.0,2022-06-21,2022,89.3,94.4,83.1,84.3,1008.6,12.3,0.0
43150099999,"VIJAYAWADA GANNAVARAM, IN",16.53,80.797,25.0,2022-06-25,2022,87.9,94.4,83.1,75.3,1010.3,10.6,0.12
43185099999,"VISAKHAPATNAM, IN",17.721,83.224,3.0,2022-04-01,2022,89.0,94.1,84.6,9999.9,1009.8,8.9,0.2
43185099999,"VISAKHAPATNAM, IN",17.721,83.224,3.0,2022-04-06,2022,88.1,96.1,82.7,81.0,1010.2,12.1,0.0
43185099999,"VISAKHAPATNAM, IN",17.721,83.224,3.0,2022-04-10,2022,88.8,93.1,83.4,79.6,1008.1,6.7,0.0
43185099999,"VISAKHAPATNAM, IN",17.721,83.224,3.0,2022-04-14,2022,91.5,97.1,84.6,77.6,1006.3,7.2,0.0
43185099999,"VISAKHAPATNAM, IN",17.721,83.224,3.0,2022-04-18,2022,89.2,95.0,83.1,78.9,1007.3,7.8,0.0
43185099999,"VISAKHAPATNAM, IN",17.721,83.224,3.0,2022-04-23,2022,89.9,95.0,84.0,74.0,1008.8,6.8,0.0
43185099999,"VISAKHAPATNAM, IN",17.721,83.224,3.0,2022-04-28,2022,94.7,100.0,90.2,9999.9,1008.0,7.5,0.97
43185099999,"VISAKHAPATNAM, IN",17.721,83.224,3.0,2022-05-03,2022,93.8,100.5,89.3,76.2,1008.9,11.9,0.0
43185099999,"VISAKHAPATNAM, IN",17.721,83.224,3.0,2022-05-06,2022,89.4,93.7,83.5,77.4,1007.6,11.3,0.0
43185099999,"VISAKHAPATNAM, IN",17.721,83.224,3.0,2022-05-12,2022,93.2,100.5,87.9,79.3,1013.2,6.7,0.0
43185099999,"VISAKHAPATNAM, IN",17.721,83.224,3.0,2022-05-16,2022,92.5,99.4,86.9,77.2,1008.4,9.9,0.0
43185099999,"VISAKHAPATNAM, IN",17.721,83.224,3.0,2022-05-20,2022,90.8,95.9,84.3,77.2,1007.4,13.2,0.0
43185099999,"VISAKHAPATNAM, IN",17.721,83.224,3.0,2022-05-25,2022,91.7,97.8,86.3,79.7,1006.0,12.0,0.0
43185099999,"VISAKHAPATNAM, IN",17.721,83.224,3.0,2022-05-29,2022,93.3,100.4,88.6,79.7,1007.8,11.5,0.0
43185099999,"VISAKHAPATNAM, IN",17.721,83.224,3.0,2022-06-03,2022,87.2,94.2,82.7,74.8,1010.6,7.5,0.0
43185099999,"VISAKHAPATNAM, IN",17.721,83.224,3.0,2022-06-06,2022,90.8,98.1,86.4,73.9,1007.0,12.9,0.63
43185099999,"VISAKHAPATNAM, IN",17.721,83.224,3.0,2022-06-12,2022,91.9,98.0,85.8,77.7,1007.5,7.3,0.0
43185099999,"VISAKHAPATNAM, IN",17.721,83.224,3.0,2022-06-15,2022,89.5,96.1,82.7,75.4,1006.2,12.5,0.0
43185099999,"VISAKHAPATNAM, IN",17.721,83.224,3.0,2022-06-21,2022,92.5,99.8,86.2,75.6,1010.4,5.5,0.0
43185099999,"VISAKHAPATNAM, IN",17.721,83.224,3.0,2022-06-24,2022,92.1,99.9,85.2,78.9,1007.1,5.9,0.0
43279099999,"CHENNAI MEENAMBAKKAM, IN",12.994,80.181,16.0,2022-04-01,2022,89.5,95.8,82.7,76.3,1006.2,10.0,0.0
43279099999,"CHENNAI MEENAMBAKKAM, IN",12.994,80.181,16.0,2022-04-06,2022,89.9,96.7,84.6,73.4,1010.4,5.9,0.0
43279099999,"CHENNAI MEENAMBAKKAM, IN",12.994,80.181,16.0,2022-04-10,2022,88.8,96.5,82.1,76.9,1008.6,10.0,0.0
43279099999,"CHENNAI MEENAMBAKKAM, IN",12.994,80.181,16.0,2022-04-15,2022,89.6,96.0,83.9,77.8,1007.1,6.9,0.0
43279099999,"CHENNAI MEENAMBAKKAM, IN",12.994,80.181,16.0,2022-04-19,2022,92.0,99.8,88.0,73.0,1008.3,5.3,0.0
43279099999,"CHENNAI MEENAMBAKKAM, IN",12.994,80.181,16.0,2022-04-23,2022,94.2,99.4,89.5,73.9,1006.6,12.7,1.0
43279099999,"CHENNAI MEENAMBAKKAM, IN",12.994,80.181,16.0,2022-04-27,2022,91.9,96.2,86.5,76.8,1008.7,6.4,0.0
43279099999,"CHENNAI MEENAMBAKKAM, IN",12.994,80.181,16.0,2022-05-03,2022,92.1,96.5,86.9,77.9,1010.2,13.3,0.0
43279099999,"CHENNAI MEENAMBAKKAM, IN",12.994,80.181,16.0,2022-05-06,2022,92.1,98.5,87.2,75.8,1009.3,11.6,0.0
43279099999,"CHENNAI MEENAMBAKKAM, IN",12.994,80.181,16.0,2022-05-12,2022,94.9,102.4,89.6,76.0,1006.1,13.4,0.95
43279099999,"CHENNAI MEENAMBAKKAM, IN",12.994,80.181,16.0,2022-05-16,2022,93.5,97.7,87.9,76.1,1003.7,7.9,0.0
43279099999,"CHENNAI MEENAMBAKKAM, IN",12.994,80.181,16.0,2022-05-20,2022,93.0,100.9,86.7,75.0,1007.8,10.2,0.58
43279099999,"CHENNAI MEENAMBAKKAM, IN",12.994,80.181,16.0,2022-05-25,2022,92.0,98.3,87.8,76.8,1009.4,8.6,0.65
43279099999,"CHENNAI MEENAMBAKKAM, IN",12.994,80.181,16.0,2022-05-28,2022,90.5,96.4,84.5,77.6,1007.5,6.8,0.0
43279099999,"CHENNAI MEENAMBAKKAM, IN",12.994,80.181,16.0,2022-06-03,2022,92.3,97.6,85.5,77.9,1006.1,5.8,0.0
43279099999,"CHENNAI MEENAMBAKKAM, IN",12.994,80.181,16.0,2022-06-06,2022,92.8,99.8,88.3,75.0,1009.6,8.1,0.0
43279099999,"CHENNAI MEENAMBAKKAM, IN",12.994,80.181,16.0,2022-06-11,2022,91.1,95.9,86.0,81.0,1007.6,11.8,0.0
43279099999,"CHENNAI MEENAMBAKKAM, IN",12.994,80.181,16.0,2022-06-15,2022,89.5,97.0,83.1,76.3,1007.4,5.1,0.0
43279099999,"CHENNAI MEENAMBAKKAM, IN",12.994,80.181,16.0,2022-06-20,2022,91.2,98.1,86.5,72.3,1005.9,9.9,0.0
43279099999,"CHENNAI MEENAMBAKKAM, IN",12.994,80.181,16.0,2022-06-24,2022,87.4,92.9,80.7,78.7,1011.4,9.7,0.0
43295099999,"BANGALORE AIRPORT, IN",13.198,77.706,915.0,2022-04-02,2022,80.5,84.7,74.6,62.4,1010.1,6.1,0.0
43295099999,"BANGALORE AIRPORT, IN",13.198,77.706,915.0,2022-04-05,2022,83.0,87.1,76.4,59.8,1010.5,11.2,0.0
43295099999,"BANGALORE AIRPORT, IN",13.198,77.706,915.0,2022-04-10,2022,83.1,88.5,77.3,64.8,1010.4,6.7,0.68
43295099999,"BANGALORE AIRPORT, IN",13.198,77.706,915.0,2022-04-15,2022,83.5,88.5,78.3,53.5,1011.4,7.3,0.0
43295099999,"BANGALORE AIRPORT, IN",13.198,77.706,915.0,2022-04-19,2022,80.8,87.2,74.9,56.6,1011.0,13.0,0.0
43295099999,"BANGALORE AIRPORT, IN",13.198,77.706,915.0,2022-04-24,2022,84.7,89.4,79.7,62.5,1011.9,9.1,0.52
43295099999,"BANGALORE AIRPORT, IN",13.198,77.706,915.0,2022-04-27,2022,85.3,90.6,79.6,67.6,1013.3,9.4,0.0
43295099999,"BANGALORE AIRPORT, IN",13.198,77.706,915.0,2022-05-02,2022,84.0,89.7,77.9,63.3,1006.8,7.6,0.5
43295099999,"BANGALORE AIRPORT, IN",13.198,77.706,915.0,2022-05-06,2022,82.3,88.3,76.6,60.0,1014.3,7.3,0.4
43295099999,"BANGALORE AIRPORT, IN",13.198,77.706,915.0,2022-05-11,2022,82.5,88.7,76.2,63.4,1011.1,13.0,0.0
43295099999,"BANGALORE AIRPORT, IN",13.198,77.706,915.0,2022-05-16,2022,83.0,87.4,78.4,68.9,1008.8,7.1,0.69
43295099999,"BANGALORE AIRPORT, IN",13.198,77.706,915.0,2022-05-19,2022,83.2,87.9,79.1,60.4,1007.4,6.6,0.0
43295099999,"BANGALORE AIRPORT, IN",13.198,77.706,915.0,2022-05-25,2022,81.7,86.2,76.5,62.9,1009.1,9.8,0.2
43295099999,"BANGALORE AIRPORT, IN",13.198,77.706,915.0,2022-05-29,2022,81.4,86.1,75.4,58.1,1009.8,7.6,0.0
43295099999,"BANGALORE AIRPORT, IN",13.198,77.706,915.0,2022-06-03,2022,79.8,85.8,73.2,65.7,1010.2,13.1,0.0
43295099999,"BANGALORE AIRPORT, IN",13.198,77.706,915.0,2022-06-07,2022,79.6,84.8,72.8,61.9,1008.5,10.6,0.0
43295099999,"BANGALORE AIRPORT, IN",13.198,77.706,915.0,2022-06-11,2022,82.6,88.0,76.1,67.7,1006.2,6.3,0.0
43295099999,"BANGALORE AIRPORT, IN",13.198,77.706,915.0,2022-06-16,2022,81.9,87.5,76.0,62.4,1011.3,6.4,0.0
43295099999,"BANGALORE AIRPORT, IN",13.198,77.706,915.0,2022-06-21,2022,81.7,86.2,76.8,60.4,1009.4,13.4,0.0
43295099999,"BANGALORE AIRPORT, IN",13.198,77.706,915.0,2022-06-24,2022,79.7,85.8,75.3,66.8,1010.0,12.2,0.0
43314099999,"COIMBATORE PEELAMEDU, IN",11.03,77.043,406.0,2022-04-02,2022,91.7,97.8,84.3,61.0,1004.6,11.3,0.0
43314099999,"COIMBATORE PEELAMEDU, IN",11.03,77.043,406.0,2022-04-05,2022,85.2,94.1,78.8,54.0,1002.8,5.8,0.0
43314099999,"COIMBATORE PEELAMEDU, IN",11.03,77.043,406.0,2022-04-09,2022,89.2,96.7,82.0,63.2,1002.8,10.4,0.0
43314099999,"COIMBATORE PEELAMEDU, IN",11.03,77.043,406.0,2022-04-14,2022,90.9,97.6,82.8,59.3,1006.3,7.9,0.0
43314099999,"COIMBATORE PEELAMEDU, IN",11.03,77.043,406.0,2022-04-18,2022,92.7,102.3,83.8,9999.9,1005.5,5.0,0.0
43314099999,"COIMBATORE PEELAMEDU, IN",11.03,77.043,406.0,2022-04-23,2022,88.1,96.5,80.6,52.6,1004.6,6.5,0.0
43314099999,"COIMBATORE PEELAMEDU, IN",11.03,77.043,406.0,2022-04-27,2022,89.7,96.7,82.1,57.3,1005.7,9.3,0.0
43314099999,"COIMBATORE PEELAMEDU, IN",11.03,77.043,406.0,2022-05-03,2022,90.7,96.8,82.1,60.3,1004.7,9.7,0.0
43314099999,"COIMBATORE PEELAMEDU, IN",11.03,77.043,406.0,2022-05-07,2022,91.0,101.0,84.5,63.0,1003.8,7.0,0.0
43314099999,"COIMBATORE PEELAMEDU, IN",11.03,77.043,406.0,2022-05-12,2022,93.6,102.6,86.5,60.8,1006.0,5.3,0.0
43314099999,"COIMBATORE PEELAMEDU, IN",11.03,77.043,406.0,2022-05-16,2022,92.2,101.6,86.0,62.1,1007.9,8.3,0.0
43314099999,"COIMBATORE PEELAMEDU, IN",11.03,77.043,406.0,2022-05-19,2022,91.4,100.1,83.5,58.8,1006.7,5.8,0.0
43314099999,"COIMBATORE PEELAMEDU, IN",11.03,77.043,406.0,2022-05-25,2022,88.4,96.1,79.8,61.6,1005.9,6.8,0.0
43314099999,"COIMBATORE PEELAMEDU, IN",11.03,77.043,406.0,2022-05-29,2022,90.1,98.2,82.2,60.7,1002.2,8.4,0.0
43314099999,"COIMBATORE PEELAMEDU, IN",11.03,77.043,406.0,2022-06-02,2022,89.2,95.7,81.8,61.6,1006.3,10.6,0.0
43314099999,"COIMBATORE PEELAMEDU, IN",11.03,77.043,406.0,2022-06-06,2022,88.0,95.3,80.3,66.3,1004.3,9.5,0.12
43314099999,"COIMBATORE PEELAMEDU, IN",11.03,77.043,406.0,2022-06-12,2022,91.5,100.6,85.2,62.9,1004.7,7.3,0.0
43314099999,"COIMBATORE PEELAMEDU, IN",11.03,77.043,406.0,2022-06-15,2022,92.9,100.2,85.8,56.4,1007.8,9.7,0.0
43314099999,"COIMBATORE PEELAMEDU, IN",11.03,77.043,406.0,2022-06-21,2022,90.7,100.3,83.1,58.5,1008.8,7.3,0.0
43314099999,"COIMBATORE PEELAMEDU, IN",11.03,77.043,406.0,2022-06-25,2022,87.8,96.1,79.8,62.4,1006.5,8.9,0.3
43333099999,"MADURAI AIRPORT, IN",9.835,78.093,139.0,2022-04-01,2022,92.5,103.4,86.4,75.7,1006.6,3.2,0.0
43333099999,"MADURAI AIRPORT, IN",9.835,78.093,139.0,2022-04-06,2022,90.0,96.9,84.5,77.2,1001.7,7.7,0.0
43333099999,"MADURAI AIRPORT, IN",9.835,78.093,139.0,2022-04-09,2022,95.9,104.4,89.9,76.7,1002.8,5.7,0.0
43333099999,"MADURAI AIRPORT, IN",9.835,78.093,139.0,2022-04-14,2022,93.6,103.5,85.0,70.0,1004.6,5.7,0.44
43333099999,"MADURAI AIRPORT, IN",9.835,78.093,139.0,2022-04-19,2022,94.4,104.3,88.8,75.6,1007.6,8.2,0.0
43333099999,"MADURAI AIRPORT, IN",9.835,78.093,139.0,2022-04-23,2022,98.2,106.5,90.3,71.6,1004.6,6.1,0.8
43333099999,"MADURAI AIRPORT, IN",9.835,78.093,139.0,2022-04-28,2022,92.5,102.9,87.1,70.9,1006.9,7.6,0.0
43333099999,"MADURAI AIRPORT, IN",9.835,78.093,139.0,2022-05-02,2022,99.3,106.9,93.6,69.6,1003.8,4.7,0.0
43333099999,"MADURAI AIRPORT, IN",9.835,78.093,139.0,2022-05-07,2022,96.3,102.9,87.5,74.1,1003.4,6.4,0.48
43333099999,"MADURAI AIRPORT, IN",9.835,78.093,139.0,2022-05-12,2022,97.4,106.2,91.7,71.9,1005.0,4.9,0.0
43333099999,"MADURAI AIRPORT, IN",9.835,78.093,139.0,2022-05-15,2022,97.6,104.2,92.4,73.3,1004.1,5.6,0.53
43333099999,"MADURAI AIRPORT, IN",9.835,78.093,139.0,2022-05-20,2022,96.3,103.9,88.0,73.0,1004.3,7.3,0.0
43333099999,"MADURAI AIRPORT, IN",9.835,78.093,139.0,2022-05-25,2022,95.8,104.7,90.5,78.1,1006.1,7.8,0.0
43333099999,"MADURAI AIRPORT, IN",9.835,78.093,139.0,2022-05-29,2022,95.6,103.9,86.8,75.4,1004.3,3.9,0.0
43333099999,"MADURAI AIRPORT, IN",9.835,78.093,139.0,2022-06-03,2022,98.2,108.1,89.7,74.4,1004.8,5.7,0.43
43333099999,"MADURAI AIRPORT, IN",9.835,78.093,139.0,2022-06-07,2022,96.4,105.4,90.9,68.6,1002.7,3.6,0.0
43333099999,"MADURAI AIRPORT, IN",9.835,78.093,139.0,2022-06-12,2022,92.6,101.3,86.0,73.7,1008.5,5.5,0.0
43333099999,"MADURAI AIRPORT, IN",9.835,78.093,139.0,2022-06-16,2022,99.0,106.1,91.2,75.2,1006.0,5.6,0.0
43333099999,"MADURAI AIRPORT, IN",9.835,78.093,139.0,2022-06-20,2022,90.5,99.8,85.2,71.7,1003.4,8.6,0.0
43333099999,"MADURAI AIRPORT, IN",9.835,78.093,139.0,2022-06-24,2022,92.3,102.4,86.6,72.8,1004.1,8.7,0.14
43353099999,"KOCHI COCHIN AIRPORT, IN",10.152,76.402,8.0,2022-04-02,2022,85.3,91.9,81.1,78.2,1005.9,7.0,0.74
43353099999,"KOCHI COCHIN AIRPORT, IN",10.152,76.402,8.0,2022-04-05,2022,89.6,95.4,84.7,81.5,1006.2,10.5,0.0
43353099999,"KOCHI COCHIN AIRPORT, IN",10.152,76.402,8.0,2022-04-10,2022,85.1,92.8,78.3,75.6,1010.2,11.5,0.0
43353099999,"KOCHI COCHIN AIRPORT, IN",10.152,76.402,8.0,2022-04-15,2022,93.6,101.0,87.0,73.3,9999.9,5.6,0.0
43353099999,"KOCHI COCHIN AIRPORT, IN",10.152,76.402,8.0,2022-04-19,2022,89.5,94.0,84.7,76.1,1013.3,5.3,0.0
43353099999,"KOCHI COCHIN AIRPORT, IN",10.152,76.402,8.0,2022-04-24,2022,88.0,93.6,82.4,77.0,1008.9,11.0,0.0
43353099999,"KOCHI COCHIN AIRPORT, IN",10.152,76.402,8.0,2022-04-28,2022,92.9,97.6,85.9,76.6,1008.6,11.0,0.18
43353099999,"KOCHI COCHIN AIRPORT, IN",10.152,76.402,8.0,2022-05-03,2022,90.5,98.4,86.1,77.0,1007.3,6.2,0.0
43353099999,"KOCHI COCHIN AIRPORT, IN",10.152,76.402,8.0,2022-05-07,2022,92.5,99.0,87.1,75.4,1008.8,8.8,0.0
43353099999,"KOCHI COCHIN AIRPORT, IN",10.152,76.402,8.0,2022-05-11,2022,91.4,97.7,84.9,79.2,1007.9,7.1,0.0
43353099999,"KOCHI COCHIN AIRPORT, IN",10.152,76.402,8.0,2022-05-15,2022,88.3,94.6,82.2,79.5,1006.2,6.0,0.0
43353099999,"KOCHI COCHIN AIRPORT, IN",10.152,76.402,8.0,2022-05-20,2022,90.3,96.2,86.1,74.9,1010.7,13.0,0.62
43353099999,"KOCHI COCHIN AIRPORT, IN",10.152,76.402,8.0,2022-05-25,2022,87.5,94.0,80.8,84.2,1010.1,9.8,0.6
43353099999,"KOCHI COCHIN AIRPORT, IN",10.152,76.402,8.0,2022-05-29,2022,91.6,99.5,85.2,76.2,1008.6,7.6,1.12
43353099999,"KOCHI COCHIN AIRPORT, IN",10.152,76.402,8.0,2022-06-02,2022,92.0,98.5,86.2,78.0,1009.1,10.2,0.0
43353099999,"KOCHI COCHIN AIRPORT, IN",10.152,76.402,8.0,2022-06-07,2022,90.9,95.2,85.4,75.9,1007.7,12.7,0.0
43353099999,"KOCHI COCHIN AIRPORT, IN",10.152,76.402,8.0,2022-06-11,2022,90.1,97.1,84.3,79.2,1009.2,13.2,0.0
43353099999,"KOCHI COCHIN AIRPORT, IN",10.152,76.402,8.0,2022-06-15,2022,84.9,90.8,78.5,78.0,1008.4,12.8,0.0
43353099999,"KOCHI COCHIN AIRPORT, IN",10.152,76.402,8.0,2022-06-20,2022,89.7,97.0,83.4,75.4,1010.2,8.7,0.0
43353099999,"KOCHI COCHIN AIRPORT, IN",10.152,76.402,8.0,2022-06-25,2022,91.0,95.2,86.2,74.4,1008.8,12.4,0.61
43371099999,"THIRUVANANTHAPURAM, IN",8.482,76.92,64.0,2022-04-01,2022,87.1,92.6,80.9,9999.9,1006.7,9.3,1.06
43371099999,"THIRUVANANTHAPURAM, IN",8.482,76.92,64.0,2022-04-06,2022,90.8,98.7,84.8,78.7,1009.0,5.4,0.0
43371099999,"THIRUVANANTHAPURAM, IN",8.482,76.92,64.0,2022-04-10,2022,90.9,96.3,86.1,77.7,1006.7,5.9,0.0
43371099999,"THIRUVANANTHAPURAM, IN",8.482,76.92,64.0,2022-04-14,2022,90.8,96.8,84.7,9999.9,9999.9,13.9,0.0
43371099999,"THIRUVANANTHAPURAM, IN",8.482,76.92,64.0,2022-04-19,2022,92.5,96.9,88.2,78.1,1008.7,9.0,0.41
43371099999,"THIRUVANANTHAPURAM, IN",8.482,76.92,64.0,2022-04-23,2022,92.6,100.4,86.7,76.3,1006.2,11.4,1.04
43371099999,"THIRUVANANTHAPURAM, IN",8.482,76.92,64.0,2022-04-27,2022,90.6,98.2,84.5,74.5,1006.6,7.3,0.0
43371099999,"THIRUVANANTHAPURAM, IN",8.482,76.92,64.0,2022-05-03,2022,91.0,98.0,84.9,74.4,1007.4,11.0,0.0
43371099999,"THIRUVANANTHAPURAM, IN",8.482,76.92,64.0,2022-05-06,2022,87.9,93.5,82.9,76.9,1008.0,5.5,0.0
43371099999,"THIRUVANANTHAPURAM, IN",8.482,76.92,64.0,2022-05-11,2022,90.0,96.4,85.5,78.0,1009.9,9.4,0.95
43371099999,"THIRUVANANTHAPURAM, IN",8.482,76.92,64.0,2022-05-16,2022,88.6,93.0,84.4,74.5,1006.5,10.1,0.0
43371099999,"THIRUVANANTHAPURAM, IN",8.482,76.92,64.0,2022-05-19,2022,89.8,97.5,83.8,78.4,1007.6,7.4,0.0
43371099999,"THIRUVANANTHAPURAM, IN",8.482,76.92,64.0,2022-05-25,2022,90.9,96.8,85.7,71.4,1009.3,11.5,0.0
43371099999,"THIRUVANANTHAPURAM, IN",8.482,76.92,64.0,2022-05-29,2022,89.0,93.5,83.4,76.5,1008.6,13.9,0.0
43371099999,"THIRUVANANTHAPURAM, IN",8.482,76.92,64.0,2022-06-02,2022,93.5,98.9,86.9,73.1,1002.0,8.1,0.0
43371099999,"THIRUVANANTHAPURAM, IN",8.482,76.92,64.0,2022-06-06,2022,91.1,99.0,85.2,80.9,1010.5,7.7,0.0
43371099999,"THIRUVANANTHAPURAM, IN",8.482,76.92,64.0,2022-06-12,2022,90.8,97.7,86.3,75.1,1009.6,6.7,0.0
43371099999,"THIRUVANANTHAPURAM, IN",8.482,76.92,64.0,2022-06-16,2022,88.3,94.3,81.4,77.6,1009.0,12.3,0.0
43371099999,"THIRUVANANTHAPURAM, IN",8.482,76.92,64.0,2022-06-20,2022,91.6,97.3,87.0,83.3,1008.8,10.9,0.0
43371099999,"THIRUVANANTHAPURAM, IN",8.482,76.92,64.0,2022-06-24,2022,88.4,96.1,84.3,76.3,1004.5,6.3,0.0
42027099999,"SRINAGAR AIRPORT, IN",34.0,74.774,1587.0,2022-04-01,2022,62.8,67.9,55.3,39.4,1012.4,11.2,0.0
42027099999,"SRINAGAR AIRPORT, IN",34.0,74.774,1587.0,2022-04-05,2022,65.4,73.6,59.9,37.7,1017.4,8.0,0.0
42027099999,"SRINAGAR AIRPORT, IN",34.0,74.774,1587.0,2022-04-10,2022,65.5,71.8,56.6,41.0,1013.0,8.6,0.76
42027099999,"SRINAGAR AIRPORT, IN",34.0,74.774,1587.0,2022-04-15,2022,66.4,71.6,60.3,44.3,1011.4,10.1,0.36
42027099999,"SRINAGAR AIRPORT, IN",34.0,74.774,1587.0,2022-04-18,2022,64.6,70.0,56.2,39.8,1010.0,999.9,0.0
42027099999,"SRINAGAR AIRPORT, IN",34.0,74.774,1587.0,2022-04-23,2022,64.6,73.3,56.8,39.1,1016.6,8.7,0.0
42027099999,"SRINAGAR AIRPORT, IN",34.0,74.774,1587.0,2022-04-27,2022,67.6,73.4,60.0,41.8,1016.6,8.2,0.0
42027099999,"SRINAGAR AIRPORT, IN",34.0,74.774,1587.0,2022-05-02,2022,66.9,74.7,59.4,42.6,1013.7,4.7,0.0
42027099999,"SRINAGAR AIRPORT, IN",34.0,74.774,1587.0,2022-05-06,2022,68.0,73.5,60.9,38.7,1006.7,4.8,0.0
42027099999,"SRINAGAR AIRPORT, IN",34.0,74.774,1587.0,2022-05-11,2022,67.2,73.3,61.4,46.7,1016.8,10.4,0.0
42027099999,"SRINAGAR AIRPORT, IN",34.0,74.774,1587.0,2022-05-15,2022,70.0,75.2,63.5,45.9,1014.3,5.7,0.0
42027099999,"SRINAGAR AIRPORT, IN",34.0,74.774,1587.0,2022-05-19,2022,68.0,76.0,59.3,38.5,1013.1,5.4,0.0
42027099999,"SRINAGAR AIRPORT, IN",34.0,74.774,1587.0,2022-05-25,2022,69.0,76.3,62.6,45.8,1013.6,5.6,0.0
42027099999,"SRINAGAR AIRPORT, IN",34.0,74.774,1587.0,2022-05-28,2022,66.2,72.1,59.5,41.0,1015.8,5.6,0.0
42027099999,"SRINAGAR AIRPORT, IN",34.0,74.774,1587.0,2022-06-03,2022,63.4,69.0,54.7,31.8,1012.3,7.6,0.0
42027099999,"SRINAGAR AIRPORT, IN",34.0,74.774,1587.0,2022-06-07,2022,63.7,69.5,58.2,39.0,1013.6,9.5,0.17
42027099999,"SRINAGAR AIRPORT, IN",34.0,74.774,1587.0,2022-06-12,2022,65.2,71.1,59.0,46.8,1015.0,5.3,0.0
42027099999,"SRINAGAR AIRPORT, IN",34.0,74.774,1587.0,2022-06-15,2022,66.8,72.2,58.4,43.5,1010.6,7.9,0.0
42027099999,"SRINAGAR AIRPORT, IN",34.0,74.774,1587.0,2022-06-21,2022,68.1,76.0,62.1,40.7,1016.0,6.6,0.0
42027099999,"SRINAGAR AIRPORT, IN",34.0,74.774,1587.0,2022-06-24,2022,62.5,69.2,57.3,34.8,1016.5,11.9,0.0
42034099999,"LEH AIRPORT, IN",34.136,77.546,3256.0,2022-04-01,2022,48.7,55.1,41.8,21.4,1013.0,12.7,0.22
42034099999,"LEH AIRPORT, IN",34.136,77.546,3256.0,2022-04-05,2022,51.8,56.8,43.1,20.2,1021.7,7.9,0.0
42034099999,"LEH AIRPORT, IN",34.136,77.546,3256.0,2022-04-10,2022,45.2,52.5,35.7,27.6,1014.8,10.9,0.0
42034099999,"LEH AIRPORT, IN",34.136,77.546,3256.0,2022-04-14,2022,50.8,57.0,42.1,22.8,1015.4,12.4,0.0
42034099999,"LEH AIRPORT, IN",34.136,77.546,3256.0,2022-04-18,2022,49.2,56.6,42.9,21.0,1018.6,16.6,0.0
42034099999,"LEH AIRPORT, IN",34.136,77.546,3256.0,2022-04-23,2022,47.7,53.0,40.2,24.1,1012.5,13.4,0.0
42034099999,"LEH AIRPORT, IN",34.136,77.546,3256.0,2022-04-27,2022,40.8,46.2,33.5,24.2,1024.4,12.5,0.0
42034099999,"LEH AIRPORT, IN",34.136,77.546,3256.0,2022-05-02,2022,52.8,60.1,43.8,24.9,1015.1,9.8,0.0
42034099999,"LEH AIRPORT, IN",34.136,77.546,3256.0,2022-05-07,2022,50.3,56.4,42.4,27.2,1011.9,12.3,0.22
42034099999,"LEH AIRPORT, IN",34.136,77.546,3256.0,2022-05-12,2022,54.3,61.7,44.5,27.9,1018.5,15.7,0.0
42034099999,"LEH AIRPORT, IN",34.136,77.546,3256.0,2022-05-15,2022,51.9,58.1,45.2,25.1,1018.4,17.5,0.06
42034099999,"LEH AIRPORT, IN",34.136,77.546,3256.0,2022-05-19,2022,52.5,59.0,43.9,23.6,1014.0,9.5,0.0
42034099999,"LEH AIRPORT, IN",34.136,77.546,3256.0,2022-05-25,2022,50.6,57.8,44.5,31.2,1011.7,8.3,0.24
42034099999,"LEH AIRPORT, IN",34.136,77.546,3256.0,2022-05-29,2022,45.0,51.9,35.8,25.7,1016.2,11.8,0.0
42034099999,"LEH AIRPORT, IN",34.136,77.546,3256.0,2022-06-02,2022,50.5,58.2,43.3,26.0,1015.2,15.5,0.0
42034099999,"LEH AIRPORT, IN",34.136,77.546,3256.0,2022-06-06,2022,54.8,60.9,47.0,18.6,1013.1,8.0,0.0
42034099999,"LEH AIRPORT, IN",34.136,77.546,3256.0,2022-06-11,2022,48.9,54.4,42.4,18.4,1015.4,17.9,0.0
42034099999,"LEH AIRPORT, IN",34.136,77.546,3256.0,2022-06-15,2022,54.7,61.7,44.8,25.1,1016.8,7.8,0.0
42034099999,"LEH AIRPORT, IN",34.136,77.546,3256.0,2022-06-20,2022,44.0,50.2,36.0,22.5,9999.9,7.7,0.0
42034099999,"LEH AIRPORT, IN",34.136,77.546,3256.0,2022-06-25,2022,46.8,53.8,39.6,30.1,1018.0,16.8,0.0
42111099999,"DEHRADUN, IN",30.326,78.032,682.0,2022-04-02,2022,81.7,89.1,75.4,60.0,1008.2,6.9,0.42
42111099999,"DEHRADUN, IN",30.326,78.032,682.0,2022-04-05,2022,86.6,94.4,80.3,65.3,1004.5,4.3,0.0
42111099999,"DEHRADUN, IN",30.326,78.032,682.0,2022-04-10,2022,83.3,90.1,77.1,54.0,1006.4,9.1,0.0
42111099999,"DEHRADUN, IN",30.326,78.032,682.0,2022-04-15,2022,86.5,93.8,78.7,62.9,1006.8,9.7,0.0
42111099999,"DEHRADUN, IN",30.326,78.032,682.0,2022-04-19,2022,85.4,92.9,79.3,59.6,1004.9,6.1,0.0
42111099999,"DEHRADUN, IN",30.326,78.032,682.0,2022-04-24,2022,90.7,99.6,83.4,52.6,1007.5,6.7,0.0
42111099999,"DEHRADUN, IN",30.326,78.032,682.0,2022-04-28,2022,90.9,97.4,83.1,59.0,1006.5,4.5,0.0
42111099999,"DEHRADUN, IN",30.326,78.032,682.0,2022-05-02,2022,86.4,96.1,78.6,58.3,1010.4,6.3,0.4
42111099999,"DEHRADUN, IN",30.326,78.032,682.0,2022-05-06,2022,82.9,89.7,74.4,65.1,1003.4,5.7,0.0
42111099999,"DEHRADUN, IN",30.326,78.032,682.0,2022-05-12,2022,87.0,95.2,79.6,57.3,1008.5,4.2,0.19
42111099999,"DEHRADUN, IN",30.326,78.032,682.0,2022-05-16,2022,84.4,92.0,76.9,60.8,1012.1,8.1,0.0
42111099999,"DEHRADUN, IN",30.326,78.032,682.0,2022-05-19,2022,84.8,93.2,77.7,59.8,1005.3,6.9,0.0
42111099999,"DEHRADUN, IN",30.326,78.032,682.0,2022-05-24,2022,88.3,95.7,80.1,59.1,1005.4,4.1,0.0
42111099999,"DEHRADUN, IN",30.326,78.032,682.0,2022-05-28,2022,88.2,95.6,82.0,66.2,1006.5,6.2,0.0
42111099999,"DEHRADUN, IN",30.326,78.032,682.0,2022-06-02,2022,88.3,96.4,80.0,53.8,1004.6,5.1,0.46
42111099999,"DEHRADUN, IN",30.326,78.032,682.0,2022-06-07,2022,87.4,94.5,79.3,64.9,1007.9,6.2,0.0
42111099999,"DEHRADUN, IN",30.326,78.032,682.0,2022-06-12,2022,85.4,92.9,77.9,59.0,1003.9,6.0,0.0
42111099999,"DEHRADUN, IN",30.326,78.032,682.0,2022-06-15,2022,86.9,96.1,79.2,62.5,1005.9,8.1,0.0
42111099999,"DEHRADUN, IN",30.326,78.032,682.0,2022-06-20,2022,84.1,91.8,75.4,60.1,1005.9,4.7,0.06
42111099999,"DEHRADUN, IN",30.326,78.032,682.0,2022-06-25,2022,84.3,93.9,76.5,67.4,1006.4,8.6,0.0
42103099999,"SHIMLA, IN",31.105,77.173,2205.0,2022-04-01,2022,63.7,69.2,55.9,38.4,1016.2,9.5,0.0
42103099999,"SHIMLA, IN",31.105,77.173,2205.0,2022-04-05,2022,64.5,69.8,56.4,38.4,1018.0,10.1,0.14
42103099999,"SHIMLA, IN",31.105,77.173,2205.0,2022-04-09,2022,68.9,77.6,63.8,38.6,1008.4,6.4,0.13
42103099999,"SHIMLA, IN",31.105,77.173,2205.0,2022-04-14,2022,68.4,74.1,62.0,38.3,1016.4,4.7,0.0
42103099999,"SHIMLA, IN",31.105,77.173,2205.0,2022-04-18,2022,61.3,69.7,53.2,44.6,1010.4,8.9,0.0
42103099999,"SHIMLA, IN",31.105,77.173,2205.0,2022-04-23,2022,68.5,76.3,59.6,9999.9,1011.1,5.4,0.0
42103099999,"SHIMLA, IN",31.105,77.173,2205.0,2022-04-28,2022,66.0,72.4,58.6,43.7,1014.3,7.5,0.0
42103099999,"SHIMLA, IN",31.105,77.173,2205.0,2022-05-02,2022,68.7,75.7,62.0,48.9,1009.3,10.1,0.0
42103099999,"SHIMLA, IN",31.105,77.173,2205.0,2022-05-07,2022,71.5,79.3,64.2,41.4,1011.3,4.3,0.0
42103099999,"SHIMLA, IN",31.105,77.173,2205.0,2022-05-12,2022,64.2,72.0,55.8,40.2,1016.8,5.8,0.0
42103099999,"SHIMLA, IN",31.105,77.173,2205.0,2022-05-16,2022,67.2,76.0,60.8,47.0,1009.6,4.1,0.0
42103099999,"SHIMLA, IN",31.105,77.173,2205.0,2022-05-19,2022,67.5,73.0,60.9,36.0,1015.1,9.6,0.0
42103099999,"SHIMLA, IN",31.105,77.173,2205.0,2022-05-25,2022,69.6,78.5,63.3,39.3,1006.2,8.8,0.0
42103099999,"SHIMLA, IN",31.105,77.173,2205.0,2022-05-29,2022,67.8,75.8,59.7,42.7,1015.2,8.7,0.0
42103099999,"SHIMLA, IN",31.105,77.173,2205.0,2022-06-03,2022,70.1,79.0,63.0,36.7,1016.0,5.2,0.0
42103099999,"SHIMLA, IN",31.105,77.173,2205.0,2022-06-06,2022,69.8,74.9,61.8,33.9,1015.0,10.6,0.0
42103099999,"SHIMLA, IN",31.105,77.173,2205.0,2022-06-12,2022,65.1,70.7,57.6,40.7,1015.0,4.8,0.69
42103099999,"SHIMLA, IN",31.105,77.173,2205.0,2022-06-16,2022,64.8,71.7,58.7,38.3,1014.1,6.7,0.0
42103099999,"SHIMLA, IN",31.105,77.173,2205.0,2022-06-21,2022,62.8,71.3,57.3,36.7,1016.0,7.6,0.0
42103099999,"SHIMLA, IN",31.105,77.173,2205.0,2022-06-25,2022,62.2,70.7,56.6,43.7,1015.4,7.4,0.0
42071099999,"AMRITSAR, IN",31.71,74.797,234.0,2022-04-02,2022,91.2,103.8,80.1,54.8,1006.6,7.0,0.0
42071099999,"AMRITSAR, IN",31.71,74.797,234.0,2022-04-06,2022,94.1,106.2,84.8,55.9,1004.4,7.7,0.0
42071099999,"AMRITSAR, IN",31.71,74.797,234.0,2022-04-09,2022,99.6,113.5,90.6,56.9,1001.2,8.2,0.36
42071099999,"AMRITSAR, IN",31.71,74.797,234.0,2022-04-15,2022,102.6,113.5,95.3,66.9,1005.9,4.7,0.0
42071099999,"AMRITSAR, IN",31.71,74.797,234.0,2022-04-19,2022,99.6,108.4,91.5,54.2,1000.5,6.8,0.27
42071099999,"AMRITSAR, IN",31.71,74.797,234.0,2022-04-23,2022,101.4,114.3,90.9,60.3,1007.2,9.9,0.0
42071099999,"AMRITSAR, IN",31.71,74.797,234.0,2022-04-27,2022,102.3,115.2,94.1,50.7,1006.2,6.5,0.0
42071099999,"AMRITSAR, IN",31.71,74.797,234.0,2022-05-03,2022,98.4,107.8,87.6,56.3,1003.8,9.8,0.34
42071099999,"AMRITSAR, IN",31.71,74.797,234.0,2022-05-07,2022,107.1,120.7,96.3,73.7,1004.8,9.7,0.0
42071099999,"AMRITSAR, IN",31.71,74.797,234.0,2022-05-12,2022,101.2,112.2,92.1,60.9,1005.7,3.5,0.0
42071099999,"AMRITSAR, IN",31.71,74.797,234.0,2022-05-16,2022,100.9,110.3,91.5,67.2,1003.7,7.4,0.0
42071099999,"AMRITSAR, IN",31.71,74.797,234.0,2022-05-19,2022,103.2,115.2,94.9,61.5,1004.3,9.7,0.0
42071099999,"AMRITSAR, IN",31.71,74.797,234.0,2022-05-25,2022,103.9,118.4,92.5,55.1,1001.3,3.4,0.0
42071099999,"AMRITSAR, IN",31.71,74.797,234.0,2022-05-29,2022,98.1,112.0,88.7,60.4,1005.3,9.0,0.0
42071099999,"AMRITSAR, IN",31.71,74.797,234.0,2022-06-03,2022,101.9,114.5,93.4,66.6,1003.0,7.2,0.0
42071099999,"AMRITSAR, IN",31.71,74.797,234.0,2022-06-07,2022,102.0,113.2,91.6,52.7,1001.8,6.1,0.0
42071099999,"AMRITSAR, IN",31.71,74.797,234.0,2022-06-12,2022,101.3,114.8,92.6,62.4,1002.1,6.9,0.0
42071099999,"AMRITSAR, IN",31.71,74.797,234.0,2022-06-15,2022,98.6,112.6,91.1,50.6,1001.9,7.2,0.0
42071099999,"AMRITSAR, IN",31.71,74.797,234.0,2022-06-20,2022,100.3,111.1,88.3,61.1,1004.5,8.9,0.0
42071099999,"AMRITSAR, IN",31.71,74.797,234.0,2022-06-25,2022,97.0,108.5,89.4,58.2,1001.0,7.2,0.0
42404099999,"GAYA AIRPORT, IN",24.744,84.951,116.0,2022-04-01,2022,97.8,112.3,89.4,60.3,1004.5,3.7,0.0
42404099999,"GAYA AIRPORT, IN",24.744,84.951,116.0,2022-04-05,2022,95.2,106.6,85.9,47.4,1006.3,9.6,0.0
42404099999,"GAYA AIRPORT, IN",24.744,84.951,116.0,2022-04-09,2022,96.1,106.7,84.8,53.9,1005.1,8.7,0.39
42404099999,"GAYA AIRPORT, IN",24.744,84.951,116.0,2022-04-14,2022,97.3,110.2,85.6,63.5,1004.9,4.7,0.0
42404099999,"GAYA AIRPORT, IN",24.744,84.951,116.0,2022-04-18,2022,101.1,112.8,92.7,51.4,1006.6,6.1,0.39
42404099999,"GAYA AIRPORT, IN",24.744,84.951,116.0,2022-04-23,2022,100.7,110.8,88.5,56.4,1003.4,4.1,0.0
42404099999,"GAYA AIRPORT, IN",24.744,84.951,116.0,2022-04-27,2022,95.6,105.5,88.1,60.2,999.9,8.5,0.0
42404099999,"GAYA AIRPORT, IN",24.744,84.951,116.0,2022-05-03,2022,97.4,111.5,85.5,50.6,1006.3,8.8,0.0
42404099999,"GAYA AIRPORT, IN",24.744,84.951,116.0,2022-05-07,2022,99.7,110.9,92.6,65.9,1001.4,3.4,0.0
42404099999,"GAYA AIRPORT, IN",24.744,84.951,116.0,2022-05-12,2022,97.0,106.4,88.1,52.6,1006.7,7.0,0.0
42404099999,"GAYA AIRPORT, IN",24.744,84.951,116.0,2022-05-15,2022,101.4,115.3,90.2,55.5,1003.5,8.5,0.0
42404099999,"GAYA AIRPORT, IN",24.744,84.951,116.0,2022-05-20,2022,103.1,116.7,95.0,63.8,1007.3,5.9,0.0
42404099999,"GAYA AIRPORT, IN",24.744,84.951,116.0,2022-05-24,2022,100.6,108.7,93.4,51.6,1001.8,6.9,0.0
42404099999,"GAYA AIRPORT, IN",24.744,84.951,116.0,2022-05-29,2022,101.9,114.8,93.9,53.4,1000.1,5.8,0.0
42404099999,"GAYA AIRPORT, IN",24.744,84.951,116.0,2022-06-02,2022,101.7,109.8,91.6,58.0,1003.1,8.4,0.0
42404099999,"GAYA AIRPORT, IN",24.744,84.951,116.0,2022-06-06,2022,98.1,107.5,86.0,57.0,1000.2,8.5,0.0
42404099999,"GAYA AIRPORT, IN",24.744,84.951,116.0,2022-06-11,2022,102.0,117.0,93.3,63.4,997.5,7.7,0.0
42404099999,"GAYA AIRPORT, IN",24.744,84.951,116.0,2022-06-16,2022,96.0,105.7,86.3,50.7,1001.0,4.7,0.0
42404099999,"GAYA AIRPORT, IN",24.744,84.951,116.0,2022-06-21,2022,97.4,112.2,88.0,51.0,1000.2,4.5,0.0
42404099999,"GAYA AIRPORT, IN",24.744,84.951,116.0,2022-06-24,2022,94.2,102.6,81.7,59.2,1003.2,6.3,0.0
42619099999,"RANCHI, IN",23.314,85.322,655.0,2022-04-01,2022,84.4,89.4,77.8,56.9,1006.9,8.0,0.0
42619099999,"RANCHI, IN",23.314,85.322,655.0,2022-04-05,2022,85.7,93.0,79.9,62.9,1010.7,9.0,0.0
42619099999,"RANCHI, IN",23.314,85.322,655.0,2022-04-10,2022,84.1,89.7,78.8,59.5,1009.6,5.4,0.0
42619099999,"RANCHI, IN",23.314,85.322,655.0,2022-04-15,2022,84.9,91.0,77.3,59.5,1011.1,9.9,0.0
42619099999,"RANCHI, IN",23.314,85.322,655.0,2022-04-19,2022,85.3,93.3,78.8,52.5,1010.0,12.6,0.0
42619099999,"RANCHI, IN",23.314,85.322,655.0,2022-04-23,2022,88.4,94.0,82.7,58.4,1008.7,5.3,0.0
42619099999,"RANCHI, IN",23.314,85.322,655.0,2022-04-28,2022,89.0,94.2,82.9,50.9,1010.1,10.7,0.0
42619099999,"RANCHI, IN",23.314,85.322,655.0,2022-05-02,2022,90.8,97.2,85.2,55.3,1007.9,7.3,0.0
42619099999,"RANCHI, IN",23.314,85.322,655.0,2022-05-06,2022,85.6,92.9,77.6,58.3,1009.1,9.2,0.0
42619099999,"RANCHI, IN",23.314,85.322,655.0,2022-05-11,2022,88.6,97.2,83.6,60.7,1007.3,10.5,0.0
42619099999,"RANCHI, IN",23.314,85.322,655.0,2022-05-16,2022,89.9,95.5,84.7,52.1,1008.0,11.6,0.0
42619099999,"RANCHI, IN",23.314,85.322,655.0,2022-05-19,2022,88.4,94.8,83.3,57.1,1007.3,10.0,0.0
42619099999,"RANCHI, IN",23.314,85.322,655.0,2022-05-24,2022,88.4,94.3,83.3,59.5,1007.1,10.1,0.0
42619099999,"RANCHI, IN",23.314,85.322,655.0,2022-05-29,2022,85.3,90.7,79.5,63.2,1010.8,6.9,0.0
42619099999,"RANCHI, IN",23.314,85.322,655.0,2022-06-03,2022,85.6,93.8,79.8,59.0,1007.0,11.0,0.0
42619099999,"RANCHI, IN",23.314,85.322,655.0,2022-06-07,2022,88.5,97.1,81.7,57.4,1007.5,7.9,0.16
42619099999,"RANCHI, IN",23.314,85.322,655.0,2022-06-12,2022,86.0,93.2,79.7,53.4,1006.2,11.1,0.0
42619099999,"RANCHI, IN",23.314,85.322,655.0,2022-06-15,2022,85.6,92.7,77.7,55.9,1006.6,10.4,0.0
42619099999,"RANCHI, IN",23.314,85.322,655.0,2022-06-20,2022,88.2,94.4,81.9,62.1,1006.8,12.3,0.0
42619099999,"RANCHI, IN",23.314,85.322,655.0,2022-06-24,2022,86.9,94.0,81.0,58.2,1008.9,5.4,0.04
43014099999,"AURANGABAD CHIKALTHANA, IN",19.863,75.398,582.0,2022-04-02,2022,86.1,92.5,79.3,59.2,1009.0,11.1,0.3
43014099999,"AURANGABAD CHIKALTHANA, IN",19.863,75.398,582.0,2022-04-05,2022,83.7,89.1,76.1,59.7,1009.8,7.4,0.0
43014099999,"AURANGABAD CHIKALTHANA, IN",19.863,75.398,582.0,2022-04-10,2022,85.2,91.6,77.4,56.4,1009.4,11.5,0.0
43014099999,"AURANGABAD CHIKALTHANA, IN",19.863,75.398,582.0,2022-04-14,2022,86.7,93.4,81.6,60.5,1012.7,8.2,0.27
43014099999,"AURANGABAD CHIKALTHANA, IN",19.863,75.398,582.0,2022-04-19,2022,86.0,92.2,78.6,50.7,1008.6,9.9,0.0
43014099999,"AURANGABAD CHIKALTHANA, IN",19.863,75.398,582.0,2022-04-23,2022,89.3,94.8,84.3,55.3,1010.9,5.9,0.39
43014099999,"AURANGABAD CHIKALTHANA, IN",19.863,75.398,582.0,2022-04-27,2022,85.5,92.2,78.6,59.0,1006.8,11.3,0.0
43014099999,"AURANGABAD CHIKALTHANA, IN",19.863,75.398,582.0,2022-05-02,2022,91.9,97.4,84.2,64.2,1006.5,10.9,0.0
43014099999,"AURANGABAD CHIKALTHANA, IN",19.863,75.398,582.0,2022-05-06,2022,87.5,93.3,80.8,59.6,1007.2,11.7,0.02
43014099999,"AURANGABAD CHIKALTHANA, IN",19.863,75.398,582.0,2022-05-12,2022,88.7,96.6,81.9,56.3,1004.2,9.4,0.0
43014099999,"AURANGABAD CHIKALTHANA, IN",19.863,75.398,582.0,2022-05-16,2022,88.8,94.7,83.6,53.4,1007.0,5.2,0.0
43014099999,"AURANGABAD CHIKALTHANA, IN",19.863,75.398,582.0,2022-05-20,2022,91.7,97.1,84.8,51.2,1009.6,10.2,0.0
43014099999,"AURANGABAD CHIKALTHANA, IN",19.863,75.398,582.0,2022-05-25,2022,88.1,94.5,82.4,55.1,1009.6,6.8,0.0
43014099999,"AURANGABAD CHIKALTHANA, IN",19.863,75.398,582.0,2022-05-29,2022,89.2,94.7,83.3,58.5,1009.9,10.7,0.0
43014099999,"AURANGABAD CHIKALTHANA, IN",19.863,75.398,582.0,2022-06-03,2022,87.6,95.8,80.0,53.8,1005.8,10.0,0.0
43014099999,"AURANGABAD CHIKALTHANA, IN",19.863,75.398,582.0,2022-06-06,2022,86.4,92.0,79.9,68.0,1010.5,11.3,0.0
43014099999,"AURANGABAD CHIKALTHANA, IN",19.863,75.398,582.0,2022-06-11,2022,84.9,91.4,79.2,50.9,1009.0,10.4,0.0
43014099999,"AURANGABAD CHIKALTHANA, IN",19.863,75.398,582.0,2022-06-16,2022,88.3,95.0,81.5,58.4,1007.5,6.0,0.0
43014099999,"AURANGABAD CHIKALTHANA, IN",19.863,75.398,582.0,2022-06-20,2022,86.6,94.7,79.9,57.5,1008.2,12.2,0.0
43014099999,"AURANGABAD CHIKALTHANA, IN",19.863,75.398,582.0,2022-06-24,2022,82.0,90.7,75.7,55.3,1006.3,8.7,0.0
43111099999,"SOLAPUR, IN",17.67,75.906,484.0,2022-04-01,2022,96.3,110.1,89.0,73.1,1004.1,3.7,0.0
43111099999,"SOLAPUR, IN",17.67,75.906,484.0,2022-04-06,2022,96.0,108.9,84.4,62.8,1004.4,6.5,0.0
43111099999,"SOLAPUR, IN",17.67,75.906,484.0,2022-04-09,2022,98.6,112.6,89.0,61.2,1009.2,5.9,0.0
43111099999,"SOLAPUR, IN",17.67,75.906,484.0,2022-04-14,2022,95.3,103.9,86.0,60.6,1000.2,8.3,0.0
43111099999,"SOLAPUR, IN",17.67,75.906,484.0,2022-04-19,2022,100.9,114.4,93.1,53.6,1001.7,6.0,0.0
43111099999,"SOLAPUR, IN",17.67,75.906,484.0,2022-04-24,2022,99.3,113.9,89.6,63.1,1005.8,8.4,0.0
43111099999,"SOLAPUR, IN",17.67,75.906,484.0,2022-04-28,2022,97.2,112.0,89.2,58.5,1000.9,3.4,0.0
43111099999,"SOLAPUR, IN",17.67,75.906,484.0,2022-05-02,2022,97.6,112.4,84.7,57.1,1002.1,8.6,0.0
43111099999,"SOLAPUR, IN",17.67,75.906,484.0,2022-05-07,2022,108.3,121.4,99.4,60.4,998.9,5.4,0.0
43111099999,"SOLAPUR, IN",17.67,75.906,484.0,2022-05-12,2022,100.2,111.3,91.9,63.3,1009.3,6.8,0.0
43111099999,"SOLAPUR, IN",17.67,75.906,484.0,2022-05-16,2022,97.4,110.8,85.1,48.8,1008.6,3.6,0.0
43111099999,"SOLAPUR, IN",17.67,75.906,484.0,2022-05-20,2022,102.8,112.3,92.8,53.9,1004.6,5.2,0.0
43111099999,"SOLAPUR, IN",17.67,75.906,484.0,2022-05-25,2022,94.1,103.8,82.5,58.2,1004.0,8.1,0.0
43111099999,"SOLAPUR, IN",17.67,75.906,484.0,2022-05-29,2022,103.8,112.6,92.2,53.1,9999.9,9.6,0.0
43111099999,"SOLAPUR, IN",17.67,75.906,484.0,2022-06-02,2022,98.2,111.8,85.2,59.5,1000.3,7.0,0.0
43111099999,"SOLAPUR, IN",17.67,75.906,484.0,2022-06-07,2022,99.0,109.1,88.0,53.2,1005.0,8.7,0.0
43111099999,"SOLAPUR, IN",17.67,75.906,484.0,2022-06-11,2022,101.9,112.2,91.4,57.0,1003.1,8.8,0.0
43111099999,"SOLAPUR, IN",17.67,75.906,484.0,2022-06-15,2022,94.7,103.4,85.2,56.7,1002.8,3.9,0.0
43111099999,"SOLAPUR, IN",17.67,75.906,484.0,2022-06-21,2022,105.0,119.1,94.5,52.6,1007.4,7.5,0.0
43111099999,"SOLAPUR, IN",17.67,75.906,484.0,2022-06-25,2022,99.6,113.4,91.8,59.6,1008.3,3.9,0.0
43226099999,"GOA DABOLIM, IN",15.381,73.831,56.0,2022-04-01,2022,89.5,96.2,84.1,77.3,1007.9,5.3,0.71
43226099999,"GOA DABOLIM, IN",15.381,73.831,56.0,2022-04-05,2022,91.4,95.9,85.7,79.1,1006.7,5.4,0.51
43226099999,"GOA DABOLIM, IN",15.381,73.831,56.0,2022-04-09,2022,87.2,91.7,81.4,75.9,1006.4,5.4,0.0
43226099999,"GOA DABOLIM, IN",15.381,73.831,56.0,2022-04-15,2022,90.0,94.0,84.3,79.5,1007.1,5.6,0.63
43226099999,"GOA DABOLIM, IN",15.381,73.831,56.0,2022-04-19,2022,90.3,96.2,84.1,76.5,1009.7,10.5,0.0
43226099999,"GOA DABOLIM, IN",15.381,73.831,56.0,2022-04-24,2022,86.7,91.3,80.5,74.8,1008.4,5.8,0.0
43226099999,"GOA DABOLIM, IN",15.381,73.831,56.0,2022-04-28,2022,93.1,99.3,86.3,75.1,1004.2,13.0,0.0
43226099999,"GOA DABOLIM, IN",15.381,73.831,56.0,2022-05-03,2022,92.3,98.6,88.0,74.8,1005.6,10.0,0.78
43226099999,"GOA DABOLIM, IN",15.381,73.831,56.0,2022-05-06,2022,90.2,97.2,84.7,75.9,1006.8,5.2,0.0
43226099999,"GOA DABOLIM, IN",15.381,73.831,56.0,2022-05-11,2022,87.5,92.5,81.4,78.6,1010.5,13.0,0.0
43226099999,"GOA DABOLIM, IN",15.381,73.831,56.0,2022-05-15,2022,92.7,98.6,85.9,73.5,1007.6,8.1,0.13
43226099999,"GOA DABOLIM, IN",15.381,73.831,56.0,2022-05-19,2022,91.5,97.6,86.6,77.9,1009.3,6.6,0.0
43226099999,"GOA DABOLIM, IN",15.381,73.831,56.0,2022-05-24,2022,90.1,96.5,85.1,76.6,1008.9,5.2,0.53
43226099999,"GOA DABOLIM, IN",15.381,73.831,56.0,2022-05-29,2022,93.8,101.6,87.1,78.1,1009.6,5.5,0.0
43226099999,"GOA DABOLIM, IN",15.381,73.831,56.0,2022-06-03,2022,91.1,98.9,86.3,79.9,1008.8,7.9,0.0
43226099999,"GOA DABOLIM, IN",15.381,73.831,56.0,2022-06-06,2022,89.3,94.3,82.4,79.9,1009.4,11.1,0.0
43226099999,"GOA DABOLIM, IN",15.381,73.831,56.0,2022-06-12,2022,89.6,95.4,83.1,75.2,1008.6,9.5,0.0
43226099999,"GOA DABOLIM, IN",15.381,73.831,56.0,2022-06-15,2022,91.0,97.1,85.7,9999.9,1008.6,13.2,0.0
43226099999,"GOA DABOLIM, IN",15.381,73.831,56.0,2022-06-21,2022,92.7,99.3,88.2,79.0,1008.4,5.5,0.0
43226099999,"GOA DABOLIM, IN",15.381,73.831,56.0,2022-06-25,2022,91.0,98.3,86.3,73.8,1008.8,12.6,0.0
43237099999,"MANGALORE BAJPE, IN",12.961,74.89,102.0,2022-04-01,2022,92.1,97.6,87.7,75.8,1006.3,6.3,0.0
43237099999,"MANGALORE BAJPE, IN",12.961,74.89,102.0,2022-04-06,2022,88.1,95.6,81.3,73.6,1006.4,10.7,0.0
43237099999,"MANGALORE BAJPE, IN",12.961,74.89,102.0,2022-04-10,2022,89.0,94.3,83.6,72.8,9999.9,10.4,0.86
43237099999,"MANGALORE BAJPE, IN",12.961,74.89,102.0,2022-04-14,2022,91.6,98.3,86.4,74.1,1011.0,13.1,0.0
43237099999,"MANGALORE BAJPE, IN",12.961,74.89,102.0,2022-04-18,2022,91.2,97.4,84.6,78.9,1006.7,12.3,0.0
43237099999,"MANGALORE BAJPE, IN",12.961,74.89,102.0,2022-04-24,2022,92.3,97.8,85.8,73.6,1009.8,12.3,0.0
43237099999,"MANGALORE BAJPE, IN",12.961,74.89,102.0,2022-04-27,2022,91.2,96.1,87.2,77.7,1005.6,7.5,0.0
43237099999,"MANGALORE BAJPE, IN",12.961,74.89,102.0,2022-05-03,2022,89.6,96.8,85.0,77.9,1006.1,13.8,0.0
43237099999,"MANGALORE BAJPE, IN",12.961,74.89,102.0,2022-05-06,2022,92.2,96.2,85.2,72.9,1009.7,10.7,0.41
43237099999,"MANGALORE BAJPE, IN",12.961,74.89,102.0,2022-05-11,2022,89.2,93.5,84.9,77.7,1009.3,5.6,0.0
43237099999,"MANGALORE BAJPE, IN",12.961,74.89,102.0,2022-05-16,2022,90.2,95.0,84.2,77.8,1008.5,13.9,0.0
43237099999,"MANGALORE BAJPE, IN",12.961,74.89,102.0,2022-05-20,2022,90.5,94.5,85.2,73.8,1004.1,11.1,0.0
43237099999,"MANGALORE BAJPE, IN",12.961,74.89,102.0,2022-05-25,2022,92.0,97.1,86.0,72.4,1008.2,9.2,0.0
43237099999,"MANGALORE BAJPE, IN",12.961,74.89,102.0,2022-05-29,2022,90.8,98.4,85.2,78.1,1007.4,7.8,0.0
43237099999,"MANGALORE BAJPE, IN",12.961,74.89,102.0,2022-06-02,2022,90.4,98.4,85.2,78.2,1008.7,5.7,0.0
43237099999,"MANGALORE BAJPE, IN",12.961,74.89,102.0,2022-06-06,2022,91.4,95.5,86.1,77.5,1004.9,5.2,0.0
43237099999,"MANGALORE BAJPE, IN",12.961,74.89,102.0,2022-06-12,2022,91.7,96.7,86.7,77.9,1006.0,5.5,0.0
43237099999,"MANGALORE BAJPE, IN",12.961,74.89,102.0,2022-06-16,2022,89.6,96.7,83.8,76.3,1007.7,10.2,0.17
43237099999,"MANGALORE BAJPE, IN",12.961,74.89,102.0,2022-06-20,2022,90.3,97.5,86.1,79.9,1010.2,12.2,0.77
43237099999,"MANGALORE BAJPE, IN",12.961,74.89,102.0,2022-06-24,2022,87.0,92.2,81.9,77.9,1010.7,5.9,0.0
43245099999,"TIRUPATI, IN",13.633,79.543,107.0,2022-04-01,2022,93.6,101.8,86.7,76.6,1009.0,5.6,0.0
43245099999,"TIRUPATI, IN",13.633,79.543,107.0,2022-04-05,2022,95.4,103.6,89.1,74.0,1007.1,4.2,0.53
43245099999,"TIRUPATI, IN",13.633,79.543,107.0,2022-04-09,2022,94.1,103.3,88.1,73.4,1004.3,5.5,0.0
43245099999,"TIRUPATI, IN",13.633,79.543,107.0,2022-04-14,2022,97.6,104.2,90.2,70.8,1008.1,6.1,0.0
43245099999,"TIRUPATI, IN",13.633,79.543,107.0,2022-04-18,2022,95.9,102.6,89.7,9999.9,1005.7,5.1,0.0
43245099999,"TIRUPATI, IN",13.633,79.543,107.0,2022-04-23,2022,91.2,98.4,82.9,75.2,1006.8,6.4,0.33
43245099999,"TIRUPATI, IN",13.633,79.543,107.0,2022-04-27,2022,94.6,102.3,86.9,73.7,1008.9,7.2,0.0
43245099999,"TIRUPATI, IN",13.633,79.543,107.0,2022-05-03,2022,95.2,104.2,88.5,70.1,1008.0,4.0,0.0
43245099999,"TIRUPATI, IN",13.633,79.543,107.0,2022-05-06,2022,100.2,109.4,92.5,73.3,1007.0,5.8,0.0
43245099999,"TIRUPATI, IN",13.633,79.543,107.0,2022-05-12,2022,99.2,106.2,93.5,71.1,1004.0,8.9,0.0
43245099999,"TIRUPATI, IN",13.633,79.543,107.0,2022-05-16,2022,99.0,107.2,91.5,78.4,1006.1,8.5,0.0
43245099999,"TIRUPATI, IN",13.633,79.543,107.0,2022-05-19,2022,94.8,105.2,86.9,79.3,1003.9,5.0,0.0
43245099999,"TIRUPATI, IN",13.633,79.543,107.0,2022-05-24,2022,95.7,101.8,88.0,74.3,1008.1,5.3,0.0
43245099999,"TIRUPATI, IN",13.633,79.543,107.0,2022-05-28,2022,97.9,105.8,91.4,74.5,1005.9,4.0,0.0
43245099999,"TIRUPATI, IN",13.633,79.543,107.0,2022-06-02,2022,96.0,102.6,87.5,75.0,999.9,3.8,0.0
43245099999,"TIRUPATI, IN",13.633,79.543,107.0,2022-06-07,2022,94.9,105.8,88.9,74.0,1002.7,3.3,0.0
43245099999,"TIRUPATI, IN",13.633,79.543,107.0,2022-06-12,2022,95.8,103.0,88.3,72.7,1008.5,4.7,0.46
43245099999,"TIRUPATI, IN",13.633,79.543,107.0,2022-06-16,2022,97.7,107.7,90.2,71.9,1004.7,4.0,0.0
43245099999,"TIRUPATI, IN",13.633,79.543,107.0,2022-06-21,2022,93.8,100.7,86.0,71.9,1005.4,6.2,0.0
43245099999,"TIRUPATI, IN",13.633,79.543,107.0,2022-06-24,2022,92.1,99.1,83.5,69.9,1006.2,5.7,0.0
42182099999,"NEW DELHI SAFDARJUNG, IN",28.583,77.2,216.0,2023-04-01,2023,98.0,112.5,88.7,54.6,1005.7,6.9,0.0
42182099999,"NEW DELHI SAFDARJUNG, IN",28.583,77.2,216.0,2023-04-05,2023,95.3,106.5,84.5,59.9,1005.5,6.0,0.0
42182099999,"NEW DELHI SAFDARJUNG, IN",28.583,77.2,216.0,2023-04-10,2023,98.0,106.1,88.3,60.9,1001.5,4.9,0.36
42182099999,"NEW DELHI SAFDARJUNG, IN",28.583,77.2,216.0,2023-04-14,2023,98.3,111.8,85.7,57.6,1000.8,3.7,0.03
42182099999,"NEW DELHI SAFDARJUNG, IN",28.583,77.2,216.0,2023-04-19,2023,99.2,112.4,87.6,50.9,1001.5,8.9,0.0
42182099999,"NEW DELHI SAFDARJUNG, IN",28.583,77.2,216.0,2023-04-24,2023,99.7,107.8,90.9,57.3,1002.3,8.8,0.0
42182099999,"NEW DELHI SAFDARJUNG, IN",28.583,77.2,216.0,2023-04-27,2023,100.8,112.1,90.7,61.0,1005.6,8.3,0.0
42182099999,"NEW DELHI SAFDARJUNG, IN",28.583,77.2,216.0,2023-05-03,2023,99.8,109.4,89.3,52.6,999.9,6.9,0.0
42182099999,"NEW DELHI SAFDARJUNG, IN",28.583,77.2,216.0,2023-05-06,2023,100.5,111.5,87.8,56.8,1000.7,5.9,0.0
42182099999,"NEW DELHI SAFDARJUNG, IN",28.583,77.2,216.0,2023-05-11,2023,98.5,108.6,87.1,56.3,1003.5,6.5,0.0
42182099999,"NEW DELHI SAFDARJUNG, IN",28.583,77.2,216.0,2023-05-16,2023,103.9,117.2,92.7,55.8,1001.8,5.1,0.0
42182099999,"NEW DELHI SAFDARJUNG, IN",28.583,77.2,216.0,2023-05-20,2023,99.5,111.5,87.8,58.4,1000.5,9.4,0.0
42182099999,"NEW DELHI SAFDARJUNG, IN",28.583,77.2,216.0,2023-05-24,2023,103.6,115.3,95.4,49.7,1001.9,3.8,0.0
42182099999,"NEW DELHI SAFDARJUNG, IN",28.583,77.2,216.0,2023-05-28,2023,102.5,115.2,94.5,59.5,1011.1,8.8,0.0
42182099999,"NEW DELHI SAFDARJUNG, IN",28.583,77.2,216.0,2023-06-03,2023,102.0,112.0,93.6,53.6,1002.7,7.6,0.04
42182099999,"NEW DELHI SAFDARJUNG, IN",28.583,77.2,216.0,2023-06-07,2023,95.5,106.3,82.6,58.2,1000.5,3.9,0.0
42182099999,"NEW DELHI SAFDARJUNG, IN",28.583,77.2,216.0,2023-06-11,2023,102.5,111.4,94.2,55.9,1002.6,6.0,0.0
42182099999,"NEW DELHI SAFDARJUNG, IN",28.583,77.2,216.0,2023-06-15,2023,97.4,108.9,86.3,67.3,1002.0,4.9,0.07
42182099999,"NEW DELHI SAFDARJUNG, IN",28.583,77.2,216.0,2023-06-21,2023,103.2,117.6,90.9,62.7,1004.4,6.2,0.0
42182099999,"NEW DELHI SAFDARJUNG, IN",28.583,77.2,216.0,2023-06-25,2023,98.3,108.7,86.2,60.6,997.2,8.5,0.0
42181099999,"NEW DELHI PALAM, IN",28.567,77.1,233.0,2023-04-01,2023,95.4,109.7,84.0,62.8,1002.9,6.2,0.0
42181099999,"NEW DELHI PALAM, IN",28.567,77.1,233.0,2023-04-05,2023,93.1,102.8,80.9,58.3,1008.1,4.9,0.0
42181099999,"NEW DELHI PALAM, IN",28.567,77.1,233.0,2023-04-09,2023,101.3,115.7,91.9,58.3,1005.9,8.3,0.0
42181099999,"NEW DELHI PALAM, IN",28.567,77.1,233.0,2023-04-15,2023,98.0,108.9,90.0,50.1,1000.2,4.5,0.03
42181099999,"NEW DELHI PALAM, IN",28.567,77.1,233.0,2023-04-19,2023,104.1,117.3,92.0,57.2,1002.3,5.8,0.06
42181099999,"NEW DELHI PALAM, IN",28.567,77.1,233.0,2023-04-24,2023,99.7,110.9,92.2,68.1,1007.9,7.6,0.0
42181099999,"NEW DELHI PALAM, IN",28.567,77.1,233.0,2023-04-27,2023,107.1,116.3,100.0,57.8,1003.9,3.7,0.0
42181099999,"NEW DELHI PALAM, IN",28.567,77.1,233.0,2023-05-02,2023,97.3,110.0,89.3,66.0,999.5,5.5,0.0
42181099999,"NEW DELHI PALAM, IN",28.567,77.1,233.0,2023-05-06,2023,102.4,116.3,90.6,53.1,1001.2,7.5,0.0
42181099999,"NEW DELHI PALAM, IN",28.567,77.1,233.0,2023-05-11,2023,99.8,112.0,92.5,55.6,1001.4,5.6,0.0
42181099999,"NEW DELHI PALAM, IN",28.567,77.1,233.0,2023-05-15,2023,100.7,111.6,87.7,62.8,999.7,5.4,0.0
42181099999,"NEW DELHI PALAM, IN",28.567,77.1,233.0,2023-05-19,2023,102.8,115.9,95.5,64.7,1001.5,6.6,0.0
42181099999,"NEW DELHI PALAM, IN",28.567,77.1,233.0,2023-05-25,2023,99.9,114.5,92.2,57.4,1006.5,4.5,0.0
42181099999,"NEW DELHI PALAM, IN",28.567,77.1,233.0,2023-05-29,2023,102.1,111.6,93.8,55.9,1004.5,7.6,0.0
42181099999,"NEW DELHI PALAM, IN",28.567,77.1,233.0,2023-06-03,2023,98.0,108.1,87.4,62.0,1004.2,9.9,0.0
42181099999,"NEW DELHI PALAM, IN",28.567,77.1,233.0,2023-06-06,2023,99.8,109.6,92.2,54.4,1000.3,5.3,0.0
42181099999,"NEW DELHI PALAM, IN",28.567,77.1,233.0,2023-06-11,2023,101.4,111.7,90.6,64.7,1001.1,9.2,0.0
42181099999,"NEW DELHI PALAM, IN",28.567,77.1,233.0,2023-06-16,2023,100.3,111.0,89.5,48.2,1001.2,4.6,0.0
42181099999,"NEW DELHI PALAM, IN",28.567,77.1,233.0,2023-06-20,2023,98.2,108.3,86.7,54.1,1000.2,8.3,0.0
42181099999,"NEW DELHI PALAM, IN",28.567,77.1,233.0,2023-06-24,2023,95.6,106.2,84.7,60.1,1002.4,4.7,0.0
42339099999,"JAIPUR SANGANER, IN",26.824,75.812,390.0,2023-04-01,2023,88.6,97.6,78.4,43.1,1002.8,12.6,0.0
42339099999,"JAIPUR SANGANER, IN",26.824,75.812,390.0,2023-04-05,2023,96.0,104.6,85.3,40.2,1003.0,8.4,0.0
42339099999,"JAIPUR SANGANER, IN",26.824,75.812,390.0,2023-04-09,2023,94.1,105.4,85.2,9999.9,1003.2,8.2,0.0
42339099999,"JAIPUR SANGANER, IN",26.824,75.812,390.0,2023-04-14,2023,97.1,104.5,85.2,53.2,999.7,14.4,0.0
42339099999,"JAIPUR SANGANER, IN",26.824,75.812,390.0,2023-04-18,2023,98.6,107.3,91.2,53.6,1005.0,12.2,0.0
42339099999,"JAIPUR SANGANER, IN",26.824,75.812,390.0,2023-04-23,2023,107.1,116.3,97.3,43.2,1007.4,14.7,0.0
42339099999,"JAIPUR SANGANER, IN",26.824,75.812,390.0,2023-04-28,2023,97.1,106.9,89.3,53.9,1003.9,9.4,0.0
42339099999,"JAIPUR SANGANER, IN",26.824,75.812,390.0,2023-05-03,2023,97.2,104.3,88.3,50.0,1004.7,13.5,0.0
42339099999,"JAIPUR SANGANER, IN",26.824,75.812,390.0,2023-05-06,2023,94.6,103.4,85.3,56.0,1003.2,9.5,0.0
42339099999,"JAIPUR SANGANER, IN",26.824,75.812,390.0,2023-05-12,2023,95.8,104.2,84.3,50.6,1006.5,5.0,0.0
42339099999,"JAIPUR SANGANER, IN",26.824,75.812,390.0,2023-05-16,2023,97.4,110.9,85.5,54.2,1002.5,8.7,0.0
42339099999,"JAIPUR SANGANER, IN",26.824,75.812,390.0,2023-05-19,2023,100.6,114.5,92.9,55.7,1007.7,14.3,0.0
42339099999,"JAIPUR SANGANER, IN",26.824,75.812,390.0,2023-05-25,2023,98.0,108.6,88.6,55.6,1004.2,11.9,0.0
42339099999,"JAIPUR SANGANER, IN",26.824,75.812,390.0,2023-05-28,2023,101.6,111.9,89.9,49.4,1005.5,8.6,0.0
42339099999,"JAIPUR SANGANER, IN",26.824,75.812,390.0,2023-06-03,2023,97.4,111.0,89.6,52.3,1004.2,7.5,0.0
42339099999,"JAIPUR SANGANER, IN",26.824,75.812,390.0,2023-06-06,2023,98.2,109.7,86.6,52.1,1004.4,9.0,0.0
42339099999,"JAIPUR SANGANER, IN",26.824,75.812,390.0,2023-06-12,2023,100.8,109.0,91.7,57.0,1005.7,11.9,0.0
42339099999,"JAIPUR SANGANER, IN",26.824,75.812,390.0,2023-06-16,2023,95.2,107.4,83.6,48.6,1005.9,13.7,0.0
42339099999,"JAIPUR SANGANER, IN",26.824,75.812,390.0,2023-06-21,2023,97.8,110.0,86.1,59.2,1002.8,999.9,0.0
42339099999,"JAIPUR SANGANER, IN",26.824,75.812,390.0,2023-06-24,2023,94.6,107.0,85.5,45.2,1003.2,9.2,0.0
42348099999,"JODHPUR, IN",26.251,73.048,224.0,2023-04-01,2023,100.7,110.3,91.6,44.7,1003.6,13.5,0.0
42348099999,"JODHPUR, IN",26.251,73.048,224.0,2023-04-05,2023,98.5,112.9,89.3,47.9,999.1,13.8,0.0
42348099999,"JODHPUR, IN",26.251,73.048,224.0,2023-04-09,2023,99.9,108.5,91.3,34.6,1001.5,5.2,0.0
42348099999,"JODHPUR, IN",26.251,73.048,224.0,2023-04-14,2023,96.4,104.5,86.8,51.4,1003.9,13.6,0.0
42348099999,"JODHPUR, IN",26.251,73.048,224.0,2023-04-18,2023,102.3,113.3,91.2,52.7,999.6,13.6,0.0
42348099999,"JODHPUR, IN",26.251,73.048,224.0,2023-04-24,2023,106.3,117.3,93.0,50.3,1001.4,14.0,0.0
42348099999,"JODHPUR, IN",26.251,73.048,224.0,2023-04-27,2023,105.2,121.0,91.9,42.2,999.9,12.1,0.13
42348099999,"JODHPUR, IN",26.251,73.048,224.0,2023-05-02,2023,101.3,114.1,88.1,44.5,999.4,6.8,0.0
42348099999,"JODHPUR, IN",26.251,73.048,224.0,2023-05-07,2023,106.3,118.4,94.3,45.6,1002.9,4.0,0.0
42348099999,"JODHPUR, IN",26.251,73.048,224.0,2023-05-11,2023,101.9,117.7,89.5,39.3,1002.7,10.8,0.0
42348099999,"JODHPUR, IN",26.251,73.048,224.0,2023-05-16,2023,98.7,110.1,85.1,46.3,998.6,13.3,0.0
42348099999,"JODHPUR, IN",26.251,73.048,224.0,2023-05-20,2023,108.4,121.2,96.1,50.2,1002.3,12.7,0.0
42348099999,"JODHPUR, IN",26.251,73.048,224.0,2023-05-25,2023,106.4,120.7,96.5,43.2,1003.4,10.7,0.0
42348099999,"JODHPUR, IN",26.251,73.048,224.0,2023-05-28,2023,103.5,115.4,92.3,47.7,1005.2,6.4,0.0
42348099999,"JODHPUR, IN",26.251,73.048,224.0,2023-06-02,2023,104.4,113.7,90.8,47.8,997.9,13.0,0.0
42348099999,"JODHPUR, IN",26.251,73.048,224.0,2023-06-06,2023,99.7,113.0,86.2,46.1,1002.2,10.3,0.0
42348099999,"JODHPUR, IN",26.251,73.048,224.0,2023-06-11,2023,98.6,111.8,88.3,56.2,1005.8,11.2,0.0
42348099999,"JODHPUR, IN",26.251,73.048,224.0,2023-06-16,2023,102.2,116.6,92.8,46.9,1001.5,5.2,0.0
42348099999,"JODHPUR, IN",26.251,73.048,224.0,2023-06-20,2023,97.6,110.2,88.9,46.9,1002.6,7.1,0.0
42348099999,"JODHPUR, IN",26.251,73.048,224.0,2023-06-24,2023,96.2,111.0,82.3,47.9,1001.6,7.2,0.0
42369099999,"BIKANER, IN",28.07,73.35,242.0,2023-04-01,2023,93.4,102.3,85.4,43.2,1001.0,12.5,0.0
42369099999,"BIKANER, IN",28.07,73.35,242.0,2023-04-06,2023,103.8,113.0,94.1,48.8,998.7,11.5,0.0
42369099999,"BIKANER, IN",28.07,73.35,242.0,2023-04-09,2023,100.9,111.0,87.8,40.4,1004.7,9.7,0.0
42369099999,"BIKANER, IN",28.07,73.35,242.0,2023-04-14,2023,99.3,115.2,89.3,46.2,1005.3,12.3,0.0
42369099999,"BIKANER, IN",28.07,73.35,242.0,2023-04-18,2023,97.9,113.3,85.3,41.0,1000.5,12.6,0.0
42369099999,"BIKANER, IN",28.07,73.35,242.0,2023-04-23,2023,104.4,120.4,93.2,40.5,994.9,7.4,0.0
42369099999,"BIKANER, IN",28.07,73.35,242.0,2023-04-28,2023,101.3,111.6,87.8,48.8,1005.0,11.0,0.0
42369099999,"BIKANER, IN",28.07,73.35,242.0,2023-05-02,2023,101.7,116.5,89.4,45.0,1004.9,8.6,0.0
42369099999,"BIKANER, IN",28.07,73.35,242.0,2023-05-06,2023,98.5,108.1,85.6,45.0,1002.5,6.0,0.0
42369099999,"BIKANER, IN",28.07,73.35,242.0,2023-05-11,2023,104.5,115.5,90.6,44.6,1002.1,10.8,0.0
42369099999,"BIKANER, IN",28.07,73.35,242.0,2023-05-15,2023,97.2,106.2,86.1,44.0,1003.1,7.4,0.0
42369099999,"BIKANER, IN",28.07,73.35,242.0,2023-05-19,2023,101.0,110.9,90.0,46.8,1003.1,10.9,0.0
42369099999,"BIKANER, IN",28.07,73.35,242.0,2023-05-24,2023,102.4,116.6,89.2,47.3,999.6,10.5,0.0
42369099999,"BIKANER, IN",28.07,73.35,242.0,2023-05-28,2023,102.5,111.5,90.6,49.0,1002.4,13.1,0.0
42369099999,"BIKANER, IN",28.07,73.35,242.0,2023-06-02,2023,101.1,115.4,92.0,47.5,1003.8,8.8,0.0
42369099999,"BIKANER, IN",28.07,73.35,242.0,2023-06-06,2023,97.0,110.7,83.8,51.2,1001.2,9.4,0.0
42369099999,"BIKANER, IN",28.07,73.35,242.0,2023-06-12,2023,102.3,110.9,89.3,51.4,998.6,9.4,0.0
42369099999,"BIKANER, IN",28.07,73.35,242.0,2023-06-15,2023,99.1,108.5,87.5,45.4,1000.0,5.8,0.0
42369099999,"BIKANER, IN",28.07,73.35,242.0,2023-06-20,2023,104.3,117.6,95.8,43.2,1000.6,6.6,0.0
42369099999,"BIKANER, IN",28.07,73.35,242.0,2023-06-24,2023,99.8,111.2,86.1,41.8,1001.0,4.0,0.0
42379099999,"CHURU, IN",28.29,74.97,286.0,2023-04-02,2023,99.2,108.3,88.2,45.3,1001.8,7.1,0.0
42379099999,"CHURU, IN",28.29,74.97,286.0,2023-04-05,2023,97.6,110.9,89.3,40.5,1002.8,4.4,0.0
42379099999,"CHURU, IN",28.29,74.97,286.0,2023-04-09,2023,104.0,116.8,94.4,46.7,1002.6,11.3,0.0
42379099999,"CHURU, IN",28.29,74.97,286.0,2023-04-14,2023,102.2,113.4,93.7,41.5,1006.3,6.5,0.0
42379099999,"CHURU, IN",28.29,74.97,286.0,2023-04-19,2023,101.8,117.8,89.6,53.1,1000.2,5.9,0.0
42379099999,"CHURU, IN",28.29,74.97,286.0,2023-04-24,2023,106.5,121.1,96.6,49.7,1003.4,11.9,0.0
42379099999,"CHURU, IN",28.29,74.97,286.0,2023-04-27,2023,102.9,116.4,92.5,45.6,1005.0,7.3,0.0
42379099999,"CHURU, IN",28.29,74.97,286.0,2023-05-02,2023,103.2,113.4,94.6,38.7,999.2,13.8,0.0
42379099999,"CHURU, IN",28.29,74.97,286.0,2023-05-07,2023,102.7,115.4,89.9,47.8,1001.9,5.0,0.0
42379099999,"CHURU, IN",28.29,74.97,286.0,2023-05-11,2023,106.4,121.6,97.4,38.8,1002.4,13.5,0.0
42379099999,"CHURU, IN",28.29,74.97,286.0,2023-05-16,2023,98.9,110.7,90.1,49.6,1001.8,4.1,0.0
42379099999,"CHURU, IN",28.29,74.97,286.0,2023-05-20,2023,104.4,112.9,92.1,43.1,1005.2,13.7,0.0
42379099999,"CHURU, IN",28.29,74.97,286.0,2023-05-24,2023,105.9,117.4,95.7,48.9,1001.7,8.7,0.0
42379099999,"CHURU, IN",28.29,74.97,286.0,2023-05-28,2023,104.4,114.9,91.3,43.8,1004.1,13.5,0.0
42379099999,"CHURU, IN",28.29,74.97,286.0,2023-06-02,2023,106.7,122.2,97.7,50.9,1000.2,4.6,0.0
42379099999,"CHURU, IN",28.29,74.97,286.0,2023-06-07,2023,102.9,116.3,89.3,41.4,1003.4,5.4,0.0
42379099999,"CHURU, IN",28.29,74.97,286.0,2023-06-11,2023,102.6,113.8,90.9,39.1,999.1,13.1,0.0
42379099999,"CHURU, IN",28.29,74.97,286.0,2023-06-15,2023,100.1,116.1,88.2,45.4,999.0,13.2,0.0
42379099999,"CHURU, IN",28.29,74.97,286.0,2023-06-21,2023,100.8,116.5,88.7,47.6,1001.5,12.8,0.0
42379099999,"CHURU, IN",28.29,74.97,286.0,2023-06-25,2023,97.2,112.8,86.7,50.8,1006.1,7.8,0.0
42475099999,"AGRA KHERIA, IN",27.156,77.961,169.0,2023-04-01,2023,94.8,104.9,84.9,55.5,1004.5,4.9,0.26
42475099999,"AGRA KHERIA, IN",27.156,77.961,169.0,2023-04-05,2023,96.0,110.6,83.7,57.9,1005.2,8.9,0.02
42475099999,"AGRA KHERIA, IN",27.156,77.961,169.0,2023-04-10,2023,92.7,106.9,84.6,65.2,1003.2,5.5,0.0
42475099999,"AGRA KHERIA, IN",27.156,77.961,169.0,2023-04-14,2023,97.7,108.6,85.2,58.2,1002.9,3.0,0.0
42475099999,"AGRA KHERIA, IN",27.156,77.961,169.0,2023-04-19,2023,94.9,105.9,86.8,66.1,1003.1,8.7,0.0
42475099999,"AGRA KHERIA, IN",27.156,77.961,169.0,2023-04-24,2023,101.8,115.0,94.7,63.4,999.9,9.2,0.0
42475099999,"AGRA KHERIA, IN",27.156,77.961,169.0,2023-04-28,2023,102.4,115.6,90.0,57.3,1005.5,4.1,0.0
42475099999,"AGRA KHERIA, IN",27.156,77.961,169.0,2023-05-03,2023,95.6,107.1,85.7,58.1,1001.2,7.8,0.0
42475099999,"AGRA KHERIA, IN",27.156,77.961,169.0,2023-05-07,2023,103.1,112.0,90.4,61.0,1000.9,8.5,0.0
42475099999,"AGRA KHERIA, IN",27.156,77.961,169.0,2023-05-11,2023,100.1,112.9,91.1,58.0,1000.3,9.8,0.0
42475099999,"AGRA KHERIA, IN",27.156,77.961,169.0,2023-05-16,2023,104.6,114.3,96.6,56.8,994.3,6.6,0.0
42475099999,"AGRA KHERIA, IN",27.156,77.961,169.0,2023-05-19,2023,101.1,113.8,91.5,53.4,998.1,6.3,0.0
42475099999,"AGRA KHERIA, IN",27.156,77.961,169.0,2023-05-24,2023,98.5,113.5,88.0,59.1,1007.0,7.4,0.0
42475099999,"AGRA KHERIA, IN",27.156,77.961,169.0,2023-05-28,2023,102.6,113.5,91.9,55.6,1004.4,3.6,0.17
42475099999,"AGRA KHERIA, IN",27.156,77.961,169.0,2023-06-03,2023,99.8,110.8,92.4,55.1,999.5,6.0,0.06
42475099999,"AGRA KHERIA, IN",27.156,77.961,169.0,2023-06-06,2023,95.8,106.0,88.5,56.7,1003.5,3.3,0.3
42475099999,"AGRA KHERIA, IN",27.156,77.961,169.0,2023-06-11,2023,99.6,110.6,91.1,56.5,1000.2,6.4,0.0
42475099999,"AGRA KHERIA, IN",27.156,77.961,169.0,2023-06-15,2023,100.9,111.2,89.5,52.0,1005.3,5.5,0.0
42475099999,"AGRA KHERIA, IN",27.156,77.961,169.0,2023-06-20,2023,95.4,107.5,87.9,54.8,998.6,3.7,0.0
42475099999,"AGRA KHERIA, IN",27.156,77.961,169.0,2023-06-24,2023,96.0,105.4,86.4,63.5,1004.5,3.7,0.0
42492099999,"GWALIOR, IN",26.294,78.258,188.0,2023-04-01,2023,98.9,110.7,91.0,61.2,999.7,3.9,0.0
42492099999,"GWALIOR, IN",26.294,78.258,188.0,2023-04-06,2023,96.3,110.6,86.6,54.7,1007.0,8.0,0.0
42492099999,"GWALIOR, IN",26.294,78.258,188.0,2023-04-09,2023,94.5,103.7,85.9,63.1,1005.7,9.8,0.0
42492099999,"GWALIOR, IN",26.294,78.258,188.0,2023-04-14,2023,104.0,117.1,94.6,56.6,1005.1,7.8,0.0
42492099999,"GWALIOR, IN",26.294,78.258,188.0,2023-04-19,2023,106.1,118.1,96.8,9999.9,998.4,7.3,0.0
42492099999,"GWALIOR, IN",26.294,78.258,188.0,2023-04-23,2023,95.1,109.3,83.4,62.2,997.4,6.2,0.0
42492099999,"GWALIOR, IN",26.294,78.258,188.0,2023-04-28,2023,100.0,111.9,92.0,60.8,1003.6,3.3,0.0
42492099999,"GWALIOR, IN",26.294,78.258,188.0,2023-05-02,2023,102.7,112.6,90.9,59.7,1006.8,999.9,0.0
42492099999,"GWALIOR, IN",26.294,78.258,188.0,2023-05-07,2023,99.2,111.7,86.4,55.2,1000.7,5.3,0.0
42492099999,"GWALIOR, IN",26.294,78.258,188.0,2023-05-12,2023,104.5,114.7,97.1,63.1,1004.4,8.7,0.0
42492099999,"GWALIOR, IN",26.294,78.258,188.0,2023-05-15,2023,105.5,117.3,92.6,52.7,1008.0,8.4,0.0
42492099999,"GWALIOR, IN",26.294,78.258,188.0,2023-05-20,2023,106.4,120.5,95.6,62.3,1008.3,6.9,0.0
42492099999,"GWALIOR, IN",26.294,78.258,188.0,2023-05-25,2023,97.3,106.4,88.9,56.0,1000.8,8.1,0.0
42492099999,"GWALIOR, IN",26.294,78.258,188.0,2023-05-28,2023,103.7,117.4,95.6,53.3,1005.3,7.0,0.0
42492099999,"GWALIOR, IN",26.294,78.258,188.0,2023-06-02,2023,105.0,118.7,93.9,62.1,1003.9,4.3,0.0
42492099999,"GWALIOR, IN",26.294,78.258,188.0,2023-06-07,2023,97.7,106.5,87.6,54.4,1006.7,8.1,0.0
42492099999,"GWALIOR, IN",26.294,78.258,188.0,2023-06-11,2023,102.1,115.4,91.2,58.4,1001.7,3.3,0.0
42492099999,"GWALIOR, IN",26.294,78.258,188.0,2023-06-15,2023,93.5,107.1,86.5,53.2,1008.7,8.5,0.0
42492099999,"GWALIOR, IN",26.294,78.258,188.0,2023-06-20,2023,94.7,106.0,84.3,59.5,1006.0,6.1,0.0
42492099999,"GWALIOR, IN",26.294,78.258,188.0,2023-06-25,2023,93.7,106.1,86.0,59.5,1005.8,8.8,0.0
42515099999,"LUCKNOW AMAUSI, IN",26.761,80.883,128.0,2023-04-01,2023,93.2,100.2,86.3,79.1,999.8,5.0,0.0
42515099999,"LUCKNOW AMAUSI, IN",26.761,80.883,128.0,2023-04-06,2023,96.3,106.7,87.5,66.9,1005.9,9.4,0.0
42515099999,"LUCKNOW AMAUSI, IN",26.761,80.883,128.0,2023-04-10,2023,95.6,104.3,87.1,64.7,1004.6,4.3,0.0
42515099999,"LUCKNOW AMAUSI, IN",26.761,80.883,128.0,2023-04-14,2023,91.1,100.2,83.7,70.0,1004.7,4.7,0.0
42515099999,"LUCKNOW AMAUSI, IN",26.761,80.883,128.0,2023-04-19,2023,97.3,106.0,90.8,71.8,1004.9,9.5,0.0
42515099999,"LUCKNOW AMAUSI, IN",26.761,80.883,128.0,2023-04-23,2023,96.7,107.6,87.2,64.1,1002.2,9.9,0.0
42515099999,"LUCKNOW AMAUSI, IN",26.761,80.883,128.0,2023-04-28,2023,99.5,110.5,93.0,73.3,1003.4,6.3,0.0
42515099999,"LUCKNOW AMAUSI, IN",26.761,80.883,128.0,2023-05-03,2023,97.3,106.1,89.4,64.0,1006.9,6.6,0.0
42515099999,"LUCKNOW AMAUSI, IN",26.761,80.883,128.0,2023-05-06,2023,98.9,107.8,90.7,75.4,1001.8,7.0,0.0
42515099999,"LUCKNOW AMAUSI, IN",26.761,80.883,128.0,2023-05-12,2023,96.8,106.5,87.7,68.5,1005.6,8.8,0.0
42515099999,"LUCKNOW AMAUSI, IN",26.761,80.883,128.0,2023-05-15,2023,97.2,106.0,89.3,64.1,1006.2,4.4,0.55
42515099999,"LUCKNOW AMAUSI, IN",26.761,80.883,128.0,2023-05-19,2023,99.3,107.7,92.7,63.9,1007.4,9.0,0.0
42515099999,"LUCKNOW AMAUSI, IN",26.761,80.883,128.0,2023-05-24,2023,100.1,110.8,93.6,68.1,1004.2,8.0,0.0
42515099999,"LUCKNOW AMAUSI, IN",26.761,80.883,128.0,2023-05-28,2023,98.5,109.0,89.9,64.2,1004.1,4.0,0.0
42515099999,"LUCKNOW AMAUSI, IN",26.761,80.883,128.0,2023-06-02,2023,92.2,100.4,86.1,71.1,1000.1,8.9,0.0
42515099999,"LUCKNOW AMAUSI, IN",26.761,80.883,128.0,2023-06-07,2023,99.7,109.1,90.9,9999.9,1003.5,6.4,0.0
42515099999,"LUCKNOW AMAUSI, IN",26.761,80.883,128.0,2023-06-11,2023,94.6,104.6,87.9,66.4,1007.5,4.5,0.0
42515099999,"LUCKNOW AMAUSI, IN",26.761,80.883,128.0,2023-06-16,2023,89.8,101.4,81.8,72.7,1004.8,8.1,0.0
42515099999,"LUCKNOW AMAUSI, IN",26.761,80.883,128.0,2023-06-20,2023,92.1,102.8,84.5,63.3,1008.2,3.9,0.0
42515099999,"LUCKNOW AMAUSI, IN",26.761,80.883,128.0,2023-06-24,2023,92.1,103.1,84.2,63.0,1006.8,5.5,0.0
42591099999,"VARANASI BABATPUR, IN",25.452,82.859,81.0,2023-04-02,2023,94.1,102.1,87.7,63.8,1004.5,4.0,0.0
42591099999,"VARANASI BABATPUR, IN",25.452,82.859,81.0,2023-04-05,2023,91.6,98.9,83.2,72.0,1006.7,8.4,0.0
42591099999,"VARANASI BABATPUR, IN",25.452,82.859,81.0,2023-04-10,2023,95.8,103.2,87.5,69.0,1008.4,3.8,0.0
42591099999,"VARANASI BABATPUR, IN",25.452,82.859,81.0,2023-04-15,2023,95.3,102.4,87.9,62.9,1005.1,5.3,0.0
42591099999,"VARANASI BABATPUR, IN",25.452,82.859,81.0,2023-04-18,2023,100.3,110.8,93.9,63.5,1003.1,6.1,0.0
42591099999,"VARANASI BABATPUR, IN",25.452,82.859,81.0,2023-04-24,2023,97.4,106.7,87.9,67.4,1001.5,3.7,0.0
42591099999,"VARANASI BABATPUR, IN",25.452,82.859,81.0,2023-04-27,2023,99.2,110.6,90.0,76.9,1004.5,7.8,0.0
42591099999,"VARANASI BABATPUR, IN",25.452,82.859,81.0,2023-05-03,2023,95.3,104.5,88.7,61.4,1004.6,5.4,0.0
42591099999,"VARANASI BABATPUR, IN",25.452,82.859,81.0,2023-05-07,2023,99.9,108.1,89.9,69.5,1004.0,7.4,0.0
42591099999,"VARANASI BABATPUR, IN",25.452,82.859,81.0,2023-05-11,2023,96.3,104.0,86.9,63.2,1006.1,7.1,0.0
42591099999,"VARANASI BABATPUR, IN",25.452,82.859,81.0,2023-05-16,2023,99.7,107.6,92.5,61.4,1008.0,3.9,0.0
42591099999,"VARANASI BABATPUR, IN",25.452,82.859,81.0,2023-05-20,2023,98.9,107.2,91.0,73.2,1000.6,5.2,0.0
42591099999,"VARANASI BABATPUR, IN",25.452,82.859,81.0,2023-05-25,2023,94.5,101.7,85.0,67.0,1005.3,6.1,0.0
42591099999,"VARANASI BABATPUR, IN",25.452,82.859,81.0,2023-05-29,2023,101.2,110.1,92.5,70.4,1003.4,6.8,0.0
42591099999,"VARANASI BABATPUR, IN",25.452,82.859,81.0,2023-06-02,2023,94.7,105.4,87.7,72.5,1001.6,8.8,0.52
42591099999,"VARANASI BABATPUR, IN",25.452,82.859,81.0,2023-06-06,2023,100.1,108.2,90.6,66.5,1008.0,7.8,0.0
42591099999,"VARANASI BABATPUR, IN",25.452,82.859,81.0,2023-06-11,2023,97.5,104.9,88.5,67.1,1002.7,9.5,0.0
42591099999,"VARANASI BABATPUR, IN",25.452,82.859,81.0,2023-06-16,2023,94.6,103.3,86.1,69.3,1004.2,4.9,0.0
42591099999,"VARANASI BABATPUR, IN",25.452,82.859,81.0,2023-06-21,2023,93.3,101.0,86.4,66.9,1004.2,7.2,0.0
42591099999,"VARANASI BABATPUR, IN",25.452,82.859,81.0,2023-06-25,2023,89.3,101.2,82.4,69.4,1001.6,4.9,0.46
42410099999,"PATNA AIRPORT, IN",25.591,85.088,52.0,2023-04-01,2023,90.7,98.0,83.0,60.9,999.5,5.4,0.0
42410099999,"PATNA AIRPORT, IN",25.591,85.088,52.0,2023-04-06,2023,91.0,98.9,84.8,64.8,1008.9,9.3,0.0
42410099999,"PATNA AIRPORT, IN",25.591,85.088,52.0,2023-04-10,2023,93.4,102.8,85.3,68.3,1005.0,8.6,0.0
42410099999,"PATNA AIRPORT, IN",25.591,85.088,52.0,2023-04-14,2023,95.5,105.3,85.9,67.3,1001.0,4.8,0.0
42410099999,"PATNA AIRPORT, IN",25.591,85.088,52.0,2023-04-19,2023,99.0,106.1,89.5,74.8,999.8,9.6,0.0
42410099999,"PATNA AIRPORT, IN",25.591,85.088,52.0,2023-04-24,2023,94.2,103.8,88.2,66.5,1001.6,6.4,0.0
42410099999,"PATNA AIRPORT, IN",25.591,85.088,52.0,2023-04-27,2023,97.9,105.0,88.9,64.7,1009.4,4.7,0.0
42410099999,"PATNA AIRPORT, IN",25.591,85.088,52.0,2023-05-02,2023,99.8,111.6,89.9,68.5,1006.6,7.2,0.5
42410099999,"PATNA AIRPORT, IN",25.591,85.088,52.0,2023-05-06,2023,99.9,110.4,91.3,65.3,1002.0,6.5,0.0
42410099999,"PATNA AIRPORT, IN",25.591,85.088,52.0,2023-05-12,2023,97.8,105.4,91.1,71.0,1004.3,6.3,0.0
42410099999,"PATNA AIRPORT, IN",25.591,85.088,52.0,2023-05-16,2023,94.2,104.4,85.4,64.4,1003.8,9.6,0.0
42410099999,"PATNA AIRPORT, IN",25.591,85.088,52.0,2023-05-19,2023,97.5,107.8,89.0,75.5,1000.5,6.2,0.0
42410099999,"PATNA AIRPORT, IN",25.591,85.088,52.0,2023-05-25,2023,98.6,108.1,89.4,73.6,1009.7,7.8,0.0
42410099999,"PATNA AIRPORT, IN",25.591,85.088,52.0,2023-05-28,2023,96.4,104.4,88.5,69.6,1005.4,4.3,0.0
42410099999,"PATNA AIRPORT, IN",25.591,85.088,52.0,2023-06-03,2023,97.3,104.3,89.8,67.2,1005.1,5.0,0.0
42410099999,"PATNA AIRPORT, IN",25.591,85.088,52.0,2023-06-07,2023,90.9,101.2,84.8,70.3,1004.3,9.4,0.05
42410099999,"PATNA AIRPORT, IN",25.591,85.088,52.0,2023-06-12,2023,95.4,104.0,85.5,75.8,1002.3,10.0,0.0
42410099999,"PATNA AIRPORT, IN",25.591,85.088,52.0,2023-06-15,2023,94.6,105.6,86.3,75.6,1001.9,4.3,0.0
42410099999,"PATNA AIRPORT, IN",25.591,85.088,52.0,2023-06-20,2023,93.5,102.7,87.1,67.0,1006.1,8.7,0.0
42410099999,"PATNA AIRPORT, IN",25.591,85.088,52.0,2023-06-25,2023,94.4,105.6,87.8,9999.9,1002.7,5.6,0.05
42731099999,"KOLKATA DUM DUM, IN",22.655,88.447,6.0,2023-04-01,2023,88.1,94.4,84.0,76.9,1008.9,11.6,0.0
42731099999,"KOLKATA DUM DUM, IN",22.655,88.447,6.0,2023-04-05,2023,90.3,95.5,84.7,72.6,1010.1,7.2,0.0
42731099999,"KOLKATA DUM DUM, IN",22.655,88.447,6.0,2023-04-10,2023,90.5,94.8,86.1,80.5,1008.9,5.2,0.0
42731099999,"KOLKATA DUM DUM, IN",22.655,88.447,6.0,2023-04-14,2023,92.4,96.8,87.5,78.2,1010.7,13.1,0.64
42731099999,"KOLKATA DUM DUM, IN",22.655,88.447,6.0,2023-04-19,2023,91.7,98.9,86.5,76.8,1012.5,9.4,0.0
42731099999,"KOLKATA DUM DUM, IN",22.655,88.447,6.0,2023-04-24,2023,92.7,100.0,88.2,78.5,1005.4,5.1,0.72
42731099999,"KOLKATA DUM DUM, IN",22.655,88.447,6.0,2023-04-28,2023,89.1,95.0,83.2,77.8,1008.3,9.9,0.92
42731099999,"KOLKATA DUM DUM, IN",22.655,88.447,6.0,2023-05-02,2023,90.5,96.6,84.2,77.4,1011.2,6.9,0.0
42731099999,"KOLKATA DUM DUM, IN",22.655,88.447,6.0,2023-05-06,2023,93.0,99.9,86.2,74.2,1007.8,7.4,0.0
42731099999,"KOLKATA DUM DUM, IN",22.655,88.447,6.0,2023-05-12,2023,90.4,96.3,84.0,76.1,1007.2,8.9,0.0
42731099999,"KOLKATA DUM DUM, IN",22.655,88.447,6.0,2023-05-16,2023,91.0,98.9,86.7,73.9,1007.7,12.1,0.0
42731099999,"KOLKATA DUM DUM, IN",22.655,88.447,6.0,2023-05-20,2023,90.9,98.4,85.6,69.8,1012.1,11.7,0.0
42731099999,"KOLKATA DUM DUM, IN",22.655,88.447,6.0,2023-05-25,2023,93.7,99.2,87.8,76.1,1008.0,5.6,0.14
42731099999,"KOLKATA DUM DUM, IN",22.655,88.447,6.0,2023-05-29,2023,89.5,95.1,85.2,81.3,1011.8,12.3,0.0
42731099999,"KOLKATA DUM DUM, IN",22.655,88.447,6.0,2023-06-03,2023,91.7,97.2,85.3,9999.9,1008.4,6.1,0.0
42731099999,"KOLKATA DUM DUM, IN",22.655,88.447,6.0,2023-06-07,2023,88.7,96.3,83.1,76.1,1008.3,8.5,0.0
42731099999,"KOLKATA DUM DUM, IN",22.655,88.447,6.0,2023-06-11,2023,90.0,96.3,84.1,76.5,1007.8,11.1,0.0
42731099999,"KOLKATA DUM DUM, IN",22.655,88.447,6.0,2023-06-16,2023,90.3,96.3,83.4,77.2,1005.9,8.8,0.29
42731099999,"KOLKATA DUM DUM, IN",22.655,88.447,6.0,2023-06-21,2023,88.7,92.8,82.4,73.9,1010.0,10.2,0.61
42731099999,"KOLKATA DUM DUM, IN",22.655,88.447,6.0,2023-06-24,2023,86.0,91.3,81.9,80.0,1010.8,9.2,0.0
42971099999,"BHUBANESWAR, IN",20.244,85.818,46.0,2023-04-02,2023,88.8,94.4,83.1,70.6,1007.3,7.8,0.0
42971099999,"BHUBANESWAR, IN",20.244,85.818,46.0,2023-04-05,2023,89.5,96.8,82.6,74.6,1007.0,5.9,0.0
42971099999,"BHUBANESWAR, IN",20.244,85.818,46.0,2023-04-10,2023,92.8,97.7,88.5,78.7,1006.2,999.9,0.0
42971099999,"BHUBANESWAR, IN",20.244,85.818,46.0,2023-04-14,2023,87.5,92.5,81.2,76.3,1007.6,6.0,0.0
42971099999,"BHUBANESWAR, IN",20.244,85.818,46.0,2023-04-19,2023,91.7,96.8,87.2,75.7,1009.0,6.2,0.0
42971099999,"BHUBANESWAR, IN",20.244,85.818,46.0,2023-04-24,2023,94.6,101.2,88.6,79.1,1007.9,9.7,0.0
42971099999,"BHUBANESWAR, IN",20.244,85.818,46.0,2023-04-28,2023,91.1,96.0,86.3,76.2,1010.4,7.7,0.71
42971099999,"BHUBANESWAR, IN",20.244,85.818,46.0,2023-05-02,2023,90.5,97.2,86.2,77.2,1008.1,9.5,0.84
42971099999,"BHUBANESWAR, IN",20.244,85.818,46.0,2023-05-07,2023,90.9,95.7,85.1,73.6,1008.6,9.7,0.0
42971099999,"BHUBANESWAR, IN",20.244,85.818,46.0,2023-05-11,2023,91.7,99.1,87.4,78.3,1006.9,6.2,0.0
42971099999,"BHUBANESWAR, IN",20.244,85.818,46.0,2023-05-15,2023,94.1,101.2,89.5,74.9,1011.4,7.5,0.44
42971099999,"BHUBANESWAR, IN",20.244,85.818,46.0,2023-05-19,2023,88.7,95.7,84.0,78.2,1009.0,13.0,0.13
42971099999,"BHUBANESWAR, IN",20.244,85.818,46.0,2023-05-24,2023,90.4,95.8,85.7,78.1,1010.6,8.6,0.0
42971099999,"BHUBANESWAR, IN",20.244,85.818,46.0,2023-05-28,2023,87.7,94.3,81.5,78.3,1003.0,8.8,0.0
42971099999,"BHUBANESWAR, IN",20.244,85.818,46.0,2023-06-03,2023,89.6,95.7,85.3,81.2,1006.8,5.4,0.0
42971099999,"BHUBANESWAR, IN",20.244,85.818,46.0,2023-06-07,2023,89.0,94.0,83.4,76.6,1012.1,7.5,0.0
42971099999,"BHUBANESWAR, IN",20.244,85.818,46.0,2023-06-11,2023,87.6,94.5,80.9,74.5,1011.0,7.4,0.96
42971099999,"BHUBANESWAR, IN",20.244,85.818,46.0,2023-06-15,2023,93.9,98.3,88.4,76.8,1005.5,11.3,0.0
42971099999,"BHUBANESWAR, IN",20.244,85.818,46.0,2023-06-21,2023,93.8,100.5,89.3,81.1,1009.4,8.0,0.0
42971099999,"BHUBANESWAR, IN",20.244,85.818,46.0,2023-06-24,2023,88.3,93.0,83.5,77.0,1007.7,5.7,0.0
42647099999,"AHMEDABAD AIRPORT, IN",23.073,72.635,55.0,2023-04-01,2023,93.9,102.3,87.9,78.3,1006.8,3.7,0.0
42647099999,"AHMEDABAD AIRPORT, IN",23.073,72.635,55.0,2023-04-05,2023,91.6,101.3,83.5,78.0,1005.6,3.6,0.0
42647099999,"AHMEDABAD AIRPORT, IN",23.073,72.635,55.0,2023-04-10,2023,95.7,105.0,89.7,78.3,1002.8,5.8,0.0
42647099999,"AHMEDABAD AIRPORT, IN",23.073,72.635,55.0,2023-04-15,2023,94.9,101.5,87.1,72.3,1001.9,7.4,0.83
42647099999,"AHMEDABAD AIRPORT, IN",23.073,72.635,55.0,2023-04-19,2023,96.1,102.3,88.8,81.4,1001.3,7.2,0.0
42647099999,"AHMEDABAD AIRPORT, IN",23.073,72.635,55.0,2023-04-24,2023,95.8,105.0,87.0,75.8,1005.2,8.3,0.0
42647099999,"AHMEDABAD AIRPORT, IN",23.073,72.635,55.0,2023-04-27,2023,95.9,103.3,88.2,70.0,1005.5,8.3,0.0
42647099999,"AHMEDABAD AIRPORT, IN",23.073,72.635,55.0,2023-05-02,2023,95.0,103.9,87.2,67.3,1007.4,8.0,0.69
42647099999,"AHMEDABAD AIRPORT, IN",23.073,72.635,55.0,2023-05-06,2023,98.6,109.5,91.6,74.1,1005.5,7.1,0.0
42647099999,"AHMEDABAD AIRPORT, IN",23.073,72.635,55.0,2023-05-11,2023,99.0,106.6,92.9,74.6,1006.8,7.8,0.08
42647099999,"AHMEDABAD AIRPORT, IN",23.073,72.635,55.0,2023-05-16,2023,96.4,102.4,89.9,77.8,1005.6,8.0,0.16
42647099999,"AHMEDABAD AIRPORT, IN",23.073,72.635,55.0,2023-05-19,2023,97.3,108.1,89.5,70.1,1005.6,3.9,0.0
42647099999,"AHMEDABAD AIRPORT, IN",23.073,72.635,55.0,2023-05-24,2023,95.1,103.5,88.7,72.0,1003.4,7.9,0.0
42647099999,"AHMEDABAD AIRPORT, IN",23.073,72.635,55.0,2023-05-29,2023,94.4,105.0,87.0,80.3,1007.7,4.0,0.0
42647099999,"AHMEDABAD AIRPORT, IN",23.073,72.635,55.0,2023-06-02,2023,100.1,107.4,93.5,70.2,1005.1,4.2,0.0
42647099999,"AHMEDABAD AIRPORT, IN",23.073,72.635,55.0,2023-06-06,2023,93.4,101.3,84.9,71.8,1003.2,5.6,0.4
42647099999,"AHMEDABAD AIRPORT, IN",23.073,72.635,55.0,2023-06-12,2023,97.9,105.7,91.0,72.7,1007.1,8.8,0.0
42647099999,"AHMEDABAD AIRPORT, IN",23.073,72.635,55.0,2023-06-15,2023,96.3,106.1,88.8,80.8,1002.0,4.8,0.0
42647099999,"AHMEDABAD AIRPORT, IN",23.073,72.635,55.0,2023-06-21,2023,96.9,103.1,88.5,77.3,1003.1,3.8,0.0
42647099999,"AHMEDABAD AIRPORT, IN",23.073,72.635,55.0,2023-06-24,2023,96.0,102.4,89.9,74.9,1004.5,8.9,0.53
42671099999,"RAJKOT, IN",22.309,70.78,138.0,2023-04-01,2023,92.1,100.0,82.2,49.4,1008.1,10.1,0.0
42671099999,"RAJKOT, IN",22.309,70.78,138.0,2023-04-06,2023,95.0,102.9,83.5,56.1,1002.4,11.4,0.0
42671099999,"RAJKOT, IN",22.309,70.78,138.0,2023-04-10,2023,93.6,105.0,85.6,57.5,1001.3,5.7,0.0
42671099999,"RAJKOT, IN",22.309,70.78,138.0,2023-04-14,2023,95.1,105.5,84.0,52.8,1004.2,9.4,0.04
42671099999,"RAJKOT, IN",22.309,70.78,138.0,2023-04-19,2023,96.4,109.1,86.0,54.4,1005.4,13.6,0.0
42671099999,"RAJKOT, IN",22.309,70.78,138.0,2023-04-23,2023,99.2,107.4,88.5,48.2,1003.4,10.5,0.0
42671099999,"RAJKOT, IN",22.309,70.78,138.0,2023-04-28,2023,100.8,110.4,92.5,56.6,1001.3,8.9,0.0
42671099999,"RAJKOT, IN",22.309,70.78,138.0,2023-05-03,2023,99.1,109.3,89.3,43.7,1004.1,5.1,0.0
42671099999,"RAJKOT, IN",22.309,70.78,138.0,2023-05-06,2023,103.2,116.5,94.4,48.3,9999.9,6.4,0.0
42671099999,"RAJKOT, IN",22.309,70.78,138.0,2023-05-11,2023,100.5,110.0,90.0,45.7,1002.7,8.9,0.17
42671099999,"RAJKOT, IN",22.309,70.78,138.0,2023-05-15,2023,100.2,109.1,89.4,49.7,1003.5,8.0,0.0
42671099999,"RAJKOT, IN",22.309,70.78,138.0,2023-05-20,2023,100.5,111.8,92.6,54.5,1004.5,12.1,0.0
42671099999,"RAJKOT, IN",22.309,70.78,138.0,2023-05-25,2023,97.6,108.7,86.5,54.3,1003.8,5.7,0.19
42671099999,"RAJKOT, IN",22.309,70.78,138.0,2023-05-29,2023,99.4,108.7,91.2,50.4,1003.6,12.7,0.0
42671099999,"RAJKOT, IN",22.309,70.78,138.0,2023-06-03,2023,95.4,107.7,86.3,52.4,1002.4,5.6,0.0
42671099999,"RAJKOT, IN",22.309,70.78,138.0,2023-06-07,2023,94.7,105.9,83.4,53.8,1004.4,14.2,0.0
42671099999,"RAJKOT, IN",22.309,70.78,138.0,2023-06-11,2023,98.9,107.3,89.5,50.7,1004.8,11.8,0.0
42671099999,"RAJKOT, IN",22.309,70.78,138.0,2023-06-15,2023,97.8,105.4,90.7,54.6,1002.3,999.9,0.0
42671099999,"RAJKOT, IN",22.309,70.78,138.0,2023-06-21,2023,96.0,106.9,84.6,54.2,1004.0,8.4,0.0
42671099999,"RAJKOT, IN",22.309,70.78,138.0,2023-06-24,2023,89.9,102.7,80.1,53.3,1008.4,9.7,0.0
42821099999,"SURAT, IN",21.114,72.742,16.0,2023-04-01,2023,88.6,94.3,82.7,75.3,1008.7,12.9,0.0
42821099999,"SURAT, IN",21.114,72.742,16.0,2023-04-06,2023,90.2,95.2,84.4,80.1,1005.5,8.0,0.0
42821099999,"SURAT, IN",21.114,72.742,16.0,2023-04-10,2023,91.4,95.6,84.7,78.6,1007.7,13.7,0.73
42821099999,"SURAT, IN",21.114,72.742,16.0,2023-04-15,2023,91.1,97.6,85.4,79.7,1009.7,13.0,0.0
42821099999,"SURAT, IN",21.114,72.742,16.0,2023-04-18,2023,88.7,94.0,83.9,79.1,1007.9,8.0,0.0
42821099999,"SURAT, IN",21.114,72.742,16.0,2023-04-23,2023,91.2,96.1,87.0,77.3,1007.7,13.5,0.0
42821099999,"SURAT, IN",21.114,72.742,16.0,2023-04-27,2023,93.5,101.3,87.7,76.9,1005.8,10.5,0.71
42821099999,"SURAT, IN",21.114,72.742,16.0,2023-05-02,2023,90.9,96.9,86.2,77.5,1010.5,8.2,0.0
42821099999,"SURAT, IN",21.114,72.742,16.0,2023-05-06,2023,92.8,96.9,86.5,75.0,1013.0,6.8,0.0
42821099999,"SURAT, IN",21.114,72.742,16.0,2023-05-12,2023,92.4,96.6,86.1,80.3,1007.7,11.3,0.0
42821099999,"SURAT, IN",21.114,72.742,16.0,2023-05-16,2023,92.9,98.3,87.8,79.2,1010.4,13.3,0.0
42821099999,"SURAT, IN",21.114,72.742,16.0,2023-05-19,2023,93.8,101.8,89.7,79.3,1007.4,11.5,0.0
42821099999,"SURAT, IN",21.114,72.742,16.0,2023-05-24,2023,90.8,96.0,85.0,77.9,1009.9,13.0,0.0
42821099999,"SURAT, IN",21.114,72.742,16.0,2023-05-28,2023,91.3,95.6,84.5,79.7,1010.9,6.9,0.0
42821099999,"SURAT, IN",21.114,72.742,16.0,2023-06-03,2023,89.7,96.6,82.9,75.0,1007.7,12.0,0.0
42821099999,"SURAT, IN",21.114,72.742,16.0,2023-06-06,2023,91.8,96.0,85.1,75.8,1010.7,11.3,0.0
42821099999,"SURAT, IN",21.114,72.742,16.0,2023-06-11,2023,91.6,96.8,86.0,77.2,1005.1,6.1,0.0
42821099999,"SURAT, IN",21.114,72.742,16.0,2023-06-16,2023,88.1,94.7,82.7,77.8,1003.7,6.0,0.0
42821099999,"SURAT, IN",21.114,72.742,16.0,2023-06-20,2023,91.9,96.2,85.4,76.7,1014.5,8.5,0.52
42821099999,"SURAT, IN",21.114,72.742,16.0,2023-06-25,2023,93.8,100.0,87.8,76.6,1007.8,5.3,0.0
43003099999,"MUMBAI SANTA CRUZ, IN",19.118,72.863,14.0,2023-04-02,2023,91.1,98.8,84.4,81.3,1004.7,12.3,0.0
43003099999,"MUMBAI SANTA CRUZ, IN",19.118,72.863,14.0,2023-04-06,2023,86.5,93.9,80.1,75.5,1009.2,13.4,0.0
43003099999,"MUMBAI SANTA CRUZ, IN",19.118,72.863,14.0,2023-04-10,2023,90.9,98.4,84.1,79.8,1005.6,9.2,0.0
43003099999,"MUMBAI SANTA CRUZ, IN",19.118,72.863,14.0,2023-04-15,2023,86.3,92.2,79.3,79.2,1006.3,7.1,0.0
43003099999,"MUMBAI SANTA CRUZ, IN",19.118,72.863,14.0,2023-04-18,2023,87.1,94.2,82.2,77.4,1009.6,10.1,0.4
43003099999,"MUMBAI SANTA CRUZ, IN",19.118,72.863,14.0,2023-04-23,2023,90.9,95.4,85.2,75.9,1007.7,7.9,0.0
43003099999,"MUMBAI SANTA CRUZ, IN",19.118,72.863,14.0,2023-04-28,2023,90.7,94.9,85.6,73.7,1006.6,10.7,0.0
43003099999,"MUMBAI SANTA CRUZ, IN",19.118,72.863,14.0,2023-05-03,2023,92.6,100.4,87.2,77.9,1008.3,7.3,0.0
43003099999,"MUMBAI SANTA CRUZ, IN",19.118,72.863,14.0,2023-05-06,2023,89.9,94.5,84.1,76.6,1003.6,5.4,0.14
43003099999,"MUMBAI SANTA CRUZ, IN",19.118,72.863,14.0,2023-05-11,2023,92.2,98.4,87.5,80.7,1005.1,13.6,0.0
43003099999,"MUMBAI SANTA CRUZ, IN",19.118,72.863,14.0,2023-05-16,2023,90.8,97.0,86.7,77.9,1010.5,7.1,0.66
43003099999,"MUMBAI SANTA CRUZ, IN",19.118,72.863,14.0,2023-05-20,2023,91.1,98.4,85.0,75.3,1004.1,5.6,0.0
43003099999,"MUMBAI SANTA CRUZ, IN",19.118,72.863,14.0,2023-05-25,2023,92.0,97.3,86.7,82.2,1008.6,10.9,0.0
43003099999,"MUMBAI SANTA CRUZ, IN",19.118,72.863,14.0,2023-05-28,2023,91.6,96.8,87.2,77.9,1008.0,10.3,0.33
43003099999,"MUMBAI SANTA CRUZ, IN",19.118,72.863,14.0,2023-06-03,2023,89.9,97.7,84.8,79.1,1008.5,10.2,0.0
43003099999,"MUMBAI SANTA CRUZ, IN",19.118,72.863,14.0,2023-06-06,2023,91.2,99.1,84.3,74.6,1010.6,10.1,0.0
43003099999,"MUMBAI SANTA CRUZ, IN",19.118,72.863,14.0,2023-06-11,2023,92.1,99.4,86.5,75.7,1010.0,5.5,0.0
43003099999,"MUMBAI SANTA CRUZ, IN",19.118,72.863,14.0,2023-06-16,2023,89.6,97.2,84.6,75.1,1006.5,12.2,0.0
43003099999,"MUMBAI SANTA CRUZ, IN",19.118,72.863,14.0,2023-06-20,2023,86.9,92.7,80.1,78.3,1004.3,8.7,0.72
43003099999,"MUMBAI SANTA CRUZ, IN",19.118,72.863,14.0,2023-06-24,2023,87.6,93.3,82.3,71.9,1007.8,10.1,0.0
43057099999,"PUNE LOHEGAON, IN",18.582,73.919,560.0,2023-04-02,2023,86.0,93.7,79.0,55.3,1005.9,9.8,0.0
43057099999,"PUNE LOHEGAON, IN",18.582,73.919,560.0,2023-04-05,2023,84.3,91.6,77.4,58.5,1006.9,11.2,0.0
43057099999,"PUNE LOHEGAON, IN",18.582,73.919,560.0,2023-04-10,2023,87.8,95.8,80.6,53.1,1008.4,8.8,0.0
43057099999,"PUNE LOHEGAON, IN",18.582,73.919,560.0,2023-04-14,2023,90.1,99.1,84.7,58.9,1007.2,11.9,0.0
43057099999,"PUNE LOHEGAON, IN",18.582,73.919,560.0,2023-04-18,2023,88.4,96.2,83.0,55.6,1008.0,12.2,0.0
43057099999,"PUNE LOHEGAON, IN",18.582,73.919,560.0,2023-04-23,2023,87.6,92.9,79.9,55.9,1008.4,12.6,0.0
43057099999,"PUNE LOHEGAON, IN",18.582,73.919,560.0,2023-04-28,2023,86.6,94.4,79.4,52.5,1005.2,10.8,0.0
43057099999,"PUNE LOHEGAON, IN",18.582,73.919,560.0,2023-05-02,2023,85.6,93.0,79.5,51.7,1008.3,10.2,0.0
43057099999,"PUNE LOHEGAON, IN",18.582,73.919,560.0,2023-05-06,2023,87.2,93.2,80.8,58.7,1008.1,5.4,0.0
43057099999,"PUNE LOHEGAON, IN",18.582,73.919,560.0,2023-05-12,2023,85.2,91.5,79.3,59.2,1009.6,6.4,0.0
43057099999,"PUNE LOHEGAON, IN",18.582,73.919,560.0,2023-05-15,2023,87.2,93.9,81.4,58.3,1006.3,12.0,0.0
43057099999,"PUNE LOHEGAON, IN",18.582,73.919,560.0,2023-05-20,2023,89.4,96.1,81.7,51.5,1004.4,7.3,0.0
43057099999,"PUNE LOHEGAON, IN",18.582,73.919,560.0,2023-05-25,2023,88.3,93.9,82.7,56.1,1007.2,11.7,0.0
43057099999,"PUNE LOHEGAON, IN",18.582,73.919,560.0,2023-05-28,2023,86.6,91.6,79.1,55.0,1008.5,5.2,0.0
43057099999,"PUNE LOHEGAON, IN",18.582,73.919,560.0,2023-06-02,2023,88.6,96.9,82.7,57.3,1006.7,5.9,0.0
43057099999,"PUNE LOHEGAON, IN",18.582,73.919,560.0,2023-06-07,2023,90.7,96.0,85.3,51.9,1009.0,7.2,0.0
43057099999,"PUNE LOHEGAON, IN",18.582,73.919,560.0,2023-06-11,2023,90.4,98.3,84.4,58.5,1007.6,9.1,0.0
43057099999,"PUNE LOHEGAON, IN",18.582,73.919,560.0,2023-06-16,2023,86.6,95.1,81.4,60.7,1005.2,5.8,0.0
43057099999,"PUNE LOHEGAON, IN",18.582,73.919,560.0,2023-06-20,2023,85.3,94.1,78.4,55.0,1010.5,7.0,0.0
43057099999,"PUNE LOHEGAON, IN",18.582,73.919,560.0,2023-06-25,2023,87.5,93.1,80.0,52.7,1007.4,10.9,0.0
42867099999,"NAGPUR SONEGAON, IN",21.092,79.059,310.0,2023-04-01,2023,94.5,102.5,87.1,55.1,1005.9,6.9,0.0
42867099999,"NAGPUR SONEGAON, IN",21.092,79.059,310.0,2023-04-06,2023,93.4,105.8,85.0,66.6,1005.5,5.4,0.0
42867099999,"NAGPUR SONEGAON, IN",21.092,79.059,310.0,2023-04-10,2023,101.1,113.8,91.2,56.3,1002.6,7.4,0.0
42867099999,"NAGPUR SONEGAON, IN",21.092,79.059,310.0,2023-04-15,2023,95.0,105.9,85.3,56.0,1004.5,4.7,0.0
42867099999,"NAGPUR SONEGAON, IN",21.092,79.059,310.0,2023-04-19,2023,103.4,116.2,92.1,53.1,1001.9,8.4,0.0
42867099999,"NAGPUR SONEGAON, IN",21.092,79.059,310.0,2023-04-23,2023,99.9,108.1,91.3,51.6,1004.8,4.5,0.0
42867099999,"NAGPUR SONEGAON, IN",21.092,79.059,310.0,2023-04-28,2023,99.0,109.9,87.2,57.6,1001.6,6.0,0.0
42867099999,"NAGPUR SONEGAON, IN",21.092,79.059,310.0,2023-05-02,2023,99.3,109.4,89.8,58.6,1002.4,7.0,0.0
42867099999,"NAGPUR SONEGAON, IN",21.092,79.059,310.0,2023-05-07,2023,100.9,109.8,90.6,55.0,1004.0,9.7,0.16
42867099999,"NAGPUR SONEGAON, IN",21.092,79.059,310.0,2023-05-11,2023,106.7,119.3,96.6,59.3,1006.0,5.5,0.0
42867099999,"NAGPUR SONEGAON, IN",21.092,79.059,310.0,2023-05-15,2023,98.3,108.3,90.3,59.4,999.7,5.6,0.0
42867099999,"NAGPUR SONEGAON, IN",21.092,79.059,310.0,2023-05-19,2023,98.0,111.3,87.9,54.9,1006.6,6.5,0.0
42867099999,"NAGPUR SONEGAON, IN",21.092,79.059,310.0,2023-05-24,2023,104.6,112.9,93.1,59.8,998.4,8.7,0.0
42867099999,"NAGPUR SONEGAON, IN",21.092,79.059,310.0,2023-05-28,2023,101.1,109.7,91.1,60.1,1003.5,7.9,0.0
42867099999,"NAGPUR SONEGAON, IN",21.092,79.059,310.0,2023-06-02,2023,96.0,104.7,85.5,54.1,1002.8,5.7,0.0
42867099999,"NAGPUR SONEGAON, IN",21.092,79.059,310.0,2023-06-06,2023,102.2,112.3,92.4,47.6,1002.5,3.7,0.0
42867099999,"NAGPUR SONEGAON, IN",21.092,79.059,310.0,2023-06-11,2023,100.3,115.1,89.9,62.8,1005.1,6.4,0.0
42867099999,"NAGPUR SONEGAON, IN",21.092,79.059,310.0,2023-06-16,2023,100.6,113.7,87.9,54.6,997.3,8.3,0.0
42867099999,"NAGPUR SONEGAON, IN",21.092,79.059,310.0,2023-06-20,2023,97.2,108.3,87.3,63.6,1007.2,3.8,0.0
42867099999,"NAGPUR SONEGAON, IN",21.092,79.059,310.0,2023-06-24,2023,99.4,108.9,86.8,60.7,1004.1,7.2,0.17
42809099999,"CHANDRAPUR, IN",19.95,79.3,193.0,2023-04-01,2023,94.6,103.1,84.7,57.9,1008.0,5.9,0.0
42809099999,"CHANDRAPUR, IN",19.95,79.3,193.0,2023-04-06,2023,94.6,108.7,86.0,66.7,1002.0,4.5,0.0
42809099999,"CHANDRAPUR, IN",19.95,79.3,193.0,2023-04-09,2023,101.6,111.8,90.3,51.6,1004.8,6.6,0.0
42809099999,"CHANDRAPUR, IN",19.95,79.3,193.0,2023-04-14,2023,96.8,107.4,85.2,51.5,1003.7,4.1,0.0
42809099999,"CHANDRAPUR, IN",19.95,79.3,193.0,2023-04-18,2023,102.4,116.6,92.4,54.4,998.5,7.4,0.0
42809099999,"CHANDRAPUR, IN",19.95,79.3,193.0,2023-04-23,2023,100.1,110.2,90.5,58.2,1004.6,5.1,0.0
42809099999,"CHANDRAPUR, IN",19.95,79.3,193.0,2023-04-28,2023,103.7,115.7,95.7,58.3,1008.6,5.0,0.0
42809099999,"CHANDRAPUR, IN",19.95,79.3,193.0,2023-05-03,2023,102.2,113.5,94.0,56.9,998.2,5.3,0.0
42809099999,"CHANDRAPUR, IN",19.95,79.3,193.0,2023-05-07,2023,101.2,109.2,91.7,56.9,1005.9,4.1,0.39
42809099999,"CHANDRAPUR, IN",19.95,79.3,193.0,2023-05-12,2023,103.4,113.8,96.1,52.7,1003.5,6.3,0.0
42809099999,"CHANDRAPUR, IN",19.95,79.3,193.0,2023-05-15,2023,104.1,118.6,95.4,66.2,1005.7,8.7,0.0
42809099999,"CHANDRAPUR, IN",19.95,79.3,193.0,2023-05-20,2023,104.3,118.8,93.9,58.9,1004.2,7.5,0.0
42809099999,"CHANDRAPUR, IN",19.95,79.3,193.0,2023-05-24,2023,105.5,115.3,97.9,51.9,1002.0,8.6,0.0
42809099999,"CHANDRAPUR, IN",19.95,79.3,193.0,2023-05-29,2023,99.4,114.2,88.0,60.5,9999.9,7.3,0.0
42809099999,"CHANDRAPUR, IN",19.95,79.3,193.0,2023-06-02,2023,99.5,108.1,87.7,46.6,1001.8,4.0,0.0
42809099999,"CHANDRAPUR, IN",19.95,79.3,193.0,2023-06-06,2023,103.2,112.2,91.4,61.3,1004.3,6.0,0.0
42809099999,"CHANDRAPUR, IN",19.95,79.3,193.0,2023-06-12,2023,98.9,109.6,89.6,52.2,1004.5,6.3,0.0
42809099999,"CHANDRAPUR, IN",19.95,79.3,193.0,2023-06-15,2023,96.9,111.6,84.2,69.5,1004.7,8.8,0.0
42809099999,"CHANDRAPUR, IN",19.95,79.3,193.0,2023-06-21,2023,96.4,109.2,86.1,55.5,1002.7,6.0,0.0
42809099999,"CHANDRAPUR, IN",19.95,79.3,193.0,2023-06-25,2023,96.6,109.7,88.3,64.2,1003.6,6.9,0.0
42863099999,"AKOLA, IN",20.699,77.058,282.0,2023-04-01,2023,94.2,103.5,85.0,68.1,1003.1,4.4,0.0
42863099999,"AKOLA, IN",20.699,77.058,282.0,2023-04-05,2023,99.2,111.4,92.0,55.6,1004.1,4.9,0.0
42863099999,"AKOLA, IN",20.699,77.058,282.0,2023-04-09,2023,98.7,113.5,86.8,49.2,1009.0,9.0,0.0
42863099999,"AKOLA, IN",20.699,77.058,282.0,2023-04-15,2023,102.6,115.9,91.7,56.6,999.7,6.8,0.0
42863099999,"AKOLA, IN",20.699,77.058,282.0,2023-04-18,2023,100.5,114.6,92.7,59.0,1004.1,5.9,0.0
42863099999,"AKOLA, IN",20.699,77.058,282.0,2023-04-23,2023,100.9,114.9,92.2,61.1,1007.3,9.0,0.0
42863099999,"AKOLA, IN",20.699,77.058,282.0,2023-04-28,2023,102.6,116.9,94.6,53.4,1007.1,9.9,0.0
42863099999,"AKOLA, IN",20.699,77.058,282.0,2023-05-03,2023,106.2,120.1,95.2,74.4,999.6,3.5,0.0
42863099999,"AKOLA, IN",20.699,77.058,282.0,2023-05-07,2023,102.6,110.9,91.9,48.2,1004.7,7.8,0.0
42863099999,"AKOLA, IN",20.699,77.058,282.0,2023-05-12,2023,100.6,110.5,91.5,68.2,1000.7,5.4,0.0
42863099999,"AKOLA, IN",20.699,77.058,282.0,2023-05-15,2023,97.5,111.9,89.4,56.2,997.1,3.6,0.0
42863099999,"AKOLA, IN",20.699,77.058,282.0,2023-05-19,2023,104.3,113.8,95.0,48.3,1003.1,3.6,0.0
42863099999,"AKOLA, IN",20.699,77.058,282.0,2023-05-24,2023,96.1,109.4,84.7,57.0,1007.9,5.2,0.0
42863099999,"AKOLA, IN",20.699,77.058,282.0,2023-05-29,2023,102.6,112.2,94.5,54.3,1002.9,9.2,0.0
42863099999,"AKOLA, IN",20.699,77.058,282.0,2023-06-03,2023,101.1,111.6,91.9,61.0,998.9,8.4,0.0
42863099999,"AKOLA, IN",20.699,77.058,282.0,2023-06-07,2023,102.2,111.3,91.8,45.1,1001.1,10.0,0.0
42863099999,"AKOLA, IN",20.699,77.058,282.0,2023-06-12,2023,98.4,111.3,88.3,61.8,1003.1,8.8,0.0
42863099999,"AKOLA, IN",20.699,77.058,282.0,2023-06-16,2023,95.1,104.9,82.5,53.7,1003.6,6.6,0.0
42863099999,"AKOLA, IN",20.699,77.058,282.0,2023-06-21,2023,97.8,110.4,85.4,55.7,1001.6,5.3,0.0
42863099999,"AKOLA, IN",20.699,77.058,282.0,2023-06-25,2023,99.2,109.5,88.3,56.0,1002.7,3.7,0.0
42754099999,"INDORE, IN",22.722,75.801,564.0,2023-04-01,2023,90.5,97.3,83.7,50.9,1004.3,9.7,0.0
42754099999,"INDORE, IN",22.722,75.801,564.0,2023-04-06,2023,88.3,95.7,81.8,53.9,1007.4,8.2,0.37
42754099999,"INDORE, IN",22.722,75.801,564.0,2023-04-09,2023,85.5,92.1,78.1,55.6,1011.2,12.6,0.0
42754099999,"INDORE, IN",22.722,75.801,564.0,2023-04-14,2023,89.1,97.9,82.4,60.0,1005.2,6.1,0.0
42754099999,"INDORE, IN",22.722,75.801,564.0,2023-04-18,2023,85.6,93.8,79.2,45.2,1006.4,6.3,0.08
42754099999,"INDORE, IN",22.722,75.801,564.0,2023-04-23,2023,90.2,98.6,83.9,58.7,1007.6,999.9,0.0
42754099999,"INDORE, IN",22.722,75.801,564.0,2023-04-27,2023,88.5,94.9,82.1,53.8,1008.4,10.5,0.0
42754099999,"INDORE, IN",22.722,75.801,564.0,2023-05-02,2023,90.4,98.4,85.1,50.1,1008.6,6.0,0.0
42754099999,"INDORE, IN",22.722,75.801,564.0,2023-05-07,2023,90.9,98.3,84.3,54.9,1009.4,7.8,0.0
42754099999,"INDORE, IN",22.722,75.801,564.0,2023-05-11,2023,94.8,102.9,88.7,56.2,1008.8,7.7,0.0
42754099999,"INDORE, IN",22.722,75.801,564.0,2023-05-15,2023,87.7,93.3,82.2,57.3,1008.9,6.7,0.0
42754099999,"INDORE, IN",22.722,75.801,564.0,2023-05-20,2023,89.6,95.8,82.5,52.5,1008.4,8.8,0.0
42754099999,"INDORE, IN",22.722,75.801,564.0,2023-05-24,2023,92.0,98.9,86.8,58.4,1009.9,10.5,0.0
42754099999,"INDORE, IN",22.722,75.801,564.0,2023-05-29,2023,88.4,93.9,81.9,59.6,1008.6,10.5,0.27
42754099999,"INDORE, IN",22.722,75.801,564.0,2023-06-03,2023,86.7,92.8,79.8,57.9,1006.0,9.8,0.0
42754099999,"INDORE, IN",22.722,75.801,564.0,2023-06-07,2023,87.1,95.5,79.2,57.4,1008.6,5.9,0.0
42754099999,"INDORE, IN",22.722,75.801,564.0,2023-06-11,2023,85.7,91.3,79.7,60.8,1009.1,12.5,0.0
42754099999,"INDORE, IN",22.722,75.801,564.0,2023-06-16,2023,86.2,92.9,79.8,50.4,1007.7,5.3,0.0
42754099999,"INDORE, IN",22.722,75.801,564.0,2023-06-21,2023,86.2,92.2,80.2,57.1,1007.3,7.4,0.0
42754099999,"INDORE, IN",22.722,75.801,564.0,2023-06-24,2023,82.8,89.6,76.9,55.0,1007.4,5.3,0.0
42777099999,"BHOPAL BAIRAGARH, IN",23.287,77.337,524.0,2023-04-01,2023,87.5,92.8,82.2,53.8,1011.4,10.8,0.0
42777099999,"BHOPAL BAIRAGARH, IN",23.287,77.337,524.0,2023-04-05,2023,82.8,91.5,75.1,61.8,1007.6,12.5,0.0
42777099999,"BHOPAL BAIRAGARH, IN",23.287,77.337,524.0,2023-04-09,2023,88.7,94.3,80.8,56.9,1010.3,10.1,0.0
42777099999,"BHOPAL BAIRAGARH, IN",23.287,77.337,524.0,2023-04-15,2023,86.8,93.5,81.8,52.2,1010.8,12.6,0.0
42777099999,"BHOPAL BAIRAGARH, IN",23.287,77.337,524.0,2023-04-19,2023,87.7,96.6,80.4,57.5,1010.5,9.6,0.0
42777099999,"BHOPAL BAIRAGARH, IN",23.287,77.337,524.0,2023-04-23,2023,86.2,92.7,79.8,59.0,1006.8,11.1,0.0
42777099999,"BHOPAL BAIRAGARH, IN",23.287,77.337,524.0,2023-04-27,2023,88.3,95.7,80.6,56.9,1005.0,10.4,0.0
42777099999,"BHOPAL BAIRAGARH, IN",23.287,77.337,524.0,2023-05-02,2023,87.3,93.4,80.9,62.0,1009.8,11.3,0.0
42777099999,"BHOPAL BAIRAGARH, IN",23.287,77.337,524.0,2023-05-06,2023,88.9,94.1,83.0,57.6,1007.4,10.7,0.0
42777099999,"BHOPAL BAIRAGARH, IN",23.287,77.337,524.0,2023-05-12,2023,91.9,98.8,85.2,55.8,1008.5,7.7,0.0
42777099999,"BHOPAL BAIRAGARH, IN",23.287,77.337,524.0,2023-05-16,2023,91.5,97.3,84.4,53.5,1011.1,10.4,0.0
42777099999,"BHOPAL BAIRAGARH, IN",23.287,77.337,524.0,2023-05-20,2023,86.1,93.4,80.1,63.1,1007.3,6.7,0.0
42777099999,"BHOPAL BAIRAGARH, IN",23.287,77.337,524.0,2023-05-25,2023,88.6,93.7,81.7,49.0,1007.1,6.3,0.0
42777099999,"BHOPAL BAIRAGARH, IN",23.287,77.337,524.0,2023-05-29,2023,86.8,94.0,80.3,54.2,1007.7,6.9,0.0
42777099999,"BHOPAL BAIRAGARH, IN",23.287,77.337,524.0,2023-06-02,2023,90.6,97.2,85.0,57.4,1008.6,5.9,0.0
42777099999,"BHOPAL BAIRAGARH, IN",23.287,77.337,524.0,2023-06-07,2023,86.2,93.4,80.1,53.1,1011.6,6.7,0.0
42777099999,"BHOPAL BAIRAGARH, IN",23.287,77.337,524.0,2023-06-12,2023,86.5,93.5,79.9,63.2,1007.5,6.8,0.0
42777099999,"BHOPAL BAIRAGARH, IN",23.287,77.337,524.0,2023-06-15,2023,87.7,96.4,82.2,60.9,1010.5,7.3,0.0
42777099999,"BHOPAL BAIRAGARH, IN",23.287,77.337,524.0,2023-06-20,2023,87.0,93.5,80.0,55.0,1007.9,12.8,0.0
42777099999,"BHOPAL BAIRAGARH, IN",23.287,77.337,524.0,2023-06-24,2023,87.5,94.9,80.3,60.2,1008.0,12.6,0.0
42798099999,"JABALPUR, IN",23.181,80.053,495.0,2023-04-01,2023,97.9,112.6,90.8,66.8,1004.1,7.2,0.0
42798099999,"JABALPUR, IN",23.181,80.053,495.0,2023-04-05,2023,97.9,109.1,86.6,51.0,995.1,4.7,0.0
42798099999,"JABALPUR, IN",23.181,80.053,495.0,2023-04-09,2023,98.9,113.2,90.7,58.1,1001.5,6.2,0.0
42798099999,"JABALPUR, IN",23.181,80.053,495.0,2023-04-15,2023,99.7,111.2,92.0,58.3,1006.4,7.2,0.0
42798099999,"JABALPUR, IN",23.181,80.053,495.0,2023-04-18,2023,99.8,107.8,92.6,54.9,1006.0,7.7,0.0
42798099999,"JABALPUR, IN",23.181,80.053,495.0,2023-04-24,2023,99.9,114.6,87.6,61.2,1001.6,6.8,0.0
42798099999,"JABALPUR, IN",23.181,80.053,495.0,2023-04-28,2023,99.2,110.6,87.9,59.0,1003.0,5.1,0.0
42798099999,"JABALPUR, IN",23.181,80.053,495.0,2023-05-03,2023,102.9,113.9,95.2,57.3,997.5,4.0,0.0
42798099999,"JABALPUR, IN",23.181,80.053,495.0,2023-05-06,2023,100.6,111.2,89.7,62.6,1002.1,4.0,0.0
42798099999,"JABALPUR, IN",23.181,80.053,495.0,2023-05-11,2023,101.4,112.6,90.2,63.5,1000.9,8.3,0.0
42798099999,"JABALPUR, IN",23.181,80.053,495.0,2023-05-16,2023,97.9,110.8,87.5,57.8,1001.5,7.2,0.0
42798099999,"JABALPUR, IN",23.181,80.053,495.0,2023-05-20,2023,99.4,111.4,88.2,57.7,1004.5,5.1,0.0
42798099999,"JABALPUR, IN",23.181,80.053,495.0,2023-05-25,2023,101.9,111.0,90.0,60.1,1008.4,3.9,0.0
42798099999,"JABALPUR, IN",23.181,80.053,495.0,2023-05-28,2023,100.7,112.8,92.8,60.0,1001.5,3.1,0.0
42798099999,"JABALPUR, IN",23.181,80.053,495.0,2023-06-03,2023,98.7,111.0,90.7,55.7,1001.6,5.4,0.0
42798099999,"JABALPUR, IN",23.181,80.053,495.0,2023-06-07,2023,101.5,114.1,89.3,70.3,1000.9,6.4,0.0
42798099999,"JABALPUR, IN",23.181,80.053,495.0,2023-06-11,2023,98.7,108.9,90.4,58.3,1004.2,4.9,0.0
42798099999,"JABALPUR, IN",23.181,80.053,495.0,2023-06-16,2023,99.8,111.7,88.9,65.0,995.7,3.1,0.0
42798099999,"JABALPUR, IN",23.181,80.053,495.0,2023-06-20,2023,91.6,102.1,84.4,56.1,1006.3,7.4,0.0
42798099999,"JABALPUR, IN",23.181,80.053,495.0,2023-06-24,2023,93.1,107.9,85.7,43.6,1004.7,7.0,0.0
42909099999,"RAIPUR MANA, IN",21.18,81.739,317.0,2023-04-01,2023,96.9,106.5,85.6,53.1,1000.0,4.2,0.0
42909099999,"RAIPUR MANA, IN",21.18,81.739,317.0,2023-04-05,2023,94.3,108.7,86.5,59.2,1001.1,5.1,0.0
42909099999,"RAIPUR MANA, IN",21.18,81.739,317.0,2023-04-09,2023,99.2,111.0,87.5,44.3,1000.4,5.2,0.0
42909099999,"RAIPUR MANA, IN",21.18,81.739,317.0,2023-04-14,2023,95.7,104.4,85.1,9999.9,1001.4,7.2,0.0
42909099999,"RAIPUR MANA, IN",21.18,81.739,317.0,2023-04-19,2023,102.0,115.4,93.8,49.3,9999.9,8.6,0.0
42909099999,"RAIPUR MANA, IN",21.18,81.739,317.0,2023-04-24,2023,102.1,113.5,94.0,67.9,1001.6,6.6,0.0
42909099999,"RAIPUR MANA, IN",21.18,81.739,317.0,2023-04-27,2023,101.8,112.2,90.8,49.6,995.8,6.5,0.0
42909099999,"RAIPUR MANA, IN",21.18,81.739,317.0,2023-05-02,2023,103.9,114.1,91.0,58.6,1006.5,6.3,0.0
42909099999,"RAIPUR MANA, IN",21.18,81.739,317.0,2023-05-07,2023,98.1,108.5,86.9,61.2,1008.6,8.8,0.0
42909099999,"RAIPUR MANA, IN",21.18,81.739,317.0,2023-05-12,2023,103.3,113.6,93.1,60.0,1003.0,3.7,0.0
42909099999,"RAIPUR MANA, IN",21.18,81.739,317.0,2023-05-15,2023,97.8,107.1,88.4,65.4,1001.2,4.2,0.0
42909099999,"RAIPUR MANA, IN",21.18,81.739,317.0,2023-05-20,2023,103.6,116.1,91.8,50.8,999.5,8.5,0.0
42909099999,"RAIPUR MANA, IN",21.18,81.739,317.0,2023-05-25,2023,105.9,116.5,97.1,56.9,1007.4,8.1,0.0
42909099999,"RAIPUR MANA, IN",21.18,81.739,317.0,2023-05-29,2023,101.4,109.4,88.7,49.4,1005.7,3.4,0.0
42909099999,"RAIPUR MANA, IN",21.18,81.739,317.0,2023-06-03,2023,99.4,107.5,88.2,62.1,1003.1,4.5,0.0
42909099999,"RAIPUR MANA, IN",21.18,81.739,317.0,2023-06-07,2023,96.2,106.5,85.8,59.4,1009.6,4.4,0.0
42909099999,"RAIPUR MANA, IN",21.18,81.739,317.0,2023-06-11,2023,101.3,110.4,89.9,58.3,1006.2,9.6,0.0
42909099999,"RAIPUR MANA, IN",21.18,81.739,317.0,2023-06-16,2023,99.6,112.4,87.2,59.6,999.7,6.4,0.0
42909099999,"RAIPUR MANA, IN",21.18,81.739,317.0,2023-06-21,2023,98.7,108.6,89.5,63.8,1000.5,9.5,0.0
42909099999,"RAIPUR MANA, IN",21.18,81.739,317.0,2023-06-25,2023,101.2,115.0,89.0,58.1,1000.3,7.1,0.0
43128099999,"HYDERABAD AIRPORT, IN",17.24,78.43,617.0,2023-04-02,2023,90.3,98.5,81.8,60.5,1007.5,9.8,0.0
43128099999,"HYDERABAD AIRPORT, IN",17.24,78.43,617.0,2023-04-06,2023,88.1,98.0,81.1,61.4,1007.0,10.4,0.0
43128099999,"HYDERABAD AIRPORT, IN",17.24,78.43,617.0,2023-04-10,2023,89.7,97.0,81.7,53.6,1003.8,9.9,0.0
43128099999,"HYDERABAD AIRPORT, IN",17.24,78.43,617.0,2023-04-15,2023,91.5,99.2,83.0,61.1,1005.0,10.6,0.0
43128099999,"HYDERABAD AIRPORT, IN",17.24,78.43,617.0,2023-04-19,2023,87.2,97.2,78.4,57.3,1002.0,11.1,0.0
43128099999,"HYDERABAD AIRPORT, IN",17.24,78.43,617.0,2023-04-23,2023,90.1,99.0,82.4,59.2,1004.1,11.8,0.0
43128099999,"HYDERABAD AIRPORT, IN",17.24,78.43,617.0,2023-04-27,2023,90.4,98.7,83.0,63.1,1010.2,9.6,0.0
43128099999,"HYDERABAD AIRPORT, IN",17.24,78.43,617.0,2023-05-03,2023,87.9,95.7,79.2,66.2,1007.9,10.2,0.0
43128099999,"HYDERABAD AIRPORT, IN",17.24,78.43,617.0,2023-05-07,2023,89.5,99.1,82.3,62.4,9999.9,7.1,0.0
43128099999,"HYDERABAD AIRPORT, IN",17.24,78.43,617.0,2023-05-11,2023,91.5,98.6,84.9,67.6,1007.2,9.7,0.0
43128099999,"HYDERABAD AIRPORT, IN",17.24,78.43,617.0,2023-05-16,2023,92.2,101.8,84.1,59.9,1003.0,9.0,0.0
43128099999,"HYDERABAD AIRPORT, IN",17.24,78.43,617.0,2023-05-19,2023,90.8,99.9,83.1,66.4,1002.9,11.7,0.0
43128099999,"HYDERABAD AIRPORT, IN",17.24,78.43,617.0,2023-05-25,2023,88.9,95.6,80.0,62.1,1004.0,6.6,0.0
43128099999,"HYDERABAD AIRPORT, IN",17.24,78.43,617.0,2023-05-29,2023,89.3,95.8,80.5,59.9,1003.3,5.2,0.0
43128099999,"HYDERABAD AIRPORT, IN",17.24,78.43,617.0,2023-06-03,2023,88.7,96.3,82.1,64.4,1003.4,7.7,0.0
43128099999,"HYDERABAD AIRPORT, IN",17.24,78.43,617.0,2023-06-06,2023,87.2,93.9,80.6,59.1,1007.5,11.6,0.0
43128099999,"HYDERABAD AIRPORT, IN",17.24,78.43,617.0,2023-06-11,2023,89.7,99.6,81.3,59.7,1006.1,999.9,0.0
43128099999,"HYDERABAD AIRPORT, IN",17.24,78.43,617.0,2023-06-16,2023,86.1,93.7,77.5,63.6,1006.8,7.5,0.0
43128099999,"HYDERABAD AIRPORT, IN",17.24,78.43,617.0,2023-06-21,2023,88.3,95.2,80.2,65.6,1003.7,9.6,0.0
43128099999,"HYDERABAD AIRPORT, IN",17.24,78.43,617.0,2023-06-25,2023,91.0,97.2,82.4,62.2,1005.3,6.2,0.27
43150099999,"VIJAYAWADA GANNAVARAM, IN",16.53,80.797,25.0,2023-04-01,2023,89.2,96.6,83.2,76.8,1010.4,8.3,0.0
43150099999,"VIJAYAWADA GANNAVARAM, IN",16.53,80.797,25.0,2023-04-05,2023,87.6,94.6,81.2,75.2,1010.1,6.6,0.0
43150099999,"VIJAYAWADA GANNAVARAM, IN",16.53,80.797,25.0,2023-04-10,2023,89.0,94.6,83.8,79.3,1011.4,12.6,0.0
43150099999,"VIJAYAWADA GANNAVARAM, IN",16.53,80.797,25.0,2023-04-15,2023,89.7,93.9,83.1,78.8,1005.7,13.2,0.51
43150099999,"VIJAYAWADA GANNAVARAM, IN",16.53,80.797,25.0,2023-04-18,2023,92.1,97.5,87.4,77.6,1008.9,8.8,1.17
43150099999,"VIJAYAWADA GANNAVARAM, IN",16.53,80.797,25.0,2023-04-24,2023,90.0,94.5,84.2,72.9,1009.0,10.7,0.0
43150099999,"VIJAYAWADA GANNAVARAM, IN",16.53,80.797,25.0,2023-04-28,2023,87.7,95.5,81.7,76.3,1009.9,5.9,0.0
43150099999,"VIJAYAWADA GANNAVARAM, IN",16.53,80.797,25.0,2023-05-02,2023,91.9,99.2,87.5,82.0,1010.1,10.9,0.0
43150099999,"VIJAYAWADA GANNAVARAM, IN",16.53,80.797,25.0,2023-05-06,2023,90.6,95.5,86.0,77.1,1007.9,10.9,0.0
43150099999,"VIJAYAWADA GANNAVARAM, IN",16.53,80.797,25.0,2023-05-12,2023,89.0,96.1,84.6,74.7,1006.9,8.8,0.0
43150099999,"VIJAYAWADA GANNAVARAM, IN",16.53,80.797,25.0,2023-05-16,2023,88.2,94.8,81.9,77.2,1007.5,13.8,0.8
43150099999,"VIJAYAWADA GANNAVARAM, IN",16.53,80.797,25.0,2023-05-19,2023,88.9,95.2,83.4,78.1,1009.4,8.1,0.0
43150099999,"VIJAYAWADA GANNAVARAM, IN",16.53,80.797,25.0,2023-05-24,2023,92.2,98.0,87.4,76.3,1009.2,9.0,0.0
43150099999,"VIJAYAWADA GANNAVARAM, IN",16.53,80.797,25.0,2023-05-28,2023,92.9,97.9,86.5,77.8,1006.4,9.4,0.0
43150099999,"VIJAYAWADA GANNAVARAM, IN",16.53,80.797,25.0,2023-06-03,2023,91.9,96.1,86.8,80.1,1006.8,10.8,0.0
43150099999,"VIJAYAWADA GANNAVARAM, IN",16.53,80.797,25.0,2023-06-06,2023,95.0,99.5,88.8,75.8,1008.1,6.1,0.0
43150099999,"VIJAYAWADA GANNAVARAM, IN",16.53,80.797,25.0,2023-06-11,2023,89.7,95.2,82.8,77.6,1004.5,14.0,1.02
43150099999,"VIJAYAWADA GANNAVARAM, IN",16.53,80.797,25.0,2023-06-16,2023,89.5,95.6,83.1,74.3,1008.3,10.1,0.0
43150099999,"VIJAYAWADA GANNAVARAM, IN",16.53,80.797,25.0,2023-06-20,2023,91.9,97.4,87.6,78.7,1003.3,6.5,0.0
43150099999,"VIJAYAWADA GANNAVARAM, IN",16.53,80.797,25.0,2023-06-24,2023,93.4,99.6,86.6,77.8,1006.4,8.8,0.15
43185099999,"VISAKHAPATNAM, IN",17.721,83.224,3.0,2023-04-02,2023,89.6,97.2,84.2,9999.9,1006.7,6.2,0.0
43185099999,"VISAKHAPATNAM, IN",17.721,83.224,3.0,2023-04-06,2023,90.0,94.9,83.8,75.6,1007.2,10.3,0.93
43185099999,"VISAKHAPATNAM, IN",17.721,83.224,3.0,2023-04-09,2023,88.7,94.3,84.2,73.5,1008.3,8.8,0.0
43185099999,"VISAKHAPATNAM, IN",17.721,83.224,3.0,2023-04-15,2023,91.5,96.1,86.3,78.4,1009.6,11.5,0.0
43185099999,"VISAKHAPATNAM, IN",17.721,83.224,3.0,2023-04-19,2023,91.4,98.4,87.3,75.7,1009.7,6.1,0.0
43185099999,"VISAKHAPATNAM, IN",17.721,83.224,3.0,2023-04-24,2023,88.7,93.9,84.3,74.8,1006.1,11.7,0.0
43185099999,"VISAKHAPATNAM, IN",17.721,83.224,3.0,2023-04-28,2023,93.3,100.8,86.5,79.4,1009.0,5.4,0.0
43185099999,"VISAKHAPATNAM, IN",17.721,83.224,3.0,2023-05-02,2023,93.5,101.0,87.4,74.9,1008.7,12.2,0.0
43185099999,"VISAKHAPATNAM, IN",17.721,83.224,3.0,2023-05-07,2023,91.5,96.5,85.0,79.2,1007.8,9.5,0.0
43185099999,"VISAKHAPATNAM, IN",17.721,83.224,3.0,2023-05-12,2023,91.2,98.6,85.0,78.4,1009.8,13.1,0.0
43185099999,"VISAKHAPATNAM, IN",17.721,83.224,3.0,2023-05-16,2023,90.7,95.0,86.4,76.9,1005.9,12.3,0.0
43185099999,"VISAKHAPATNAM, IN",17.721,83.224,3.0,2023-05-19,2023,87.4,95.4,80.9,77.6,1009.2,9.4,0.0
43185099999,"VISAKHAPATNAM, IN",17.721,83.224,3.0,2023-05-25,2023,92.2,96.4,87.9,72.2,1007.3,12.5,0.0
43185099999,"VISAKHAPATNAM, IN",17.721,83.224,3.0,2023-05-28,2023,87.7,93.1,81.7,80.5,1005.8,13.1,0.0
43185099999,"VISAKHAPATNAM, IN",17.721,83.224,3.0,2023-06-03,2023,93.6,101.1,87.9,79.4,1006.2,9.7,0.0
43185099999,"VISAKHAPATNAM, IN",17.721,83.224,3.0,2023-06-06,2023,89.2,94.0,84.6,78.0,1006.3,10.7,0.0
43185099999,"VISAKHAPATNAM, IN",17.721,83.224,3.0,2023-06-12,2023,91.0,98.4,86.2,75.9,1004.4,12.4,0.0
43185099999,"VISAKHAPATNAM, IN",17.721,83.224,3.0,2023-06-15,2023,86.5,91.8,80.4,77.6,1006.9,10.7,0.0
43185099999,"VISAKHAPATNAM, IN",17.721,83.224,3.0,2023-06-21,2023,89.0,96.0,82.8,78.8,1010.3,12.0,0.65
43185099999,"VISAKHAPATNAM, IN",17.721,83.224,3.0,2023-06-24,2023,89.3,94.5,84.4,76.2,1009.0,13.2,0.55
43279099999,"CHENNAI MEENAMBAKKAM, IN",12.994,80.181,16.0,2023-04-01,2023,86.8,91.8,80.6,77.6,1009.1,8.2,0.0
43279099999,"CHENNAI MEENAMBAKKAM, IN",12.994,80.181,16.0,2023-04-06,2023,90.9,95.0,86.3,72.2,1006.5,7.8,0.0
43279099999,"CHENNAI MEENAMBAKKAM, IN",12.994,80.181,16.0,2023-04-09,2023,88.4,94.0,82.3,77.3,1009.0,6.8,0.76
43279099999,"CHENNAI MEENAMBAKKAM, IN",12.994,80.181,16.0,2023-04-15,2023,93.2,99.3,88.0,75.8,1007.0,13.3,1.15
43279099999,"CHENNAI MEENAMBAKKAM, IN",12.994,80.181,16.0,2023-04-18,2023,92.8,98.1,88.1,77.8,1010.5,12.4,0.0
43279099999,"CHENNAI MEENAMBAKKAM, IN",12.994,80.181,16.0,2023-04-23,2023,91.6,98.9,84.6,74.2,1005.3,7.2,0.0
43279099999,"CHENNAI MEENAMBAKKAM, IN",12.994,80.181,16.0,2023-04-27,2023,88.5,96.4,82.0,78.7,1010.4,9.3,0.0
43279099999,"CHENNAI MEENAMBAKKAM, IN",12.994,80.181,16.0,2023-05-02,2023,94.9,102.3,89.2,79.2,1010.3,10.6,0.0
43279099999,"CHENNAI MEENAMBAKKAM, IN",12.994,80.181,16.0,2023-05-07,2023,90.7,97.9,85.9,74.2,1009.7,8.3,0.0
43279099999,"CHENNAI MEENAMBAKKAM, IN",12.994,80.181,16.0,2023-05-11,2023,92.6,97.9,86.1,77.3,1008.8,11.3,0.0
43279099999,"CHENNAI MEENAMBAKKAM, IN",12.994,80.181,16.0,2023-05-16,2023,92.5,98.6,88.2,80.3,1010.6,12.4,0.0
43279099999,"CHENNAI MEENAMBAKKAM, IN",12.994,80.181,16.0,2023-05-19,2023,92.9,98.7,87.1,79.2,1009.0,5.5,0.0
43279099999,"CHENNAI MEENAMBAKKAM, IN",12.994,80.181,16.0,2023-05-24,2023,91.0,95.1,85.6,79.0,1005.2,10.9,0.0
43279099999,"CHENNAI MEENAMBAKKAM, IN",12.994,80.181,16.0,2023-05-29,2023,93.5,97.8,87.4,74.1,1008.6,10.1,0.0
43279099999,"CHENNAI MEENAMBAKKAM, IN",12.994,80.181,16.0,2023-06-02,2023,89.9,97.9,85.3,78.5,1007.9,9.1,0.0
43279099999,"CHENNAI MEENAMBAKKAM, IN",12.994,80.181,16.0,2023-06-07,2023,88.3,92.8,82.7,9999.9,1006.8,11.1,0.0
43279099999,"CHENNAI MEENAMBAKKAM, IN",12.994,80.181,16.0,2023-06-12,2023,92.4,98.7,86.0,77.1,1008.8,5.6,0.56
43279099999,"CHENNAI MEENAMBAKKAM, IN",12.994,80.181,16.0,2023-06-15,2023,88.8,96.2,84.7,75.6,1007.1,13.4,0.0
43279099999,"CHENNAI MEENAMBAKKAM, IN",12.994,80.181,16.0,2023-06-21,2023,91.6,98.8,86.4,81.3,1006.4,9.3,0.0
43279099999,"CHENNAI MEENAMBAKKAM, IN",12.994,80.181,16.0,2023-06-25,2023,91.6,99.1,86.1,71.7,1005.6,6.7,0.0
43295099999,"BANGALORE AIRPORT, IN",13.198,77.706,915.0,2023-04-02,2023,79.3,84.7,75.0,58.3,1006.8,8.1,0.0
43295099999,"BANGALORE AIRPORT, IN",13.198,77.706,915.0,2023-04-05,2023,82.0,86.5,75.1,62.3,1010.8,10.2,0.3
43295099999,"BANGALORE AIRPORT, IN",13.198,77.706,915.0,2023-04-09,2023,82.8,89.7,78.3,63.9,1011.3,11.0,0.19
43295099999,"BANGALORE AIRPORT, IN",13.198,77.706,915.0,2023-04-15,2023,81.9,87.6,75.2,58.8,1012.1,11.7,0.0
43295099999,"BANGALORE AIRPORT, IN",13.198,77.706,915.0,2023-04-18,2023,81.2,87.0,74.4,59.7,1009.6,13.1,0.0
43295099999,"BANGALORE AIRPORT, IN",13.198,77.706,915.0,2023-04-23,2023,80.9,85.9,76.3,61.5,1010.7,10.1,0.0
43295099999,"BANGALORE AIRPORT, IN",13.198,77.706,915.0,2023-04-28,2023,83.4,90.2,76.6,59.9,1009.0,10.4,0.0
43295099999,"BANGALORE AIRPORT, IN",13.198,77.706,915.0,2023-05-03,2023,84.9,89.7,80.5,64.7,1014.2,13.7,0.0
43295099999,"BANGALORE AIRPORT, IN",13.198,77.706,915.0,2023-05-07,2023,85.2,91.7,78.5,67.0,1007.2,11.7,0.0
43295099999,"BANGALORE AIRPORT, IN",13.198,77.706,915.0,2023-05-12,2023,84.6,91.3,78.9,62.8,1008.9,11.6,0.0
43295099999,"BANGALORE AIRPORT, IN",13.198,77.706,915.0,2023-05-15,2023,83.5,88.9,78.9,66.3,1011.0,13.6,0.0
43295099999,"BANGALORE AIRPORT, IN",13.198,77.706,915.0,2023-05-19,2023,81.6,86.6,76.2,65.6,1008.7,9.1,0.0
43295099999,"BANGALORE AIRPORT, IN",13.198,77.706,915.0,2023-05-24,2023,83.5,89.1,79.4,61.9,1009.6,13.6,0.0
43295099999,"BANGALORE AIRPORT, IN",13.198,77.706,915.0,2023-05-29,2023,84.4,90.6,78.8,59.4,1013.9,6.4,0.0
43295099999,"BANGALORE AIRPORT, IN",13.198,77.706,915.0,2023-06-03,2023,79.5,85.7,73.9,60.9,1010.7,7.4,0.0
43295099999,"BANGALORE AIRPORT, IN",13.198,77.706,915.0,2023-06-06,2023,83.7,90.4,77.5,62.6,1009.9,6.6,0.0
43295099999,"BANGALORE AIRPORT, IN",13.198,77.706,915.0,2023-06-12,2023,83.0,87.6,77.0,62.2,1012.8,13.4,0.21
43295099999,"BANGALORE AIRPORT, IN",13.198,77.706,915.0,2023-06-16,2023,83.5,90.0,78.4,66.1,1008.1,12.7,0.14
43295099999,"BANGALORE AIRPORT, IN",13.198,77.706,915.0,2023-06-21,2023,81.5,87.6,75.4,61.9,1008.0,13.2,0.0
43295099999,"BANGALORE AIRPORT, IN",13.198,77.706,915.0,2023-06-25,2023,82.0,88.1,76.8,61.1,1011.3,9.3,0.0
43314099999,"COIMBATORE PEELAMEDU, IN",11.03,77.043,406.0,2023-04-01,2023,86.1,94.6,78.9,68.5,1004.2,9.9,0.0
43314099999,"COIMBATORE PEELAMEDU, IN",11.03,77.043,406.0,2023-04-05,2023,89.1,95.7,80.7,64.8,1004.9,5.5,0.0
43314099999,"COIMBATORE PEELAMEDU, IN",11.03,77.043,406.0,2023-04-10,2023,90.8,98.0,84.0,56.7,1008.9,11.0,0.0
43314099999,"COIMBATORE PEELAMEDU, IN",11.03,77.043,406.0,2023-04-14,2023,89.5,99.3,81.9,59.2,1005.4,8.5,0.0
43314099999,"COIMBATORE PEELAMEDU, IN",11.03,77.043,406.0,2023-04-18,2023,91.5,97.6,84.3,59.3,1004.5,5.6,0.0
43314099999,"COIMBATORE PEELAMEDU, IN",11.03,77.043,406.0,2023-04-23,2023,89.8,97.6,81.5,56.9,1009.6,9.6,0.0
43314099999,"COIMBATORE PEELAMEDU, IN",11.03,77.043,406.0,2023-04-27,2023,89.4,97.7,80.6,64.9,1006.4,7.4,0.0
43314099999,"COIMBATORE PEELAMEDU, IN",11.03,77.043,406.0,2023-05-02,2023,88.9,96.4,82.4,61.6,1007.6,7.0,0.11
43314099999,"COIMBATORE PEELAMEDU, IN",11.03,77.043,406.0,2023-05-07,2023,90.7,97.0,83.9,66.4,1008.0,8.7,0.0
43314099999,"COIMBATORE PEELAMEDU, IN",11.03,77.043,406.0,2023-05-11,2023,93.0,100.6,85.4,59.8,1003.8,9.3,0.0
43314099999,"COIMBATORE PEELAMEDU, IN",11.03,77.043,406.0,2023-05-15,2023,90.0,98.7,84.0,62.4,1007.1,5.0,0.21
43314099999,"COIMBATORE PEELAMEDU, IN",11.03,77.043,406.0,2023-05-19,2023,86.8,95.1,80.6,61.6,1006.3,9.5,0.0
43314099999,"COIMBATORE PEELAMEDU, IN",11.03,77.043,406.0,2023-05-25,2023,90.5,98.3,82.3,66.8,1006.8,9.8,0.0
43314099999,"COIMBATORE PEELAMEDU, IN",11.03,77.043,406.0,2023-05-28,2023,93.6,101.4,84.9,60.7,1007.9,6.6,0.0
43314099999,"COIMBATORE PEELAMEDU, IN",11.03,77.043,406.0,2023-06-03,2023,93.9,103.4,86.8,66.8,1003.8,5.1,0.0
43314099999,"COIMBATORE PEELAMEDU, IN",11.03,77.043,406.0,2023-06-06,2023,89.9,99.9,83.5,60.2,1007.0,9.4,0.0
43314099999,"COIMBATORE PEELAMEDU, IN",11.03,77.043,406.0,2023-06-12,2023,91.3,99.1,84.2,58.2,1006.1,7.5,0.0
43314099999,"COIMBATORE PEELAMEDU, IN",11.03,77.043,406.0,2023-06-15,2023,85.7,94.5,78.0,67.4,1005.0,11.6,0.0
43314099999,"COIMBATORE PEELAMEDU, IN",11.03,77.043,406.0,2023-06-21,2023,89.2,96.7,82.3,60.4,1008.3,7.7,0.0
43314099999,"COIMBATORE PEELAMEDU, IN",11.03,77.043,406.0,2023-06-25,2023,83.0,89.2,76.4,61.5,1005.8,8.9,0.0
43333099999,"MADURAI AIRPORT, IN",9.835,78.093,139.0,2023-04-02,2023,92.4,98.5,86.6,79.1,1003.2,6.4,0.84
43333099999,"MADURAI AIRPORT, IN",9.835,78.093,139.0,2023-04-05,2023,95.3,102.0,89.0,75.0,1007.5,4.5,0.0
43333099999,"MADURAI AIRPORT, IN",9.835,78.093,139.0,2023-04-09,2023,92.9,102.3,84.8,71.7,1007.2,3.5,0.74
43333099999,"MADURAI AIRPORT, IN",9.835,78.093,139.0,2023-04-15,2023,95.8,102.8,90.2,69.3,1003.9,4.3,0.0
43333099999,"MADURAI AIRPORT, IN",9.835,78.093,139.0,2023-04-19,2023,96.2,104.6,88.4,76.4,1003.6,4.7,0.5
43333099999,"MADURAI AIRPORT, IN",9.835,78.093,139.0,2023-04-24,2023,90.1,96.9,82.9,75.5,1002.6,5.8,0.0
43333099999,"MADURAI AIRPORT, IN",9.835,78.093,139.0,2023-04-27,2023,92.1,102.7,86.7,65.4,1006.6,3.2,0.0
43333099999,"MADURAI AIRPORT, IN",9.835,78.093,139.0,2023-05-03,2023,96.8,107.5,89.5,73.2,1007.8,4.1,0.0
43333099999,"MADURAI AIRPORT, IN",9.835,78.093,139.0,2023-05-07,2023,98.0,109.0,89.5,78.7,1002.2,3.4,0.29
43333099999,"MADURAI AIRPORT, IN",9.835,78.093,139.0,2023-05-11,2023,96.8,107.6,90.5,69.0,1004.5,7.3,0.0
43333099999,"MADURAI AIRPORT, IN",9.835,78.093,139.0,2023-05-15,2023,96.5,105.6,89.1,75.8,1005.1,9.0,0.0
43333099999,"MADURAI AIRPORT, IN",9.835,78.093,139.0,2023-05-19,2023,98.2,106.6,89.6,76.0,1009.3,3.3,0.0
43333099999,"MADURAI AIRPORT, IN",9.835,78.093,139.0,2023-05-24,2023,96.2,103.5,87.2,71.1,1005.5,6.9,0.0
43333099999,"MADURAI AIRPORT, IN",9.835,78.093,139.0,2023-05-28,2023,95.0,104.7,89.9,78.3,1004.4,5.3,0.0
43333099999,"MADURAI AIRPORT, IN",9.835,78.093,139.0,2023-06-03,2023,95.1,102.8,86.9,72.5,1006.4,8.1,0.0
43333099999,"MADURAI AIRPORT, IN",9.835,78.093,139.0,2023-06-07,2023,95.6,104.3,88.6,72.0,1008.3,4.6,0.0
43333099999,"MADURAI AIRPORT, IN",9.835,78.093,139.0,2023-06-12,2023,93.7,104.0,85.1,74.0,1006.3,3.1,0.66
43333099999,"MADURAI AIRPORT, IN",9.835,78.093,139.0,2023-06-15,2023,91.8,101.7,83.4,75.3,1002.9,3.1,0.7
43333099999,"MADURAI AIRPORT, IN",9.835,78.093,139.0,2023-06-21,2023,96.0,105.2,89.7,71.0,1006.4,7.0,0.0
43333099999,"MADURAI AIRPORT, IN",9.835,78.093,139.0,2023-06-24,2023,96.2,103.1,88.3,76.5,1005.5,3.5,0.0
43353099999,"KOCHI COCHIN AIRPORT, IN",10.152,76.402,8.0,2023-04-02,2023,88.9,94.2,83.3,75.6,1010.9,9.3,1.19
43353099999,"KOCHI COCHIN AIRPORT, IN",10.152,76.402,8.0,2023-04-05,2023,88.3,94.1,82.8,74.5,1009.3,5.7,0.0
43353099999,"KOCHI COCHIN AIRPORT, IN",10.152,76.402,8.0,2023-04-09,2023,88.5,95.3,82.4,74.7,1005.1,5.7,0.45
43353099999,"KOCHI COCHIN AIRPORT, IN",10.152,76.402,8.0,2023-04-15,2023,89.6,96.0,84.1,76.9,1008.5,7.6,0.0
43353099999,"KOCHI COCHIN AIRPORT, IN",10.152,76.402,8.0,2023-04-19,2023,92.5,97.6,88.0,78.4,1007.6,5.6,0.0
43353099999,"KOCHI COCHIN AIRPORT, IN",10.152,76.402,8.0,2023-04-24,2023,90.8,95.1,84.5,78.4,1010.5,11.4,0.92
43353099999,"KOCHI COCHIN AIRPORT, IN",10.152,76.402,8.0,2023-04-28,2023,91.6,98.4,85.8,75.9,1006.0,13.6,0.0
43353099999,"KOCHI COCHIN AIRPORT, IN",10.152,76.402,8.0,2023-05-03,2023,89.0,94.5,84.1,78.7,1009.2,9.4,0.0
43353099999,"KOCHI COCHIN AIRPORT, IN",10.152,76.402,8.0,2023-05-07,2023,92.8,98.4,86.2,76.8,1010.8,7.9,0.0
43353099999,"KOCHI COCHIN AIRPORT, IN",10.152,76.402,8.0,2023-05-12,2023,91.0,96.8,86.6,79.5,1007.9,11.8,0.0
43353099999,"KOCHI COCHIN AIRPORT, IN",10.152,76.402,8.0,2023-05-15,2023,90.8,96.4,86.8,78.6,1008.8,12.1,0.0
43353099999,"KOCHI COCHIN AIRPORT, IN",10.152,76.402,8.0,2023-05-19,2023,92.5,96.6,87.1,77.3,1007.9,7.4,0.65
43353099999,"KOCHI COCHIN AIRPORT, IN",10.152,76.402,8.0,2023-05-25,2023,96.1,101.0,90.6,80.0,1009.4,11.5,0.0
43353099999,"KOCHI COCHIN AIRPORT, IN",10.152,76.402,8.0,2023-05-28,2023,91.9,97.3,87.5,79.6,1009.0,13.6,0.0
43353099999,"KOCHI COCHIN AIRPORT, IN",10.152,76.402,8.0,2023-06-03,2023,91.4,98.6,86.2,76.3,1007.8,5.1,0.0
43353099999,"KOCHI COCHIN AIRPORT, IN",10.152,76.402,8.0,2023-06-07,2023,85.4,91.9,79.6,77.6,1007.0,9.8,0.0
43353099999,"KOCHI COCHIN AIRPORT, IN",10.152,76.402,8.0,2023-06-12,2023,93.7,97.9,88.3,77.1,1005.6,8.8,0.46
43353099999,"KOCHI COCHIN AIRPORT, IN",10.152,76.402,8.0,2023-06-16,2023,90.4,97.5,84.7,74.5,1008.9,10.2,0.0
43353099999,"KOCHI COCHIN AIRPORT, IN",10.152,76.402,8.0,2023-06-20,2023,90.6,97.5,84.8,79.5,1006.4,12.3,0.0
43353099999,"KOCHI COCHIN AIRPORT, IN",10.152,76.402,8.0,2023-06-24,2023,89.8,95.4,85.4,73.7,1009.4,7.9,0.0
43371099999,"THIRUVANANTHAPURAM, IN",8.482,76.92,64.0,2023-04-02,2023,90.2,94.5,85.1,78.3,1008.0,6.7,0.0
43371099999,"THIRUVANANTHAPURAM, IN",8.482,76.92,64.0,2023-04-06,2023,90.4,95.4,84.5,81.1,1007.4,7.9,0.0
43371099999,"THIRUVANANTHAPURAM, IN",8.482,76.92,64.0,2023-04-10,2023,90.3,96.2,85.3,74.4,1006.3,12.9,0.99
43371099999,"THIRUVANANTHAPURAM, IN",8.482,76.92,64.0,2023-04-15,2023,90.6,97.6,84.4,79.8,1007.5,6.8,0.0
43371099999,"THIRUVANANTHAPURAM, IN",8.482,76.92,64.0,2023-04-18,2023,90.3,95.5,85.7,76.1,1006.9,7.7,0.81
43371099999,"THIRUVANANTHAPURAM, IN",8.482,76.92,64.0,2023-04-23,2023,91.6,97.4,86.5,73.3,1010.6,6.4,0.0
43371099999,"THIRUVANANTHAPURAM, IN",8.482,76.92,64.0,2023-04-27,2023,90.1,97.0,84.8,78.9,1005.5,6.5,1.15
43371099999,"THIRUVANANTHAPURAM, IN",8.482,76.92,64.0,2023-05-03,2023,92.8,97.4,86.3,78.8,1008.8,8.4,0.58
43371099999,"THIRUVANANTHAPURAM, IN",8.482,76.92,64.0,2023-05-06,2023,89.9,96.5,85.0,77.7,1005.6,11.8,0.66
43371099999,"THIRUVANANTHAPURAM, IN",8.482,76.92,64.0,2023-05-11,2023,91.4,96.0,87.1,79.7,1009.6,6.5,0.0
43371099999,"THIRUVANANTHAPURAM, IN",8.482,76.92,64.0,2023-05-15,2023,91.9,97.6,85.7,74.6,1009.3,9.4,0.0
43371099999,"THIRUVANANTHAPURAM, IN",8.482,76.92,64.0,2023-05-19,2023,91.9,98.1,87.7,71.3,1009.6,6.9,0.94
43371099999,"THIRUVANANTHAPURAM, IN",8.482,76.92,64.0,2023-05-24,2023,91.8,96.0,85.2,80.1,1005.8,7.0,0.34
43371099999,"THIRUVANANTHAPURAM, IN",8.482,76.92,64.0,2023-05-29,2023,85.9,91.2,79.6,77.8,1008.6,11.0,0.94
43371099999,"THIRUVANANTHAPURAM, IN",8.482,76.92,64.0,2023-06-02,2023,88.4,92.6,82.6,9999.9,1013.5,6.9,0.0
43371099999,"THIRUVANANTHAPURAM, IN",8.482,76.92,64.0,2023-06-07,2023,90.6,96.6,84.1,78.9,1006.7,8.6,0.11
43371099999,"THIRUVANANTHAPURAM, IN",8.482,76.92,64.0,2023-06-12,2023,87.0,93.1,82.5,76.7,1007.5,6.8,0.0
43371099999,"THIRUVANANTHAPURAM, IN",8.482,76.92,64.0,2023-06-15,2023,89.8,96.4,84.5,76.8,1008.5,9.0,0.0
43371099999,"THIRUVANANTHAPURAM, IN",8.482,76.92,64.0,2023-06-20,2023,89.9,94.0,83.4,73.9,1009.0,11.7,0.0
43371099999,"THIRUVANANTHAPURAM, IN",8.482,76.92,64.0,2023-06-24,2023,86.3,93.8,79.8,72.0,1009.5,8.2,0.79
42027099999,"SRINAGAR AIRPORT, IN",34.0,74.774,1587.0,2023-04-01,2023,66.1,72.3,60.2,40.8,1009.8,5.4,0.0
42027099999,"SRINAGAR AIRPORT, IN",34.0,74.774,1587.0,2023-04-06,2023,63.6,72.5,56.2,39.9,1009.2,5.3,0.0
42027099999,"SRINAGAR AIRPORT, IN",34.0,74.774,1587.0,2023-04-09,2023,63.8,69.1,58.4,9999.9,1018.3,999.9,0.09
42027099999,"SRINAGAR AIRPORT, IN",34.0,74.774,1587.0,2023-04-15,2023,65.2,71.7,57.9,44.0,1008.3,5.3,0.23
42027099999,"SRINAGAR AIRPORT, IN",34.0,74.774,1587.0,2023-04-18,2023,68.2,74.3,60.6,37.8,1014.9,6.4,0.15
42027099999,"SRINAGAR AIRPORT, IN",34.0,74.774,1587.0,2023-04-23,2023,66.3,71.8,58.8,46.3,1011.4,11.6,0.0
42027099999,"SRINAGAR AIRPORT, IN",34.0,74.774,1587.0,2023-04-27,2023,68.8,74.1,62.8,39.9,1013.5,11.0,0.0
42027099999,"SRINAGAR AIRPORT, IN",34.0,74.774,1587.0,2023-05-03,2023,67.1,72.3,59.3,37.6,1014.0,5.7,0.0
42027099999,"SRINAGAR AIRPORT, IN",34.0,74.774,1587.0,2023-05-07,2023,67.5,74.2,58.6,42.0,1014.3,8.6,0.1
42027099999,"SRINAGAR AIRPORT, IN",34.0,74.774,1587.0,2023-05-12,2023,69.8,75.6,63.7,44.7,1010.8,9.4,0.0
42027099999,"SRINAGAR AIRPORT, IN",34.0,74.774,1587.0,2023-05-15,2023,70.0,78.5,61.7,36.3,1015.8,7.5,0.0
42027099999,"SRINAGAR AIRPORT, IN",34.0,74.774,1587.0,2023-05-19,2023,69.4,75.5,64.0,33.4,1014.3,6.9,0.0
42027099999,"SRINAGAR AIRPORT, IN",34.0,74.774,1587.0,2023-05-24,2023,66.6,72.8,59.0,38.0,1018.1,7.3,0.0
42027099999,"SRINAGAR AIRPORT, IN",34.0,74.774,1587.0,2023-05-28,2023,65.9,74.2,57.9,37.8,1014.2,8.0,0.0
42027099999,"SRINAGAR AIRPORT, IN",34.0,74.774,1587.0,2023-06-02,2023,69.0,75.4,62.6,40.4,1017.5,7.7,0.0
42027099999,"SRINAGAR AIRPORT, IN",34.0,74.774,1587.0,2023-06-06,2023,68.4,75.8,61.2,32.3,1012.4,10.7,0.73
42027099999,"SRINAGAR AIRPORT, IN",34.0,74.774,1587.0,2023-06-12,2023,65.2,70.5,58.5,42.9,1006.1,999.9,0.0
42027099999,"SRINAGAR AIRPORT, IN",34.0,74.774,1587.0,2023-06-15,2023,72.7,80.7,65.0,43.1,1014.4,10.3,0.0
42027099999,"SRINAGAR AIRPORT, IN",34.0,74.774,1587.0,2023-06-21,2023,68.7,75.8,60.4,50.4,1016.6,5.8,0.0
42027099999,"SRINAGAR AIRPORT, IN",34.0,74.774,1587.0,2023-06-25,2023,67.7,73.4,60.0,41.5,1013.6,10.0,0.0
42034099999,"LEH AIRPORT, IN",34.136,77.546,3256.0,2023-04-02,2023,46.0,51.5,39.8,21.7,1013.6,17.4,0.0
42034099999,"LEH AIRPORT, IN",34.136,77.546,3256.0,2023-04-05,2023,43.3,51.1,36.5,24.7,1010.1,6.2,0.0
42034099999,"LEH AIRPORT, IN",34.136,77.546,3256.0,2023-04-09,2023,49.1,54.9,39.3,24.9,1016.5,11.1,0.0
42034099999,"LEH AIRPORT, IN",34.136,77.546,3256.0,2023-04-15,2023,47.2,53.3,40.0,37.3,1020.8,13.4,0.0
42034099999,"LEH AIRPORT, IN",34.136,77.546,3256.0,2023-04-18,2023,44.9,51.4,37.5,25.9,1013.9,9.1,0.0
42034099999,"LEH AIRPORT, IN",34.136,77.546,3256.0,2023-04-24,2023,46.2,53.3,37.7,19.6,1017.5,10.2,0.0
42034099999,"LEH AIRPORT, IN",34.136,77.546,3256.0,2023-04-28,2023,47.6,54.9,41.3,28.9,1019.5,9.0,0.08
42034099999,"LEH AIRPORT, IN",34.136,77.546,3256.0,2023-05-03,2023,55.1,62.4,48.1,21.6,1017.7,17.8,0.1
42034099999,"LEH AIRPORT, IN",34.136,77.546,3256.0,2023-05-07,2023,52.7,58.0,43.9,23.1,1013.3,13.1,0.0
42034099999,"LEH AIRPORT, IN",34.136,77.546,3256.0,2023-05-11,2023,56.2,62.6,47.4,25.9,1018.2,10.7,0.0
42034099999,"LEH AIRPORT, IN",34.136,77.546,3256.0,2023-05-16,2023,47.7,53.2,39.9,20.1,1014.0,16.2,0.18
42034099999,"LEH AIRPORT, IN",34.136,77.546,3256.0,2023-05-19,2023,50.1,55.7,42.2,20.7,1016.0,6.1,0.0
42034099999,"LEH AIRPORT, IN",34.136,77.546,3256.0,2023-05-24,2023,44.6,50.5,37.7,20.5,1018.3,16.4,0.0
42034099999,"LEH AIRPORT, IN",34.136,77.546,3256.0,2023-05-28,2023,52.5,57.8,45.9,23.4,1012.4,14.9,0.0
42034099999,"LEH AIRPORT, IN",34.136,77.546,3256.0,2023-06-03,2023,46.4,51.5,38.3,23.5,1018.3,14.3,0.0
42034099999,"LEH AIRPORT, IN",34.136,77.546,3256.0,2023-06-07,2023,53.0,58.2,46.7,23.0,1012.0,16.5,0.0
42034099999,"LEH AIRPORT, IN",34.136,77.546,3256.0,2023-06-11,2023,50.4,55.7,43.7,21.7,1014.2,12.8,0.0
42034099999,"LEH AIRPORT, IN",34.136,77.546,3256.0,2023-06-16,2023,53.6,60.1,43.8,28.3,1016.6,13.9,0.0
42034099999,"LEH AIRPORT, IN",34.136,77.546,3256.0,2023-06-21,2023,44.1,49.5,35.3,25.8,1019.7,6.1,0.24
42034099999,"LEH AIRPORT, IN",34.136,77.546,3256.0,2023-06-24,2023,46.9,52.8,37.7,30.4,1020.5,9.8,0.0
42111099999,"DEHRADUN, IN",30.326,78.032,682.0,2023-04-02,2023,87.7,95.6,81.4,60.2,1008.5,6.3,0.0
42111099999,"DEHRADUN, IN",30.326,78.032,682.0,2023-04-05,2023,87.6,97.0,81.1,60.8,1005.7,8.6,0.0
42111099999,"DEHRADUN, IN",30.326,78.032,682.0,2023-04-10,2023,84.5,93.8,77.4,60.0,1003.8,5.4,0.0
42111099999,"DEHRADUN, IN",30.326,78.032,682.0,2023-04-15,2023,85.7,91.8,77.7,63.4,1001.5,9.6,0.0
42111099999,"DEHRADUN, IN",30.326,78.032,682.0,2023-04-18,2023,89.4,97.3,80.5,63.5,1005.9,7.1,0.0
42111099999,"DEHRADUN, IN",30.326,78.032,682.0,2023-04-24,2023,88.0,96.0,81.8,59.0,1010.1,7.6,0.0
42111099999,"DEHRADUN, IN",30.326,78.032,682.0,2023-04-27,2023,89.1,96.6,81.9,53.4,1008.5,6.8,0.0
42111099999,"DEHRADUN, IN",30.326,78.032,682.0,2023-05-03,2023,87.2,96.8,78.6,59.3,1005.2,6.8,0.0
42111099999,"DEHRADUN, IN",30.326,78.032,682.0,2023-05-06,2023,91.2,99.1,84.9,63.2,1005.2,6.9,0.0
42111099999,"DEHRADUN, IN",30.326,78.032,682.0,2023-05-12,2023,85.2,95.0,76.6,57.5,1008.1,7.6,0.0
42111099999,"DEHRADUN, IN",30.326,78.032,682.0,2023-05-15,2023,88.4,95.8,81.5,64.0,1009.0,9.0,0.0
42111099999,"DEHRADUN, IN",30.326,78.032,682.0,2023-05-19,2023,89.9,98.9,81.2,60.3,1003.5,4.8,0.0
42111099999,"DEHRADUN, IN",30.326,78.032,682.0,2023-05-25,2023,87.4,94.2,80.0,63.2,1006.9,7.1,0.45
42111099999,"DEHRADUN, IN",30.326,78.032,682.0,2023-05-29,2023,88.6,95.3,80.6,57.7,1004.4,7.0,0.0
42111099999,"DEHRADUN, IN",30.326,78.032,682.0,2023-06-03,2023,87.0,93.6,79.2,60.2,1005.4,999.9,0.0
42111099999,"DEHRADUN, IN",30.326,78.032,682.0,2023-06-06,2023,86.5,95.8,79.8,55.2,1009.8,7.0,0.0
42111099999,"DEHRADUN, IN",30.326,78.032,682.0,2023-06-12,2023,85.8,92.6,79.7,64.8,1010.8,6.6,0.0
42111099999,"DEHRADUN, IN",30.326,78.032,682.0,2023-06-15,2023,85.9,92.5,79.5,55.0,1001.8,8.6,0.0
42111099999,"DEHRADUN, IN",30.326,78.032,682.0,2023-06-21,2023,82.4,88.9,76.1,53.5,1010.4,8.5,0.0
42111099999,"DEHRADUN, IN",30.326,78.032,682.0,2023-06-24,2023,85.2,92.6,77.3,60.6,1001.4,5.7,0.0
42103099999,"SHIMLA, IN",31.105,77.173,2205.0,2023-04-02,2023,61.9,70.7,55.5,44.5,1014.9,5.9,0.55
42103099999,"SHIMLA, IN",31.105,77.173,2205.0,2023-04-06,2023,65.0,70.8,57.5,43.3,1018.9,11.6,0.68
42103099999,"SHIMLA, IN",31.105,77.173,2205.0,2023-04-09,2023,65.1,71.1,58.5,41.3,1014.6,5.9,0.0
42103099999,"SHIMLA, IN",31.105,77.173,2205.0,2023-04-14,2023,72.1,78.1,65.9,32.6,1016.0,8.6,0.0
42103099999,"SHIMLA, IN",31.105,77.173,2205.0,2023-04-18,2023,66.2,72.9,59.5,43.3,1012.0,5.2,0.0
42103099999,"SHIMLA, IN",31.105,77.173,2205.0,2023-04-24,2023,66.9,72.7,59.2,43.8,1023.3,7.5,0.0
42103099999,"SHIMLA, IN",31.105,77.173,2205.0,2023-04-28,2023,69.3,77.6,61.9,37.6,1012.7,7.0,0.0
42103099999,"SHIMLA, IN",31.105,77.173,2205.0,2023-05-03,2023,66.4,72.2,60.1,33.8,1013.0,7.2,0.3
42103099999,"SHIMLA, IN",31.105,77.173,2205.0,2023-05-06,2023,69.5,77.2,62.2,35.9,1017.1,9.2,0.66
42103099999,"SHIMLA, IN",31.105,77.173,2205.0,2023-05-11,2023,69.0,76.0,61.1,38.1,1013.6,11.3,0.27
42103099999,"SHIMLA, IN",31.105,77.173,2205.0,2023-05-16,2023,71.8,77.5,66.0,43.9,1014.0,8.7,0.0
42103099999,"SHIMLA, IN",31.105,77.173,2205.0,2023-05-20,2023,67.2,73.7,59.2,41.3,1012.5,4.7,0.0
42103099999,"SHIMLA, IN",31.105,77.173,2205.0,2023-05-24,2023,62.5,69.6,56.4,49.2,1014.5,5.2,0.42
42103099999,"SHIMLA, IN",31.105,77.173,2205.0,2023-05-28,2023,68.6,75.7,62.6,40.8,1011.8,4.7,0.61
42103099999,"SHIMLA, IN",31.105,77.173,2205.0,2023-06-02,2023,66.9,73.0,60.0,34.6,1020.8,7.4,0.06
42103099999,"SHIMLA, IN",31.105,77.173,2205.0,2023-06-06,2023,64.0,70.1,55.9,36.9,1012.7,8.3,0.0
42103099999,"SHIMLA, IN",31.105,77.173,2205.0,2023-06-11,2023,69.9,75.9,64.9,41.1,1010.3,10.8,0.0
42103099999,"SHIMLA, IN",31.105,77.173,2205.0,2023-06-15,2023,69.5,76.1,63.8,43.9,1015.6,7.8,0.0
42103099999,"SHIMLA, IN",31.105,77.173,2205.0,2023-06-21,2023,67.6,74.4,60.7,50.6,1020.6,9.7,0.0
42103099999,"SHIMLA, IN",31.105,77.173,2205.0,2023-06-25,2023,63.6,69.2,57.5,47.5,1015.1,8.2,0.0
42071099999,"AMRITSAR, IN",31.71,74.797,234.0,2023-04-02,2023,97.8,112.5,85.1,50.1,1002.5,5.5,0.0
42071099999,"AMRITSAR, IN",31.71,74.797,234.0,2023-04-06,2023,95.0,104.1,82.8,62.7,1006.2,3.9,0.05
42071099999,"AMRITSAR, IN",31.71,74.797,234.0,2023-04-10,2023,92.2,102.9,83.4,58.5,1006.4,3.2,0.0
42071099999,"AMRITSAR, IN",31.71,74.797,234.0,2023-04-14,2023,98.3,109.5,87.8,62.2,1004.1,8.3,0.0
42071099999,"AMRITSAR, IN",31.71,74.797,234.0,2023-04-18,2023,100.5,114.8,92.0,57.2,999.4,5.8,0.0
42071099999,"AMRITSAR, IN",31.71,74.797,234.0,2023-04-23,2023,97.2,106.9,89.4,62.1,1003.1,7.5,0.0
42071099999,"AMRITSAR, IN",31.71,74.797,234.0,2023-04-28,2023,100.7,109.2,91.9,56.5,1002.1,8.7,0.0
42071099999,"AMRITSAR, IN",31.71,74.797,234.0,2023-05-02,2023,104.4,114.9,96.3,56.9,999.0,9.5,0.0
42071099999,"AMRITSAR, IN",31.71,74.797,234.0,2023-05-07,2023,104.0,112.4,93.9,57.6,1003.1,7.4,0.0
42071099999,"AMRITSAR, IN",31.71,74.797,234.0,2023-05-12,2023,106.6,119.0,97.9,58.5,1003.9,3.4,0.0
42071099999,"AMRITSAR, IN",31.71,74.797,234.0,2023-05-15,2023,98.9,111.6,88.6,57.5,1004.8,8.2,0.0
42071099999,"AMRITSAR, IN",31.71,74.797,234.0,2023-05-20,2023,97.8,110.4,88.1,59.6,1003.3,8.1,0.0
42071099999,"AMRITSAR, IN",31.71,74.797,234.0,2023-05-25,2023,102.0,112.0,93.7,63.8,1004.0,3.3,0.07
42071099999,"AMRITSAR, IN",31.71,74.797,234.0,2023-05-28,2023,105.8,116.8,95.4,53.6,1003.4,9.9,0.0
42071099999,"AMRITSAR, IN",31.71,74.797,234.0,2023-06-03,2023,101.3,114.8,93.0,53.3,1005.9,9.4,0.0
42071099999,"AMRITSAR, IN",31.71,74.797,234.0,2023-06-07,2023,107.0,119.3,94.1,58.5,1004.5,9.0,0.0
42071099999,"AMRITSAR, IN",31.71,74.797,234.0,2023-06-12,2023,100.0,112.4,91.0,55.0,997.5,4.1,0.0
42071099999,"AMRITSAR, IN",31.71,74.797,234.0,2023-06-15,2023,97.2,106.8,90.1,51.6,1008.1,6.4,0.0
42071099999,"AMRITSAR, IN",31.71,74.797,234.0,2023-06-21,2023,97.7,106.1,87.2,56.9,1005.7,8.6,0.0
42071099999,"AMRITSAR, IN",31.71,74.797,234.0,2023-06-24,2023,94.3,108.5,85.8,54.8,1003.2,9.3,0.0
42404099999,"GAYA AIRPORT, IN",24.744,84.951,116.0,2023-04-02,2023,99.3,110.2,90.3,61.1,1003.7,3.6,0.0
42404099999,"GAYA AIRPORT, IN",24.744,84.951,116.0,2023-04-06,2023,97.5,111.9,90.1,60.6,1003.6,5.8,0.0
42404099999,"GAYA AIRPORT, IN",24.744,84.951,116.0,2023-04-10,2023,95.2,104.0,86.8,58.8,999.8,9.2,0.0
42404099999,"GAYA AIRPORT, IN",24.744,84.951,116.0,2023-04-14,2023,99.1,109.1,88.4,56.2,1010.6,4.2,0.0
42404099999,"GAYA AIRPORT, IN",24.744,84.951,116.0,2023-04-18,2023,99.4,108.0,88.0,51.6,1002.6,4.1,0.0
42404099999,"GAYA AIRPORT, IN",24.744,84.951,116.0,2023-04-23,2023,101.8,116.8,94.8,67.0,1001.2,4.2,0.0
42404099999,"GAYA AIRPORT, IN",24.744,84.951,116.0,2023-04-28,2023,96.6,109.3,89.1,62.7,998.9,4.2,0.0
42404099999,"GAYA AIRPORT, IN",24.744,84.951,116.0,2023-05-02,2023,100.3,112.6,88.3,57.3,1002.8,4.3,0.0
42404099999,"GAYA AIRPORT, IN",24.744,84.951,116.0,2023-05-07,2023,103.8,116.1,93.7,55.2,1002.2,8.8,0.0
42404099999,"GAYA AIRPORT, IN",24.744,84.951,116.0,2023-05-11,2023,102.1,113.5,93.7,59.3,1003.3,5.0,0.0
42404099999,"GAYA AIRPORT, IN",24.744,84.951,116.0,2023-05-16,2023,103.4,113.9,93.4,62.8,1004.2,5.1,0.0
42404099999,"GAYA AIRPORT, IN",24.744,84.951,116.0,2023-05-20,2023,103.4,116.1,95.1,50.7,1003.2,6.2,0.0
42404099999,"GAYA AIRPORT, IN",24.744,84.951,116.0,2023-05-24,2023,103.3,112.1,93.6,62.2,1000.9,4.0,0.31
42404099999,"GAYA AIRPORT, IN",24.744,84.951,116.0,2023-05-29,2023,99.7,110.6,87.2,55.7,1004.6,7.7,0.0
42404099999,"GAYA AIRPORT, IN",24.744,84.951,116.0,2023-06-03,2023,103.9,116.5,94.8,56.6,1005.7,5.7,0.0
42404099999,"GAYA AIRPORT, IN",24.744,84.951,116.0,2023-06-07,2023,100.9,110.2,90.9,58.0,1002.4,7.6,0.0
42404099999,"GAYA AIRPORT, IN",24.744,84.951,116.0,2023-06-12,2023,101.8,115.0,90.6,60.2,1009.8,7.6,0.0
42404099999,"GAYA AIRPORT, IN",24.744,84.951,116.0,2023-06-15,2023,96.8,111.5,87.3,61.2,1001.4,6.4,0.0
42404099999,"GAYA AIRPORT, IN",24.744,84.951,116.0,2023-06-21,2023,95.6,110.3,83.2,58.5,1003.4,8.0,0.0
42404099999,"GAYA AIRPORT, IN",24.744,84.951,116.0,2023-06-25,2023,105.4,115.8,97.8,57.7,999.6,8.4,0.0
42619099999,"RANCHI, IN",23.314,85.322,655.0,2023-04-02,2023,86.9,94.0,79.2,48.3,1007.8,12.9,0.0
42619099999,"RANCHI, IN",23.314,85.322,655.0,2023-04-05,2023,86.6,93.5,79.5,59.8,1009.9,9.4,0.0
42619099999,"RANCHI, IN",23.314,85.322,655.0,2023-04-10,2023,86.1,93.5,78.2,56.0,1006.5,5.5,0.0
42619099999,"RANCHI, IN",23.314,85.322,655.0,2023-04-14,2023,85.3,94.0,77.8,57.8,1005.5,6.8,0.0
42619099999,"RANCHI, IN",23.314,85.322,655.0,2023-04-19,2023,87.1,93.7,82.1,52.6,1009.1,999.9,0.0
42619099999,"RANCHI, IN",23.314,85.322,655.0,2023-04-23,2023,91.9,100.7,84.5,51.4,1004.3,7.2,0.0
42619099999,"RANCHI, IN",23.314,85.322,655.0,2023-04-28,2023,88.4,96.5,81.4,56.7,1008.4,9.0,0.0
42619099999,"RANCHI, IN",23.314,85.322,655.0,2023-05-02,2023,88.0,96.7,81.8,55.8,1008.7,10.8,0.0
42619099999,"RANCHI, IN",23.314,85.322,655.0,2023-05-07,2023,91.1,98.7,83.3,48.8,1007.3,5.2,0.0
42619099999,"RANCHI, IN",23.314,85.322,655.0,2023-05-12,2023,89.6,96.3,81.9,52.9,1011.5,6.6,0.0
42619099999,"RANCHI, IN",23.314,85.322,655.0,2023-05-15,2023,87.9,93.2,82.5,56.4,1009.1,6.0,0.0
42619099999,"RANCHI, IN",23.314,85.322,655.0,2023-05-20,2023,88.0,96.8,82.6,49.2,1007.1,8.6,0.0
42619099999,"RANCHI, IN",23.314,85.322,655.0,2023-05-24,2023,91.1,98.1,84.3,55.3,1006.3,11.3,0.0
42619099999,"RANCHI, IN",23.314,85.322,655.0,2023-05-29,2023,90.7,98.6,83.0,55.3,1007.0,10.0,0.0
42619099999,"RANCHI, IN",23.314,85.322,655.0,2023-06-03,2023,88.9,94.6,81.5,59.7,1012.8,9.3,0.0
42619099999,"RANCHI, IN",23.314,85.322,655.0,2023-06-07,2023,90.0,98.2,83.7,61.2,1007.0,11.5,0.0
42619099999,"RANCHI, IN",23.314,85.322,655.0,2023-06-12,2023,85.9,94.0,78.7,56.8,1008.2,5.5,0.0
42619099999,"RANCHI, IN",23.314,85.322,655.0,2023-06-16,2023,85.5,92.7,79.1,55.9,1008.8,7.6,0.0
42619099999,"RANCHI, IN",23.314,85.322,655.0,2023-06-21,2023,87.8,92.9,80.9,58.6,9999.9,8.0,0.0
42619099999,"RANCHI, IN",23.314,85.322,655.0,2023-06-25,2023,85.7,91.0,78.2,54.5,1005.6,9.8,0.0
43014099999,"AURANGABAD CHIKALTHANA, IN",19.863,75.398,582.0,2023-04-02,2023,89.9,95.4,82.4,56.7,1007.6,11.3,0.0
43014099999,"AURANGABAD CHIKALTHANA, IN",19.863,75.398,582.0,2023-04-05,2023,84.8,93.2,79.6,68.3,1005.9,7.4,0.0
43014099999,"AURANGABAD CHIKALTHANA, IN",19.863,75.398,582.0,2023-04-09,2023,86.2,92.3,78.6,58.3,1009.2,12.9,0.0
43014099999,"AURANGABAD CHIKALTHANA, IN",19.863,75.398,582.0,2023-04-15,2023,89.5,94.6,81.6,63.8,1009.0,7.6,0.0
43014099999,"AURANGABAD CHIKALTHANA, IN",19.863,75.398,582.0,2023-04-18,2023,85.8,92.2,80.5,55.6,1008.6,7.1,0.0
43014099999,"AURANGABAD CHIKALTHANA, IN",19.863,75.398,582.0,2023-04-23,2023,92.4,98.3,86.6,51.0,1010.4,11.7,0.0
43014099999,"AURANGABAD CHIKALTHANA, IN",19.863,75.398,582.0,2023-04-28,2023,89.0,97.6,82.0,60.0,1007.8,5.8,0.0
43014099999,"AURANGABAD CHIKALTHANA, IN",19.863,75.398,582.0,2023-05-02,2023,87.2,94.8,81.4,59.6,1009.3,5.4,0.38
43014099999,"AURANGABAD CHIKALTHANA, IN",19.863,75.398,582.0,2023-05-07,2023,91.0,99.2,84.8,56.5,1006.8,5.9,0.0
43014099999,"AURANGABAD CHIKALTHANA, IN",19.863,75.398,582.0,2023-05-12,2023,86.1,91.7,79.1,59.9,1008.8,9.6,0.0
43014099999,"AURANGABAD CHIKALTHANA, IN",19.863,75.398,582.0,2023-05-15,2023,87.3,92.9,79.4,54.4,9999.9,11.9,0.0
43014099999,"AURANGABAD CHIKALTHANA, IN",19.863,75.398,582.0,2023-05-20,2023,86.2,93.5,79.0,53.3,1005.7,11.7,0.0
43014099999,"AURANGABAD CHIKALTHANA, IN",19.863,75.398,582.0,2023-05-25,2023,88.2,94.0,81.6,53.6,1004.7,7.8,0.0
43014099999,"AURANGABAD CHIKALTHANA, IN",19.863,75.398,582.0,2023-05-28,2023,93.0,100.5,85.3,61.6,9999.9,10.7,0.0
43014099999,"AURANGABAD CHIKALTHANA, IN",19.863,75.398,582.0,2023-06-02,2023,89.2,97.2,82.2,58.3,1010.4,9.6,0.0
43014099999,"AURANGABAD CHIKALTHANA, IN",19.863,75.398,582.0,2023-06-06,2023,86.8,92.7,81.0,61.0,1006.9,5.4,0.17
43014099999,"AURANGABAD CHIKALTHANA, IN",19.863,75.398,582.0,2023-06-11,2023,85.4,93.0,78.2,59.5,1010.6,11.6,0.06
43014099999,"AURANGABAD CHIKALTHANA, IN",19.863,75.398,582.0,2023-06-15,2023,92.9,101.4,86.9,51.8,1009.4,8.3,0.0
43014099999,"AURANGABAD CHIKALTHANA, IN",19.863,75.398,582.0,2023-06-20,2023,86.4,92.2,80.3,59.7,1005.1,12.0,0.0
43014099999,"AURANGABAD CHIKALTHANA, IN",19.863,75.398,582.0,2023-06-25,2023,84.2,89.4,79.2,53.5,1008.2,8.7,0.36
43111099999,"SOLAPUR, IN",17.67,75.906,484.0,2023-04-02,2023,94.6,103.4,85.9,61.9,1006.1,5.0,0.0
43111099999,"SOLAPUR, IN",17.67,75.906,484.0,2023-04-05,2023,98.7,110.8,89.6,66.7,1004.2,7.5,0.0
43111099999,"SOLAPUR, IN",17.67,75.906,484.0,2023-04-10,2023,94.6,104.5,84.8,65.4,1001.2,6.1,0.0
43111099999,"SOLAPUR, IN",17.67,75.906,484.0,2023-04-14,2023,101.4,110.1,90.1,66.5,1004.4,6.7,0.0
43111099999,"SOLAPUR, IN",17.67,75.906,484.0,2023-04-19,2023,95.5,103.7,85.1,54.0,1007.0,9.2,0.0
43111099999,"SOLAPUR, IN",17.67,75.906,484.0,2023-04-23,2023,99.9,112.3,87.0,59.0,1005.3,3.0,0.0
43111099999,"SOLAPUR, IN",17.67,75.906,484.0,2023-04-28,2023,103.0,111.0,94.8,60.0,1002.4,3.8,0.0
43111099999,"SOLAPUR, IN",17.67,75.906,484.0,2023-05-02,2023,100.6,113.0,89.6,62.9,1004.7,9.7,0.0
43111099999,"SOLAPUR, IN",17.67,75.906,484.0,2023-05-06,2023,101.1,111.4,89.0,64.0,1002.6,5.5,0.0
43111099999,"SOLAPUR, IN",17.67,75.906,484.0,2023-05-11,2023,99.7,112.6,92.1,54.8,1000.1,9.3,0.0
43111099999,"SOLAPUR, IN",17.67,75.906,484.0,2023-05-15,2023,101.4,110.2,88.5,64.8,1000.6,6.8,0.0
43111099999,"SOLAPUR, IN",17.67,75.906,484.0,2023-05-19,2023,102.7,112.5,90.2,55.3,1002.2,5.9,0.0
43111099999,"SOLAPUR, IN",17.67,75.906,484.0,2023-05-24,2023,97.7,108.1,89.3,57.5,1002.4,3.8,0.0
43111099999,"SOLAPUR, IN",17.67,75.906,484.0,2023-05-28,2023,103.2,111.5,92.1,59.7,9999.9,6.8,0.0
43111099999,"SOLAPUR, IN",17.67,75.906,484.0,2023-06-02,2023,104.2,117.8,91.9,59.7,1003.6,999.9,0.0
43111099999,"SOLAPUR, IN",17.67,75.906,484.0,2023-06-07,2023,100.5,115.0,89.0,56.0,1003.7,6.9,0.0
43111099999,"SOLAPUR, IN",17.67,75.906,484.0,2023-06-12,2023,101.1,110.4,89.1,49.9,1001.4,4.6,0.09
43111099999,"SOLAPUR, IN",17.67,75.906,484.0,2023-06-15,2023,98.5,111.1,90.1,59.9,1006.6,3.9,0.0
43111099999,"SOLAPUR, IN",17.67,75.906,484.0,2023-06-21,2023,95.9,109.7,86.3,56.1,1001.5,7.8,0.0
43111099999,"SOLAPUR, IN",17.67,75.906,484.0,2023-06-24,2023,95.2,106.9,84.1,56.9,1005.3,9.3,0.0
43226099999,"GOA DABOLIM, IN",15.381,73.831,56.0,2023-04-01,2023,87.3,93.0,81.2,78.1,1004.6,6.5,0.0
43226099999,"GOA DABOLIM, IN",15.381,73.831,56.0,2023-04-06,2023,88.7,96.2,84.2,76.3,1011.3,14.0,0.0
43226099999,"GOA DABOLIM, IN",15.381,73.831,56.0,2023-04-10,2023,89.5,94.7,84.8,71.6,1004.0,6.9,0.0
43226099999,"GOA DABOLIM, IN",15.381,73.831,56.0,2023-04-15,2023,90.5,97.6,85.1,78.6,1008.8,5.8,0.0
43226099999,"GOA DABOLIM, IN",15.381,73.831,56.0,2023-04-18,2023,91.0,97.3,85.8,80.0,1006.9,10.8,0.0
43226099999,"GOA DABOLIM, IN",15.381,73.831,56.0,2023-04-23,2023,92.7,99.9,88.0,73.0,1006.2,5.5,0.0
43226099999,"GOA DABOLIM, IN",15.381,73.831,56.0,2023-04-27,2023,88.1,93.4,82.5,76.4,1007.9,7.3,0.0
43226099999,"GOA DABOLIM, IN",15.381,73.831,56.0,2023-05-02,2023,91.8,96.3,85.4,77.2,1006.1,11.3,0.26
43226099999,"GOA DABOLIM, IN",15.381,73.831,56.0,2023-05-06,2023,91.4,98.3,86.4,73.3,1010.7,6.5,0.0
43226099999,"GOA DABOLIM, IN",15.381,73.831,56.0,2023-05-11,2023,91.3,98.4,85.2,75.9,1011.2,12.8,0.0
43226099999,"GOA DABOLIM, IN",15.381,73.831,56.0,2023-05-15,2023,89.7,94.0,85.1,74.3,1005.8,13.6,0.96
43226099999,"GOA DABOLIM, IN",15.381,73.831,56.0,2023-05-19,2023,91.8,98.6,84.8,78.2,1009.5,7.8,0.0
43226099999,"GOA DABOLIM, IN",15.381,73.831,56.0,2023-05-25,2023,96.4,101.4,92.1,71.5,1009.2,12.3,0.0
43226099999,"GOA DABOLIM, IN",15.381,73.831,56.0,2023-05-28,2023,90.7,95.3,84.2,75.6,1006.8,7.6,0.0
43226099999,"GOA DABOLIM, IN",15.381,73.831,56.0,2023-06-03,2023,89.7,95.6,85.6,81.3,1009.7,5.4,0.0
43226099999,"GOA DABOLIM, IN",15.381,73.831,56.0,2023-06-06,2023,91.2,96.7,85.7,80.5,1005.0,9.8,0.0
43226099999,"GOA DABOLIM, IN",15.381,73.831,56.0,2023-06-12,2023,88.4,94.4,81.4,71.6,1006.6,8.3,0.44
43226099999,"GOA DABOLIM, IN",15.381,73.831,56.0,2023-06-15,2023,90.8,97.3,86.7,77.3,1008.3,6.9,0.0
43226099999,"GOA DABOLIM, IN",15.381,73.831,56.0,2023-06-20,2023,87.6,94.7,81.2,79.1,1008.5,13.6,0.0
43226099999,"GOA DABOLIM, IN",15.381,73.831,56.0,2023-06-24,2023,91.1,98.8,84.5,72.3,1008.6,7.3,0.0
43237099999,"MANGALORE BAJPE, IN",12.961,74.89,102.0,2023-04-02,2023,87.2,93.7,82.4,76.1,1009.1,12.7,1.14
43237099999,"MANGALORE BAJPE, IN",12.961,74.89,102.0,2023-04-06,2023,89.8,96.7,85.3,75.0,1008.0,10.8,0.0
43237099999,"MANGALORE BAJPE, IN",12.961,74.89,102.0,2023-04-10,2023,87.3,93.8,82.4,80.0,1007.6,6.5,0.0
43237099999,"MANGALORE BAJPE, IN",12.961,74.89,102.0,2023-04-14,2023,92.4,96.5,85.8,75.8,1007.0,11.8,0.89
43237099999,"MANGALORE BAJPE, IN",12.961,74.89,102.0,2023-04-19,2023,89.4,93.7,82.8,79.3,1006.6,12.4,0.0
43237099999,"MANGALORE BAJPE, IN",12.961,74.89,102.0,2023-04-24,2023,92.3,99.3,85.7,76.1,1004.0,5.4,0.0
43237099999,"MANGALORE BAJPE, IN",12.961,74.89,102.0,2023-04-27,2023,90.3,95.5,83.4,74.1,1008.1,13.2,0.19
43237099999,"MANGALORE BAJPE, IN",12.961,74.89,102.0,2023-05-03,2023,89.5,95.5,82.6,79.4,1007.8,9.8,0.0
43237099999,"MANGALORE BAJPE, IN",12.961,74.89,102.0,2023-05-06,2023,91.4,97.6,85.9,78.7,1009.9,6.6,0.0
43237099999,"MANGALORE BAJPE, IN",12.961,74.89,102.0,2023-05-11,2023,91.8,98.5,86.8,75.2,1004.5,7.6,0.0
43237099999,"MANGALORE BAJPE, IN",12.961,74.89,102.0,2023-05-15,2023,90.7,95.5,84.4,75.5,1008.2,8.2,0.0
43237099999,"MANGALORE BAJPE, IN",12.961,74.89,102.0,2023-05-20,2023,91.3,98.2,84.8,78.8,1006.8,12.3,0.88
43237099999,"MANGALORE BAJPE, IN",12.961,74.89,102.0,2023-05-24,2023,91.7,97.9,85.9,80.0,1008.7,6.8,0.0
43237099999,"MANGALORE BAJPE, IN",12.961,74.89,102.0,2023-05-29,2023,91.5,98.1,84.5,75.6,1006.7,5.4,0.0
43237099999,"MANGALORE BAJPE, IN",12.961,74.89,102.0,2023-06-03,2023,89.9,96.9,84.9,75.7,1009.5,8.5,0.0
43237099999,"MANGALORE BAJPE, IN",12.961,74.89,102.0,2023-06-06,2023,90.8,94.8,86.3,73.7,1011.5,12.4,0.0
43237099999,"MANGALORE BAJPE, IN",12.961,74.89,102.0,2023-06-11,2023,91.4,97.6,84.9,73.6,1007.1,9.7,0.86
43237099999,"MANGALORE BAJPE, IN",12.961,74.89,102.0,2023-06-16,2023,90.7,98.0,84.9,81.3,1005.8,13.6,0.0
43237099999,"MANGALORE BAJPE, IN",12.961,74.89,102.0,2023-06-21,2023,91.8,97.3,85.4,80.6,1006.7,6.2,0.44
43237099999,"MANGALORE BAJPE, IN",12.961,74.89,102.0,2023-06-25,2023,89.2,93.6,84.3,74.5,1007.6,7.1,0.0
43245099999,"TIRUPATI, IN",13.633,79.543,107.0,2023-04-02,2023,93.3,100.2,85.0,75.9,1007.2,3.9,0.0
43245099999,"TIRUPATI, IN",13.633,79.543,107.0,2023-04-06,2023,92.4,100.0,85.7,68.0,1005.0,3.6,0.0
43245099999,"TIRUPATI, IN",13.633,79.543,107.0,2023-04-10,2023,94.9,105.6,89.8,74.6,1004.3,5.2,0.68
43245099999,"TIRUPATI, IN",13.633,79.543,107.0,2023-04-14,2023,95.1,103.7,89.7,78.4,1005.8,7.5,0.0
43245099999,"TIRUPATI, IN",13.633,79.543,107.0,2023-04-18,2023,94.6,103.2,88.7,72.4,1004.7,5.3,0.0
43245099999,"TIRUPATI, IN",13.633,79.543,107.0,2023-04-23,2023,99.1,108.5,93.8,73.4,1005.0,8.6,0.0
43245099999,"TIRUPATI, IN",13.633,79.543,107.0,2023-04-28,2023,95.3,103.0,87.0,77.2,1008.9,6.1,0.0
43245099999,"TIRUPATI, IN",13.633,79.543,107.0,2023-05-03,2023,97.5,107.3,89.9,74.1,1005.1,3.9,0.0
43245099999,"TIRUPATI, IN",13.633,79.543,107.0,2023-05-06,2023,92.0,98.5,85.7,76.1,1005.3,6.3,0.0
43245099999,"TIRUPATI, IN",13.633,79.543,107.0,2023-05-11,2023,97.7,106.1,90.1,71.8,1004.2,6.3,0.0
43245099999,"TIRUPATI, IN",13.633,79.543,107.0,2023-05-16,2023,96.1,105.2,90.6,77.0,1004.2,3.6,0.0
43245099999,"TIRUPATI, IN",13.633,79.543,107.0,2023-05-20,2023,101.1,112.0,93.8,75.2,1002.4,3.4,0.0
43245099999,"TIRUPATI, IN",13.633,79.543,107.0,2023-05-25,2023,96.5,107.5,89.2,71.9,1000.6,4.0,0.0
43245099999,"TIRUPATI, IN",13.633,79.543,107.0,2023-05-29,2023,99.8,110.1,92.1,76.0,1006.1,8.0,0.0
43245099999,"TIRUPATI, IN",13.633,79.543,107.0,2023-06-03,2023,96.6,103.0,89.5,69.8,1004.0,3.9,0.0
43245099999,"TIRUPATI, IN",13.633,79.543,107.0,2023-06-06,2023,97.7,105.3,92.3,70.7,999.9,3.1,0.0
43245099999,"TIRUPATI, IN",13.633,79.543,107.0,2023-06-11,2023,95.1,105.8,86.5,73.5,1005.3,3.7,0.0
43245099999,"TIRUPATI, IN",13.633,79.543,107.0,2023-06-16,2023,96.4,104.4,89.2,75.8,1005.5,8.6,0.0
43245099999,"TIRUPATI, IN",13.633,79.543,107.0,2023-06-21,2023,96.7,106.0,89.9,69.3,1006.0,5.5,0.0
43245099999,"TIRUPATI, IN",13.633,79.543,107.0,2023-06-24,2023,95.2,103.8,89.4,70.2,1002.0,7.0,0.0
42182099999,"NEW DELHI SAFDARJUNG, IN",28.583,77.2,216.0,2024-04-01,2024,95.1,107.7,84.7,55.6,9999.9,3.1,0.0
42182099999,"NEW DELHI SAFDARJUNG, IN",28.583,77.2,216.0,2024-04-06,2024,96.5,110.7,88.8,54.6,1001.2,4.0,0.0
42182099999,"NEW DELHI SAFDARJUNG, IN",28.583,77.2,216.0,2024-04-09,2024,102.0,112.8,90.4,59.0,1002.5,6.8,0.0
42182099999,"NEW DELHI SAFDARJUNG, IN",28.583,77.2,216.0,2024-04-15,2024,99.7,110.1,88.9,65.4,1000.8,9.5,0.0
42182099999,"NEW DELHI SAFDARJUNG, IN",28.583,77.2,216.0,2024-04-18,2024,104.2,117.6,92.4,60.0,1002.5,5.2,0.0
42182099999,"NEW DELHI SAFDARJUNG, IN",28.583,77.2,216.0,2024-04-24,2024,108.5,119.3,100.6,53.6,1001.9,7.1,0.0
42182099999,"NEW DELHI SAFDARJUNG, IN",28.583,77.2,216.0,2024-04-27,2024,98.5,112.3,90.5,63.7,1008.1,8.3,0.27
42182099999,"NEW DELHI SAFDARJUNG, IN",28.583,77.2,216.0,2024-05-03,2024,107.3,115.7,99.9,65.0,1002.4,8.8,0.0
42182099999,"NEW DELHI SAFDARJUNG, IN",28.583,77.2,216.0,2024-05-07,2024,101.9,115.6,89.9,50.5,1009.1,3.2,0.0
42182099999,"NEW DELHI SAFDARJUNG, IN",28.583,77.2,216.0,2024-05-11,2024,104.4,114.5,93.8,56.4,1007.0,9.0,0.0
42182099999,"NEW DELHI SAFDARJUNG, IN",28.583,77.2,216.0,2024-05-15,2024,100.5,114.6,87.8,60.9,1002.5,7.5,0.0
42182099999,"NEW DELHI SAFDARJUNG, IN",28.583,77.2,216.0,2024-05-20,2024,104.9,113.0,95.0,58.6,998.6,6.1,0.0
42182099999,"NEW DELHI SAFDARJUNG, IN",28.583,77.2,216.0,2024-05-24,2024,103.2,116.3,91.6,64.1,1002.9,5.9,0.0
42182099999,"NEW DELHI SAFDARJUNG, IN",28.583,77.2,216.0,2024-05-29,2024,104.8,117.8,92.8,53.7,1002.9,9.5,0.0
42182099999,"NEW DELHI SAFDARJUNG, IN",28.583,77.2,216.0,2024-06-02,2024,100.4,113.8,91.8,62.6,1003.1,5.8,0.0
42182099999,"NEW DELHI SAFDARJUNG, IN",28.583,77.2,216.0,2024-06-06,2024,103.6,114.8,96.1,64.3,1005.1,3.9,0.0
42182099999,"NEW DELHI SAFDARJUNG, IN",28.583,77.2,216.0,2024-06-12,2024,101.5,110.3,91.2,53.9,1003.0,3.6,0.34
42182099999,"NEW DELHI SAFDARJUNG, IN",28.583,77.2,216.0,2024-06-15,2024,98.7,106.7,91.0,57.2,1001.9,8.3,0.0
42182099999,"NEW DELHI SAFDARJUNG, IN",28.583,77.2,216.0,2024-06-21,2024,96.3,108.1,83.5,49.1,1001.0,5.6,0.0
42182099999,"NEW DELHI SAFDARJUNG, IN",28.583,77.2,216.0,2024-06-25,2024,98.8,108.6,91.5,52.2,1003.0,9.7,0.0
42181099999,"NEW DELHI PALAM, IN",28.567,77.1,233.0,2024-04-01,2024,102.5,117.3,95.0,64.0,1007.9,4.9,0.0
42181099999,"NEW DELHI PALAM, IN",28.567,77.1,233.0,2024-04-05,2024,99.1,109.9,88.9,64.7,1000.8,9.5,0.0
42181099999,"NEW DELHI PALAM, IN",28.567,77.1,233.0,2024-04-09,2024,97.0,105.6,85.0,45.2,1006.6,7.5,0.0
42181099999,"NEW DELHI PALAM, IN",28.567,77.1,233.0,2024-04-14,2024,104.1,116.5,95.6,56.1,1002.2,9.5,0.0
42181099999,"NEW DELHI PALAM, IN",28.567,77.1,233.0,2024-04-19,2024,98.6,108.3,89.1,60.8,1006.4,8.8,0.0
42181099999,"NEW DELHI PALAM, IN",28.567,77.1,233.0,2024-04-23,2024,96.5,108.3,83.5,60.9,1002.2,5.9,0.0
42181099999,"NEW DELHI PALAM, IN",28.567,77.1,233.0,2024-04-28,2024,102.4,115.9,91.8,61.2,1002.4,8.0,0.0
42181099999,"NEW DELHI PALAM, IN",28.567,77.1,233.0,2024-05-02,2024,102.2,113.0,89.6,57.8,1005.9,4.7,0.0
42181099999,"NEW DELHI PALAM, IN",28.567,77.1,233.0,2024-05-07,2024,104.1,117.4,94.8,60.0,999.2,4.0,0.0
42181099999,"NEW DELHI PALAM, IN",28.567,77.1,233.0,2024-05-11,2024,102.0,110.7,92.7,63.4,1003.1,9.1,0.0
42181099999,"NEW DELHI PALAM, IN",28.567,77.1,233.0,2024-05-15,2024,105.0,117.9,95.6,67.7,1006.1,4.1,0.27
42181099999,"NEW DELHI PALAM, IN",28.567,77.1,233.0,2024-05-20,2024,103.4,115.4,90.6,56.3,995.3,8.3,0.0
42181099999,"NEW DELHI PALAM, IN",28.567,77.1,233.0,2024-05-24,2024,102.5,113.5,91.8,57.3,1004.2,5.0,0.0
42181099999,"NEW DELHI PALAM, IN",28.567,77.1,233.0,2024-05-28,2024,102.3,116.2,90.5,57.3,997.7,9.7,0.0
42181099999,"NEW DELHI PALAM, IN",28.567,77.1,233.0,2024-06-03,2024,99.4,111.0,90.7,61.3,1008.1,3.9,0.0
42181099999,"NEW DELHI PALAM, IN",28.567,77.1,233.0,2024-06-06,2024,101.4,113.9,92.7,60.5,1005.9,6.2,0.0
42181099999,"NEW DELHI PALAM, IN",28.567,77.1,233.0,2024-06-12,2024,98.5,107.1,85.9,60.7,1000.8,4.6,0.0
42181099999,"NEW DELHI PALAM, IN",28.567,77.1,233.0,2024-06-15,2024,102.6,110.8,91.9,59.7,1003.9,4.9,0.0
42181099999,"NEW DELHI PALAM, IN",28.567,77.1,233.0,2024-06-21,2024,96.9,108.3,86.7,62.4,1009.3,5.7,0.0
42181099999,"NEW DELHI PALAM, IN",28.567,77.1,233.0,2024-06-24,2024,95.6,109.5,87.8,57.2,1003.7,6.6,0.0
42339099999,"JAIPUR SANGANER, IN",26.824,75.812,390.0,2024-04-02,2024,97.3,109.1,90.3,50.4,998.3,11.4,0.0
42339099999,"JAIPUR SANGANER, IN",26.824,75.812,390.0,2024-04-05,2024,99.2,110.9,87.9,56.3,1000.5,12.6,0.0
42339099999,"JAIPUR SANGANER, IN",26.824,75.812,390.0,2024-04-09,2024,94.9,102.1,87.3,60.0,1006.9,7.8,0.0
42339099999,"JAIPUR SANGANER, IN",26.824,75.812,390.0,2024-04-15,2024,99.7,107.9,90.0,52.1,1004.2,9.6,0.0
42339099999,"JAIPUR SANGANER, IN",26.824,75.812,390.0,2024-04-18,2024,97.4,108.9,87.2,58.0,1002.2,6.3,0.0
42339099999,"JAIPUR SANGANER, IN",26.824,75.812,390.0,2024-04-23,2024,96.3,109.4,88.3,57.4,1003.9,14.6,0.0
42339099999,"JAIPUR SANGANER, IN",26.824,75.812,390.0,2024-04-27,2024,102.2,114.0,90.6,49.9,1003.9,6.9,0.0
42339099999,"JAIPUR SANGANER, IN",26.824,75.812,390.0,2024-05-03,2024,96.9,106.7,85.1,52.9,1001.0,6.7,0.0
42339099999,"JAIPUR SANGANER, IN",26.824,75.812,390.0,2024-05-07,2024,98.3,106.0,87.0,46.4,1005.4,14.4,0.0
42339099999,"JAIPUR SANGANER, IN",26.824,75.812,390.0,2024-05-12,2024,101.4,112.1,89.7,45.1,1006.7,14.5,0.0
42339099999,"JAIPUR SANGANER, IN",26.824,75.812,390.0,2024-05-16,2024,105.9,118.7,97.8,53.1,1002.7,6.9,0.0
42339099999,"JAIPUR SANGANER, IN",26.824,75.812,390.0,2024-05-19,2024,106.7,120.2,99.2,47.0,1004.0,9.8,0.0
42339099999,"JAIPUR SANGANER, IN",26.824,75.812,390.0,2024-05-24,2024,100.0,108.9,92.8,59.0,1004.7,13.4,0.0
42339099999,"JAIPUR SANGANER, IN",26.824,75.812,390.0,2024-05-29,2024,98.0,110.8,90.0,48.6,1003.3,7.2,0.0
42339099999,"JAIPUR SANGANER, IN",26.824,75.812,390.0,2024-06-02,2024,96.4,105.1,87.3,53.1,1002.9,13.5,0.24
42339099999,"JAIPUR SANGANER, IN",26.824,75.812,390.0,2024-06-06,2024,94.8,103.8,84.0,58.5,1003.0,5.9,0.0
42339099999,"JAIPUR SANGANER, IN",26.824,75.812,390.0,2024-06-11,2024,94.8,106.7,85.2,52.1,1004.1,999.9,0.0
42339099999,"JAIPUR SANGANER, IN",26.824,75.812,390.0,2024-06-16,2024,92.9,100.9,81.7,54.4,1001.9,10.3,0.0
42339099999,"JAIPUR SANGANER, IN",26.824,75.812,390.0,2024-06-21,2024,100.9,111.8,89.3,55.3,1003.2,12.8,0.0
42339099999,"JAIPUR SANGANER, IN",26.824,75.812,390.0,2024-06-25,2024,94.1,106.7,84.9,52.4,1005.2,9.4,0.0
42348099999,"JODHPUR, IN",26.251,73.048,224.0,2024-04-02,2024,99.3,115.2,86.0,46.0,1002.1,6.8,0.0
42348099999,"JODHPUR, IN",26.251,73.048,224.0,2024-04-06,2024,98.6,112.9,85.6,45.5,996.8,6.9,0.0
42348099999,"JODHPUR, IN",26.251,73.048,224.0,2024-04-09,2024,103.1,117.6,92.5,48.1,1000.1,7.3,0.0
42348099999,"JODHPUR, IN",26.251,73.048,224.0,2024-04-15,2024,106.4,117.4,97.0,47.2,999.4,10.5,0.0
42348099999,"JODHPUR, IN",26.251,73.048,224.0,2024-04-18,2024,104.3,118.7,91.1,48.5,1003.0,4.7,0.06
42348099999,"JODHPUR, IN",26.251,73.048,224.0,2024-04-23,2024,101.8,115.2,92.1,48.7,1001.3,6.8,0.0
42348099999,"JODHPUR, IN",26.251,73.048,224.0,2024-04-28,2024,104.8,114.0,91.1,39.3,1000.9,10.9,0.0
42348099999,"JODHPUR, IN",26.251,73.048,224.0,2024-05-03,2024,108.2,121.4,99.3,43.8,1000.5,4.1,0.0
42348099999,"JODHPUR, IN",26.251,73.048,224.0,2024-05-07,2024,103.1,113.4,89.4,42.0,996.5,4.7,0.0
42348099999,"JODHPUR, IN",26.251,73.048,224.0,2024-05-11,2024,103.8,117.7,94.7,47.4,1001.9,999.9,0.0
42348099999,"JODHPUR, IN",26.251,73.048,224.0,2024-05-16,2024,104.1,117.1,95.7,47.1,1004.6,11.4,0.0
42348099999,"JODHPUR, IN",26.251,73.048,224.0,2024-05-19,2024,103.9,117.7,93.2,44.6,1001.3,4.2,0.0
42348099999,"JODHPUR, IN",26.251,73.048,224.0,2024-05-25,2024,105.6,115.1,96.6,52.5,1000.4,7.5,0.0
42348099999,"JODHPUR, IN",26.251,73.048,224.0,2024-05-29,2024,104.2,116.0,93.9,48.3,999.5,12.6,0.0
42348099999,"JODHPUR, IN",26.251,73.048,224.0,2024-06-03,2024,103.5,114.6,91.6,41.0,997.6,6.4,0.0
42348099999,"JODHPUR, IN",26.251,73.048,224.0,2024-06-06,2024,104.0,117.2,95.0,45.4,1002.5,8.6,0.0
42348099999,"JODHPUR, IN",26.251,73.048,224.0,2024-06-11,2024,102.4,118.0,88.8,43.0,1001.9,7.3,0.0
42348099999,"JODHPUR, IN",26.251,73.048,224.0,2024-06-16,2024,98.6,113.6,84.8,52.5,998.6,11.3,0.0
42348099999,"JODHPUR, IN",26.251,73.048,224.0,2024-06-20,2024,100.5,112.9,91.6,42.7,1003.4,13.0,0.0
42348099999,"JODHPUR, IN",26.251,73.048,224.0,2024-06-24,2024,99.5,110.0,85.8,44.8,1004.1,6.7,0.0
42369099999,"BIKANER, IN",28.07,73.35,242.0,2024-04-02,2024,99.5,109.2,86.6,49.0,999.5,6.9,0.0
42369099999,"BIKANER, IN",28.07,73.35,242.0,2024-04-06,2024,96.6,109.5,84.2,47.3,1001.2,5.8,0.0
42369099999,"BIKANER, IN",28.07,73.35,242.0,2024-04-09,2024,102.2,114.8,91.6,46.6,1002.5,5.6,0.0
42369099999,"BIKANER, IN",28.07,73.35,242.0,2024-04-15,2024,97.6,111.4,88.3,54.5,1001.6,11.1,0.0
42369099999,"BIKANER, IN",28.07,73.35,242.0,2024-04-18,2024,103.9,112.9,95.7,43.6,1002.8,10.8,0.0
42369099999,"BIKANER, IN",28.07,73.35,242.0,2024-04-23,2024,99.6,112.0,90.6,48.7,1001.1,12.8,0.0
42369099999,"BIKANER, IN",28.07,73.35,242.0,2024-04-28,2024,103.5,115.7,92.5,49.7,998.9,9.7,0.0
42369099999,"BIKANER, IN",28.07,73.35,242.0,2024-05-03,2024,102.2,115.5,92.1,48.7,1007.2,6.4,0.0
42369099999,"BIKANER, IN",28.07,73.35,242.0,2024-05-06,2024,103.8,113.4,94.1,49.3,1001.7,7.0,0.0
42369099999,"BIKANER, IN",28.07,73.35,242.0,2024-05-12,2024,109.3,118.1,100.9,39.9,1002.2,12.4,0.0
42369099999,"BIKANER, IN",28.07,73.35,242.0,2024-05-15,2024,100.4,108.6,91.5,36.9,1002.7,9.8,0.0
42369099999,"BIKANER, IN",28.07,73.35,242.0,2024-05-19,2024,104.8,113.5,95.6,45.8,1001.7,6.8,0.0
42369099999,"BIKANER, IN",28.07,73.35,242.0,2024-05-24,2024,112.0,124.6,98.0,45.9,1003.3,4.8,0.0
42369099999,"BIKANER, IN",28.07,73.35,242.0,2024-05-29,2024,102.3,110.7,93.4,48.1,1001.4,5.5,0.0
42369099999,"BIKANER, IN",28.07,73.35,242.0,2024-06-03,2024,102.4,113.7,89.9,54.2,1004.9,5.4,0.0
42369099999,"BIKANER, IN",28.07,73.35,242.0,2024-06-07,2024,103.3,114.5,94.5,37.7,1001.1,5.8,0.0
42369099999,"BIKANER, IN",28.07,73.35,242.0,2024-06-12,2024,109.0,124.5,99.9,46.0,1004.8,10.2,0.0
42369099999,"BIKANER, IN",28.07,73.35,242.0,2024-06-16,2024,105.3,114.9,97.2,47.8,999.9,5.8,0.0
42369099999,"BIKANER, IN",28.07,73.35,242.0,2024-06-20,2024,94.9,109.0,85.2,49.6,1000.0,5.0,0.0
42369099999,"BIKANER, IN",28.07,73.35,242.0,2024-06-24,2024,100.7,116.1,87.6,41.9,1001.3,9.8,0.0
42379099999,"CHURU, IN",28.29,74.97,286.0,2024-04-01,2024,99.3,114.0,87.7,48.0,999.2,11.0,0.0
42379099999,"CHURU, IN",28.29,74.97,286.0,2024-04-05,2024,102.9,117.4,90.5,44.5,997.8,4.0,0.0
42379099999,"CHURU, IN",28.29,74.97,286.0,2024-04-10,2024,100.5,115.1,87.9,47.0,1002.4,6.3,0.0
42379099999,"CHURU, IN",28.29,74.97,286.0,2024-04-15,2024,105.1,117.4,94.7,46.0,1001.7,11.6,0.0
42379099999,"CHURU, IN",28.29,74.97,286.0,2024-04-18,2024,99.4,107.6,85.4,50.2,1002.5,13.3,0.0
42379099999,"CHURU, IN",28.29,74.97,286.0,2024-04-24,2024,101.9,112.1,92.9,39.3,1005.6,10.2,0.0
42379099999,"CHURU, IN",28.29,74.97,286.0,2024-04-27,2024,100.3,111.6,91.5,44.5,1002.9,12.6,0.0
42379099999,"CHURU, IN",28.29,74.97,286.0,2024-05-02,2024,100.8,115.5,88.7,40.9,996.7,10.4,0.0
42379099999,"CHURU, IN",28.29,74.97,286.0,2024-05-06,2024,105.9,114.1,95.8,44.7,1009.3,13.1,0.0
42379099999,"CHURU, IN",28.29,74.97,286.0,2024-05-12,2024,101.9,117.1,92.1,43.2,1000.6,4.6,0.0
42379099999,"CHURU, IN",28.29,74.97,286.0,2024-05-16,2024,105.1,119.8,91.4,45.0,1003.5,6.5,0.0
42379099999,"CHURU, IN",28.29,74.97,286.0,2024-05-19,2024,102.0,110.9,90.6,41.4,997.5,11.7,0.0
42379099999,"CHURU, IN",28.29,74.97,286.0,2024-05-25,2024,98.6,111.1,90.0,44.8,1001.2,8.0,0.0
42379099999,"CHURU, IN",28.29,74.97,286.0,2024-05-28,2024,102.4,114.6,89.5,51.9,1005.1,10.7,0.0
42379099999,"CHURU, IN",28.29,74.97,286.0,2024-06-03,2024,102.6,116.2,91.8,39.7,1000.6,6.0,0.07
42379099999,"CHURU, IN",28.29,74.97,286.0,2024-06-06,2024,101.6,117.4,88.7,44.3,1000.3,6.9,0.0
42379099999,"CHURU, IN",28.29,74.97,286.0,2024-06-12,2024,100.7,110.1,88.4,45.4,1000.4,4.2,0.0
42379099999,"CHURU, IN",28.29,74.97,286.0,2024-06-16,2024,102.2,113.8,90.0,48.3,999.7,10.0,0.0
42379099999,"CHURU, IN",28.29,74.97,286.0,2024-06-20,2024,104.2,117.0,95.2,43.0,998.0,12.1,0.0
42379099999,"CHURU, IN",28.29,74.97,286.0,2024-06-25,2024,101.1,115.6,92.6,43.6,1002.8,9.9,0.0
42475099999,"AGRA KHERIA, IN",27.156,77.961,169.0,2024-04-01,2024,90.5,98.9,81.9,65.9,1005.0,5.9,0.0
42475099999,"AGRA KHERIA, IN",27.156,77.961,169.0,2024-04-05,2024,93.8,107.4,86.5,51.5,1008.0,7.1,0.0
42475099999,"AGRA KHERIA, IN",27.156,77.961,169.0,2024-04-10,2024,97.0,109.1,86.7,54.7,996.2,9.6,0.29
42475099999,"AGRA KHERIA, IN",27.156,77.961,169.0,2024-04-15,2024,99.0,111.1,90.1,57.8,1005.1,7.7,0.0
42475099999,"AGRA KHERIA, IN",27.156,77.961,169.0,2024-04-18,2024,96.6,110.3,87.9,51.3,1004.4,8.8,0.0
42475099999,"AGRA KHERIA, IN",27.156,77.961,169.0,2024-04-24,2024,104.3,116.8,93.4,51.0,1006.2,4.4,0.0
42475099999,"AGRA KHERIA, IN",27.156,77.961,169.0,2024-04-28,2024,102.2,110.9,89.7,64.4,1002.8,9.7,0.0
42475099999,"AGRA KHERIA, IN",27.156,77.961,169.0,2024-05-03,2024,95.5,105.3,83.5,58.1,1006.2,8.3,0.0
42475099999,"AGRA KHERIA, IN",27.156,77.961,169.0,2024-05-07,2024,100.4,112.5,87.9,9999.9,1002.5,10.0,0.0
42475099999,"AGRA KHERIA, IN",27.156,77.961,169.0,2024-05-11,2024,95.0,109.2,82.9,67.3,1000.3,9.7,0.0
42475099999,"AGRA KHERIA, IN",27.156,77.961,169.0,2024-05-15,2024,104.6,113.4,95.1,58.5,1006.8,8.9,0.0
42475099999,"AGRA KHERIA, IN",27.156,77.961,169.0,2024-05-20,2024,104.3,112.9,91.7,57.7,1000.3,9.6,0.0
42475099999,"AGRA KHERIA, IN",27.156,77.961,169.0,2024-05-25,2024,105.1,119.4,92.8,49.5,1004.9,3.6,0.0
42475099999,"AGRA KHERIA, IN",27.156,77.961,169.0,2024-05-29,2024,99.5,114.0,89.5,65.2,1003.5,8.7,0.0
42475099999,"AGRA KHERIA, IN",27.156,77.961,169.0,2024-06-03,2024,103.9,115.6,95.9,59.3,997.7,3.8,0.0
42475099999,"AGRA KHERIA, IN",27.156,77.961,169.0,2024-06-06,2024,99.2,111.2,89.6,9999.9,1003.5,6.5,0.0
42475099999,"AGRA KHERIA, IN",27.156,77.961,169.0,2024-06-12,2024,104.0,115.8,94.5,60.9,1000.1,5.2,0.0
42475099999,"AGRA KHERIA, IN",27.156,77.961,169.0,2024-06-15,2024,98.0,108.1,88.6,59.4,996.1,8.4,0.0
42475099999,"AGRA KHERIA, IN",27.156,77.961,169.0,2024-06-21,2024,103.7,117.3,93.1,61.1,1006.7,6.0,0.0
42475099999,"AGRA KHERIA, IN",27.156,77.961,169.0,2024-06-25,2024,93.8,106.5,86.5,65.1,1009.7,3.3,0.0
42492099999,"GWALIOR, IN",26.294,78.258,188.0,2024-04-02,2024,93.7,102.5,84.1,62.8,1003.0,6.5,0.0
42492099999,"GWALIOR, IN",26.294,78.258,188.0,2024-04-05,2024,93.7,104.0,84.4,61.4,1005.5,3.7,0.0
42492099999,"GWALIOR, IN",26.294,78.258,188.0,2024-04-10,2024,97.4,106.6,86.5,64.7,998.0,9.2,0.0
42492099999,"GWALIOR, IN",26.294,78.258,188.0,2024-04-15,2024,95.8,107.7,84.5,59.6,1003.1,9.5,0.0
42492099999,"GWALIOR, IN",26.294,78.258,188.0,2024-04-19,2024,98.7,106.8,88.4,62.9,1004.6,3.7,0.0
42492099999,"GWALIOR, IN",26.294,78.258,188.0,2024-04-24,2024,103.9,113.8,93.6,58.3,1004.8,3.0,0.0
42492099999,"GWALIOR, IN",26.294,78.258,188.0,2024-04-28,2024,100.8,112.5,90.8,69.2,1000.6,7.3,0.0
42492099999,"GWALIOR, IN",26.294,78.258,188.0,2024-05-03,2024,108.5,120.7,101.1,59.1,998.9,3.2,0.0
42492099999,"GWALIOR, IN",26.294,78.258,188.0,2024-05-06,2024,106.7,118.8,95.1,59.5,1005.6,8.1,0.0
42492099999,"GWALIOR, IN",26.294,78.258,188.0,2024-05-11,2024,106.5,119.5,98.9,60.6,1001.2,4.5,0.0
42492099999,"GWALIOR, IN",26.294,78.258,188.0,2024-05-15,2024,105.9,120.4,97.0,58.9,1005.1,6.6,0.0
42492099999,"GWALIOR, IN",26.294,78.258,188.0,2024-05-20,2024,97.1,111.5,88.4,61.1,1001.1,5.1,0.0
42492099999,"GWALIOR, IN",26.294,78.258,188.0,2024-05-24,2024,107.6,121.7,96.4,62.0,1003.7,4.9,0.0
42492099999,"GWALIOR, IN",26.294,78.258,188.0,2024-05-29,2024,104.0,118.2,91.4,53.9,1007.9,3.5,0.0
42492099999,"GWALIOR, IN",26.294,78.258,188.0,2024-06-02,2024,107.8,119.6,95.0,60.9,1007.8,8.1,0.0
42492099999,"GWALIOR, IN",26.294,78.258,188.0,2024-06-06,2024,100.1,111.2,90.6,54.9,1003.1,8.9,0.0
42492099999,"GWALIOR, IN",26.294,78.258,188.0,2024-06-12,2024,101.9,114.3,89.3,56.9,1004.6,6.8,0.0
42492099999,"GWALIOR, IN",26.294,78.258,188.0,2024-06-16,2024,100.9,113.8,90.6,53.9,1004.6,5.2,0.0
42492099999,"GWALIOR, IN",26.294,78.258,188.0,2024-06-21,2024,101.5,111.9,92.9,59.8,1006.5,5.2,0.0
42492099999,"GWALIOR, IN",26.294,78.258,188.0,2024-06-24,2024,95.0,103.4,83.9,61.2,999.5,6.3,0.0
42515099999,"LUCKNOW AMAUSI, IN",26.761,80.883,128.0,2024-04-02,2024,91.9,99.5,84.0,65.4,1001.6,6.2,0.0
42515099999,"LUCKNOW AMAUSI, IN",26.761,80.883,128.0,2024-04-06,2024,93.8,101.8,86.5,67.0,1006.1,6.2,0.0
42515099999,"LUCKNOW AMAUSI, IN",26.761,80.883,128.0,2024-04-10,2024,94.9,104.9,87.4,61.6,1006.9,3.5,0.41
42515099999,"LUCKNOW AMAUSI, IN",26.761,80.883,128.0,2024-04-15,2024,94.5,102.4,87.3,67.7,1005.1,5.9,0.0
42515099999,"LUCKNOW AMAUSI, IN",26.761,80.883,128.0,2024-04-19,2024,97.3,106.4,89.6,72.3,1005.2,5.6,0.0
42515099999,"LUCKNOW AMAUSI, IN",26.761,80.883,128.0,2024-04-24,2024,95.5,104.7,88.1,76.6,1004.5,8.4,0.0
42515099999,"LUCKNOW AMAUSI, IN",26.761,80.883,128.0,2024-04-28,2024,97.5,108.4,87.7,71.8,1004.6,4.7,0.0
42515099999,"LUCKNOW AMAUSI, IN",26.761,80.883,128.0,2024-05-03,2024,99.1,107.4,91.5,77.9,1003.3,6.0,0.39
42515099999,"LUCKNOW AMAUSI, IN",26.761,80.883,128.0,2024-05-06,2024,97.7,106.7,90.4,68.4,1006.7,7.5,0.0
42515099999,"LUCKNOW AMAUSI, IN",26.761,80.883,128.0,2024-05-11,2024,95.3,106.6,88.8,60.0,1002.5,4.5,0.0
42515099999,"LUCKNOW AMAUSI, IN",26.761,80.883,128.0,2024-05-16,2024,95.1,105.6,87.2,66.2,1005.3,6.1,0.0
42515099999,"LUCKNOW AMAUSI, IN",26.761,80.883,128.0,2024-05-19,2024,96.7,105.1,86.8,62.2,1004.2,4.1,0.0
42515099999,"LUCKNOW AMAUSI, IN",26.761,80.883,128.0,2024-05-25,2024,100.4,112.3,94.4,61.1,1006.1,9.4,0.0
42515099999,"LUCKNOW AMAUSI, IN",26.761,80.883,128.0,2024-05-29,2024,100.0,110.6,90.1,71.7,1007.0,4.3,0.0
42515099999,"LUCKNOW AMAUSI, IN",26.761,80.883,128.0,2024-06-03,2024,102.7,114.3,93.1,66.5,1004.3,9.6,0.0
42515099999,"LUCKNOW AMAUSI, IN",26.761,80.883,128.0,2024-06-06,2024,96.6,106.8,88.9,67.9,1007.8,4.5,0.13
42515099999,"LUCKNOW AMAUSI, IN",26.761,80.883,128.0,2024-06-12,2024,93.9,102.6,86.2,64.5,1007.4,8.0,0.0
42515099999,"LUCKNOW AMAUSI, IN",26.761,80.883,128.0,2024-06-16,2024,98.6,110.4,90.0,66.4,1006.1,5.9,0.0
42515099999,"LUCKNOW AMAUSI, IN",26.761,80.883,128.0,2024-06-20,2024,96.5,106.0,87.0,73.9,1004.2,5.9,0.0
42515099999,"LUCKNOW AMAUSI, IN",26.761,80.883,128.0,2024-06-25,2024,97.2,105.5,88.6,78.5,1005.5,5.4,0.0
42591099999,"VARANASI BABATPUR, IN",25.452,82.859,81.0,2024-04-01,2024,94.3,101.9,84.5,70.8,1003.1,4.5,0.0
42591099999,"VARANASI BABATPUR, IN",25.452,82.859,81.0,2024-04-06,2024,100.2,110.6,91.8,68.6,1003.3,8.8,0.29
42591099999,"VARANASI BABATPUR, IN",25.452,82.859,81.0,2024-04-10,2024,93.8,104.0,85.0,72.3,1006.2,4.6,0.0
42591099999,"VARANASI BABATPUR, IN",25.452,82.859,81.0,2024-04-14,2024,95.1,106.2,85.5,70.2,1000.2,5.8,0.34
42591099999,"VARANASI BABATPUR, IN",25.452,82.859,81.0,2024-04-18,2024,97.1,108.3,90.1,69.7,1008.3,8.1,0.0
42591099999,"VARANASI BABATPUR, IN",25.452,82.859,81.0,2024-04-24,2024,95.7,106.3,87.7,62.8,1001.8,4.4,0.0
42591099999,"VARANASI BABATPUR, IN",25.452,82.859,81.0,2024-04-27,2024,94.8,102.0,85.1,73.2,1007.9,8.1,0.0
42591099999,"VARANASI BABATPUR, IN",25.452,82.859,81.0,2024-05-03,2024,98.9,108.3,91.8,72.8,1004.3,9.4,0.0
42591099999,"VARANASI BABATPUR, IN",25.452,82.859,81.0,2024-05-07,2024,98.3,106.6,90.6,66.6,1003.2,8.9,0.0
42591099999,"VARANASI BABATPUR, IN",25.452,82.859,81.0,2024-05-11,2024,95.2,104.5,86.1,69.0,1003.9,4.2,0.0
42591099999,"VARANASI BABATPUR, IN",25.452,82.859,81.0,2024-05-16,2024,100.3,108.5,92.0,68.3,1003.6,4.5,0.0
42591099999,"VARANASI BABATPUR, IN",25.452,82.859,81.0,2024-05-20,2024,96.7,107.8,88.5,68.2,1005.8,6.3,0.0
42591099999,"VARANASI BABATPUR, IN",25.452,82.859,81.0,2024-05-24,2024,96.0,104.5,86.1,68.2,1004.6,6.6,0.0
42591099999,"VARANASI BABATPUR, IN",25.452,82.859,81.0,2024-05-28,2024,96.7,105.0,89.8,65.5,1004.6,8.8,0.0
42591099999,"VARANASI BABATPUR, IN",25.452,82.859,81.0,2024-06-03,2024,95.3,103.2,88.8,69.3,1001.8,4.8,0.0
42591099999,"VARANASI BABATPUR, IN",25.452,82.859,81.0,2024-06-06,2024,99.9,109.7,93.5,77.3,1001.8,9.8,0.0
42591099999,"VARANASI BABATPUR, IN",25.452,82.859,81.0,2024-06-11,2024,98.1,109.9,89.9,65.0,1006.6,9.9,0.0
42591099999,"VARANASI BABATPUR, IN",25.452,82.859,81.0,2024-06-15,2024,93.7,101.5,87.2,69.8,1001.8,8.8,0.17
42591099999,"VARANASI BABATPUR, IN",25.452,82.859,81.0,2024-06-21,2024,95.1,104.4,87.6,63.8,1006.1,3.8,0.51
42591099999,"VARANASI BABATPUR, IN",25.452,82.859,81.0,2024-06-25,2024,93.1,103.7,86.7,70.1,1003.1,7.1,0.0
42410099999,"PATNA AIRPORT, IN",25.591,85.088,52.0,2024-04-01,2024,93.9,105.5,87.0,68.5,1002.1,7.1,0.0
42410099999,"PATNA AIRPORT, IN",25.591,85.088,52.0,2024-04-05,2024,95.3,106.2,88.2,74.0,1002.1,8.6,0.0
42410099999,"PATNA AIRPORT, IN",25.591,85.088,52.0,2024-04-10,2024,98.2,109.5,89.8,73.9,1002.0,8.9,0.0
42410099999,"PATNA AIRPORT, IN",25.591,85.088,52.0,2024-04-14,2024,93.0,102.3,84.0,69.1,1002.6,9.5,0.5
42410099999,"PATNA AIRPORT, IN",25.591,85.088,52.0,2024-04-19,2024,101.0,110.1,94.7,68.0,1002.0,3.6,0.0
42410099999,"PATNA AIRPORT, IN",25.591,85.088,52.0,2024-04-24,2024,94.9,103.3,88.6,72.3,1002.6,9.4,0.0
42410099999,"PATNA AIRPORT, IN",25.591,85.088,52.0,2024-04-27,2024,97.8,109.8,91.8,71.7,1002.8,6.4,0.0
42410099999,"PATNA AIRPORT, IN",25.591,85.088,52.0,2024-05-03,2024,98.1,109.0,90.3,67.8,1005.7,6.9,0.47
42410099999,"PATNA AIRPORT, IN",25.591,85.088,52.0,2024-05-07,2024,99.8,109.5,92.3,67.0,1004.2,8.2,0.0
42410099999,"PATNA AIRPORT, IN",25.591,85.088,52.0,2024-05-11,2024,97.8,107.5,89.7,62.0,1004.6,7.1,0.0
42410099999,"PATNA AIRPORT, IN",25.591,85.088,52.0,2024-05-16,2024,102.9,113.8,96.6,64.4,1002.1,3.7,0.0
42410099999,"PATNA AIRPORT, IN",25.591,85.088,52.0,2024-05-20,2024,96.7,108.2,90.6,70.8,1005.1,7.4,0.57
42410099999,"PATNA AIRPORT, IN",25.591,85.088,52.0,2024-05-25,2024,98.1,107.4,88.3,64.2,1004.2,6.9,0.0
42410099999,"PATNA AIRPORT, IN",25.591,85.088,52.0,2024-05-28,2024,94.9,104.6,88.8,68.5,1006.2,9.6,0.0
42410099999,"PATNA AIRPORT, IN",25.591,85.088,52.0,2024-06-03,2024,95.1,103.9,87.0,61.8,1007.9,9.8,0.31
42410099999,"PATNA AIRPORT, IN",25.591,85.088,52.0,2024-06-07,2024,96.1,104.6,87.7,72.4,1003.6,8.6,0.42
42410099999,"PATNA AIRPORT, IN",25.591,85.088,52.0,2024-06-12,2024,96.5,108.2,88.7,69.7,1001.8,4.7,0.0
42410099999,"PATNA AIRPORT, IN",25.591,85.088,52.0,2024-06-16,2024,96.6,103.9,87.8,66.4,1000.7,10.0,0.0
42410099999,"PATNA AIRPORT, IN",25.591,85.088,52.0,2024-06-20,2024,96.5,107.6,89.1,66.8,1003.6,5.4,0.0
42410099999,"PATNA AIRPORT, IN",25.591,85.088,52.0,2024-06-24,2024,92.5,99.5,84.2,74.3,9999.9,4.3,0.0
42731099999,"KOLKATA DUM DUM, IN",22.655,88.447,6.0,2024-04-01,2024,91.9,96.2,86.7,76.9,1004.5,13.3,0.0
42731099999,"KOLKATA DUM DUM, IN",22.655,88.447,6.0,2024-04-05,2024,94.1,101.4,89.3,77.5,1006.5,12.8,0.0
42731099999,"KOLKATA DUM DUM, IN",22.655,88.447,6.0,2024-04-10,2024,91.8,95.8,87.5,80.5,1008.0,9.7,0.0
42731099999,"KOLKATA DUM DUM, IN",22.655,88.447,6.0,2024-04-15,2024,93.8,98.7,89.4,80.3,1005.8,8.8,0.0
42731099999,"KOLKATA DUM DUM, IN",22.655,88.447,6.0,2024-04-19,2024,90.6,94.6,86.4,80.0,1002.6,12.1,0.0
42731099999,"KOLKATA DUM DUM, IN",22.655,88.447,6.0,2024-04-23,2024,91.8,98.1,84.9,74.0,1007.0,10.5,0.0
42731099999,"KOLKATA DUM DUM, IN",22.655,88.447,6.0,2024-04-27,2024,91.8,97.0,86.5,76.7,1006.9,11.7,0.5
42731099999,"KOLKATA DUM DUM, IN",22.655,88.447,6.0,2024-05-02,2024,90.6,95.4,86.5,83.3,1011.7,5.6,0.0
42731099999,"KOLKATA DUM DUM, IN",22.655,88.447,6.0,2024-05-07,2024,90.7,98.3,84.2,81.6,1007.2,10.9,0.0
42731099999,"KOLKATA DUM DUM, IN",22.655,88.447,6.0,2024-05-12,2024,93.1,98.0,87.2,77.5,1006.7,12.2,0.0
42731099999,"KOLKATA DUM DUM, IN",22.655,88.447,6.0,2024-05-16,2024,94.7,100.0,88.9,77.9,1007.0,7.5,0.0
42731099999,"KOLKATA DUM DUM, IN",22.655,88.447,6.0,2024-05-19,2024,90.5,98.4,85.9,75.4,1004.7,7.8,0.0
42731099999,"KOLKATA DUM DUM, IN",22.655,88.447,6.0,2024-05-24,2024,92.8,97.8,88.7,74.6,1007.5,8.2,0.0
42731099999,"KOLKATA DUM DUM, IN",22.655,88.447,6.0,2024-05-29,2024,95.1,102.7,90.5,80.6,1007.9,12.9,0.0
42731099999,"KOLKATA DUM DUM, IN",22.655,88.447,6.0,2024-06-02,2024,92.3,97.6,85.5,82.3,1009.0,8.8,1.05
42731099999,"KOLKATA DUM DUM, IN",22.655,88.447,6.0,2024-06-07,2024,91.6,96.3,85.9,74.1,1008.8,13.9,0.0
42731099999,"KOLKATA DUM DUM, IN",22.655,88.447,6.0,2024-06-12,2024,93.3,101.2,88.3,76.0,1008.6,7.1,0.0
42731099999,"KOLKATA DUM DUM, IN",22.655,88.447,6.0,2024-06-16,2024,90.8,98.5,85.2,77.2,1003.0,8.0,1.0
42731099999,"KOLKATA DUM DUM, IN",22.655,88.447,6.0,2024-06-21,2024,90.6,97.1,85.6,80.0,1006.7,8.3,0.0
42731099999,"KOLKATA DUM DUM, IN",22.655,88.447,6.0,2024-06-24,2024,90.9,97.0,85.9,75.7,1008.7,11.9,0.64
42971099999,"BHUBANESWAR, IN",20.244,85.818,46.0,2024-04-01,2024,89.8,97.4,85.5,75.3,1010.7,5.8,0.96
42971099999,"BHUBANESWAR, IN",20.244,85.818,46.0,2024-04-05,2024,92.2,96.8,85.8,76.1,1009.0,11.3,0.0
42971099999,"BHUBANESWAR, IN",20.244,85.818,46.0,2024-04-09,2024,91.9,97.5,86.0,79.2,1004.6,13.3,0.0
42971099999,"BHUBANESWAR, IN",20.244,85.818,46.0,2024-04-14,2024,93.2,101.2,86.5,76.2,1007.3,11.0,1.09
42971099999,"BHUBANESWAR, IN",20.244,85.818,46.0,2024-04-18,2024,96.5,100.5,89.9,78.4,1007.2,11.8,0.0
42971099999,"BHUBANESWAR, IN",20.244,85.818,46.0,2024-04-23,2024,88.1,95.7,83.1,81.1,1005.3,12.2,0.0
42971099999,"BHUBANESWAR, IN",20.244,85.818,46.0,2024-04-28,2024,90.6,94.7,85.7,76.8,1010.8,13.6,0.0
42971099999,"BHUBANESWAR, IN",20.244,85.818,46.0,2024-05-03,2024,94.0,100.4,89.9,77.2,1008.6,8.2,0.0
42971099999,"BHUBANESWAR, IN",20.244,85.818,46.0,2024-05-06,2024,91.7,95.8,84.7,78.0,1008.1,7.6,0.0
42971099999,"BHUBANESWAR, IN",20.244,85.818,46.0,2024-05-11,2024,94.6,101.4,88.9,80.0,1009.0,5.0,0.0
42971099999,"BHUBANESWAR, IN",20.244,85.818,46.0,2024-05-16,2024,92.2,96.5,86.6,79.5,1007.8,10.6,0.0
42971099999,"BHUBANESWAR, IN",20.244,85.818,46.0,2024-05-19,2024,90.9,98.8,85.9,76.6,1008.2,11.8,0.0
42971099999,"BHUBANESWAR, IN",20.244,85.818,46.0,2024-05-25,2024,94.4,100.0,90.3,77.2,1005.6,8.7,0.0
42971099999,"BHUBANESWAR, IN",20.244,85.818,46.0,2024-05-29,2024,92.7,100.5,86.0,77.9,1008.4,9.9,0.53
42971099999,"BHUBANESWAR, IN",20.244,85.818,46.0,2024-06-02,2024,94.1,102.1,88.6,80.2,1006.8,11.2,1.08
42971099999,"BHUBANESWAR, IN",20.244,85.818,46.0,2024-06-07,2024,91.0,97.4,84.1,9999.9,1009.4,8.4,0.0
42971099999,"BHUBANESWAR, IN",20.244,85.818,46.0,2024-06-11,2024,94.5,99.8,90.4,9999.9,1007.5,6.4,0.0
42971099999,"BHUBANESWAR, IN",20.244,85.818,46.0,2024-06-16,2024,94.1,99.1,87.4,78.9,1008.9,6.7,0.69
42971099999,"BHUBANESWAR, IN",20.244,85.818,46.0,2024-06-20,2024,89.0,93.9,84.3,79.3,1006.1,8.0,0.12
42971099999,"BHUBANESWAR, IN",20.244,85.818,46.0,2024-06-25,2024,88.6,96.0,84.5,76.8,1006.8,7.2,0.0
42647099999,"AHMEDABAD AIRPORT, IN",23.073,72.635,55.0,2024-04-02,2024,93.9,101.1,88.3,70.0,1006.9,8.4,0.36
42647099999,"AHMEDABAD AIRPORT, IN",23.073,72.635,55.0,2024-04-06,2024,97.1,107.6,90.8,68.5,1007.0,8.9,0.0
42647099999,"AHMEDABAD AIRPORT, IN",23.073,72.635,55.0,2024-04-10,2024,93.7,101.4,86.5,76.9,1004.9,4.1,0.64
42647099999,"AHMEDABAD AIRPORT, IN",23.073,72.635,55.0,2024-04-14,2024,95.9,106.7,89.9,73.8,1007.4,7.0,0.0
42647099999,"AHMEDABAD AIRPORT, IN",23.073,72.635,55.0,2024-04-19,2024,93.9,101.7,88.2,76.2,1007.2,4.5,0.0
42647099999,"AHMEDABAD AIRPORT, IN",23.073,72.635,55.0,2024-04-24,2024,98.3,104.9,90.1,81.3,9999.9,8.1,0.0
42647099999,"AHMEDABAD AIRPORT, IN",23.073,72.635,55.0,2024-04-27,2024,99.1,105.6,90.9,74.0,1007.5,7.4,0.33
42647099999,"AHMEDABAD AIRPORT, IN",23.073,72.635,55.0,2024-05-03,2024,97.6,107.2,89.8,73.2,1007.6,6.4,0.0
42647099999,"AHMEDABAD AIRPORT, IN",23.073,72.635,55.0,2024-05-07,2024,96.8,104.4,89.6,70.1,1004.0,7.4,0.0
42647099999,"AHMEDABAD AIRPORT, IN",23.073,72.635,55.0,2024-05-11,2024,99.1,108.7,93.8,78.5,1005.2,6.3,0.09
42647099999,"AHMEDABAD AIRPORT, IN",23.073,72.635,55.0,2024-05-15,2024,100.6,106.9,91.7,70.3,1004.1,6.7,0.78
42647099999,"AHMEDABAD AIRPORT, IN",23.073,72.635,55.0,2024-05-20,2024,97.3,108.1,91.1,74.0,1005.2,3.3,0.46
42647099999,"AHMEDABAD AIRPORT, IN",23.073,72.635,55.0,2024-05-24,2024,99.2,106.1,93.3,73.0,1005.3,4.8,0.79
42647099999,"AHMEDABAD AIRPORT, IN",23.073,72.635,55.0,2024-05-28,2024,97.5,104.8,91.4,71.6,1004.8,5.9,0.0
42647099999,"AHMEDABAD AIRPORT, IN",23.073,72.635,55.0,2024-06-02,2024,97.0,103.4,88.1,73.9,1005.1,8.7,0.0
42647099999,"AHMEDABAD AIRPORT, IN",23.073,72.635,55.0,2024-06-06,2024,97.1,103.8,89.6,73.1,1007.5,8.9,0.0
42647099999,"AHMEDABAD AIRPORT, IN",23.073,72.635,55.0,2024-06-11,2024,94.2,103.8,87.2,72.2,1010.6,8.1,0.75
42647099999,"AHMEDABAD AIRPORT, IN",23.073,72.635,55.0,2024-06-15,2024,94.0,102.5,87.3,70.3,9999.9,8.3,0.0
42647099999,"AHMEDABAD AIRPORT, IN",23.073,72.635,55.0,2024-06-20,2024,91.3,99.1,83.2,73.6,1009.3,4.4,0.0
42647099999,"AHMEDABAD AIRPORT, IN",23.073,72.635,55.0,2024-06-24,2024,91.9,100.9,86.0,68.4,1002.0,7.6,0.0
42671099999,"RAJKOT, IN",22.309,70.78,138.0,2024-04-01,2024,97.4,107.7,88.6,58.0,1003.0,11.1,0.0
42671099999,"RAJKOT, IN",22.309,70.78,138.0,2024-04-05,2024,97.5,111.1,90.4,59.2,1007.6,7.5,0.0
42671099999,"RAJKOT, IN",22.309,70.78,138.0,2024-04-10,2024,96.0,104.1,86.1,42.5,1002.4,13.0,0.0
42671099999,"RAJKOT, IN",22.309,70.78,138.0,2024-04-15,2024,96.2,106.1,84.8,51.7,1003.6,14.7,0.0
42671099999,"RAJKOT, IN",22.309,70.78,138.0,2024-04-18,2024,100.5,110.2,90.0,58.6,1003.7,14.3,0.0
42671099999,"RAJKOT, IN",22.309,70.78,138.0,2024-04-24,2024,101.2,112.3,90.3,54.5,1004.1,12.8,0.0
42671099999,"RAJKOT, IN",22.309,70.78,138.0,2024-04-27,2024,101.0,112.8,91.0,53.2,9999.9,6.9,0.0
42671099999,"RAJKOT, IN",22.309,70.78,138.0,2024-05-03,2024,95.6,103.8,87.7,50.6,1003.7,13.5,0.0
42671099999,"RAJKOT, IN",22.309,70.78,138.0,2024-05-06,2024,100.5,109.3,89.6,58.6,1004.0,11.7,0.0
42671099999,"RAJKOT, IN",22.309,70.78,138.0,2024-05-12,2024,96.1,105.0,88.3,56.7,1005.5,11.8,0.0
42671099999,"RAJKOT, IN",22.309,70.78,138.0,2024-05-16,2024,94.8,108.5,84.9,52.9,1000.8,11.9,0.0
42671099999,"RAJKOT, IN",22.309,70.78,138.0,2024-05-20,2024,98.0,111.3,87.4,48.8,1005.6,11.6,0.0
42671099999,"RAJKOT, IN",22.309,70.78,138.0,2024-05-24,2024,99.8,113.0,89.2,47.1,1005.8,14.6,0.0
42671099999,"RAJKOT, IN",22.309,70.78,138.0,2024-05-28,2024,95.7,105.3,87.5,54.4,1002.4,7.5,0.0
42671099999,"RAJKOT, IN",22.309,70.78,138.0,2024-06-02,2024,98.0,105.6,86.8,55.2,1005.0,13.5,0.0
42671099999,"RAJKOT, IN",22.309,70.78,138.0,2024-06-07,2024,101.8,114.8,90.9,52.5,1004.6,8.9,0.0
42671099999,"RAJKOT, IN",22.309,70.78,138.0,2024-06-12,2024,96.8,107.9,85.3,53.7,1004.9,13.0,0.0
42671099999,"RAJKOT, IN",22.309,70.78,138.0,2024-06-15,2024,97.2,106.7,89.0,44.8,1004.7,8.7,0.0
42671099999,"RAJKOT, IN",22.309,70.78,138.0,2024-06-21,2024,97.5,111.2,90.2,49.8,1001.4,7.1,0.0
42671099999,"RAJKOT, IN",22.309,70.78,138.0,2024-06-24,2024,99.8,110.8,88.2,55.1,1003.5,14.4,0.0
42821099999,"SURAT, IN",21.114,72.742,16.0,2024-04-02,2024,88.2,94.6,83.3,75.6,1010.6,13.5,0.0
42821099999,"SURAT, IN",21.114,72.742,16.0,2024-04-05,2024,90.8,94.9,84.2,76.2,1009.0,7.5,0.0
42821099999,"SURAT, IN",21.114,72.742,16.0,2024-04-09,2024,89.5,95.0,82.7,81.4,1010.7,7.6,0.0
42821099999,"SURAT, IN",21.114,72.742,16.0,2024-04-14,2024,90.5,97.7,86.1,76.0,1002.8,8.7,0.95
42821099999,"SURAT, IN",21.114,72.742,16.0,2024-04-19,2024,89.1,95.4,84.5,74.3,1008.3,11.9,0.0
42821099999,"SURAT, IN",21.114,72.742,16.0,2024-04-23,2024,91.5,97.5,85.9,74.3,1007.4,8.2,1.13
42821099999,"SURAT, IN",21.114,72.742,16.0,2024-04-28,2024,93.3,98.6,88.7,78.9,1004.2,12.3,0.0
42821099999,"SURAT, IN",21.114,72.742,16.0,2024-05-03,2024,92.4,97.4,85.9,74.2,1009.8,10.9,0.0
42821099999,"SURAT, IN",21.114,72.742,16.0,2024-05-06,2024,94.1,101.6,87.3,75.4,1006.5,11.1,0.0
42821099999,"SURAT, IN",21.114,72.742,16.0,2024-05-11,2024,92.0,96.9,86.7,72.0,1008.7,9.1,0.0
42821099999,"SURAT, IN",21.114,72.742,16.0,2024-05-16,2024,92.4,96.4,87.6,80.0,1005.8,5.6,0.0
42821099999,"SURAT, IN",21.114,72.742,16.0,2024-05-19,2024,91.8,99.0,85.0,73.9,1006.0,5.6,0.0
42821099999,"SURAT, IN",21.114,72.742,16.0,2024-05-24,2024,90.7,94.8,83.9,80.1,1006.6,9.4,0.0
42821099999,"SURAT, IN",21.114,72.742,16.0,2024-05-29,2024,92.9,99.5,86.0,76.7,1005.5,6.1,0.43
42821099999,"SURAT, IN",21.114,72.742,16.0,2024-06-02,2024,92.1,99.2,86.5,79.1,1005.6,10.6,1.19
42821099999,"SURAT, IN",21.114,72.742,16.0,2024-06-07,2024,93.6,99.0,89.1,75.5,1007.0,12.0,0.89
42821099999,"SURAT, IN",21.114,72.742,16.0,2024-06-12,2024,92.7,99.9,87.7,76.0,1008.1,11.5,0.0
42821099999,"SURAT, IN",21.114,72.742,16.0,2024-06-15,2024,91.0,98.6,86.5,77.9,1003.2,6.4,0.0
42821099999,"SURAT, IN",21.114,72.742,16.0,2024-06-20,2024,87.8,91.8,82.7,79.2,1010.1,9.3,0.0
42821099999,"SURAT, IN",21.114,72.742,16.0,2024-06-24,2024,89.1,93.6,83.9,77.0,1008.6,5.8,0.0
43003099999,"MUMBAI SANTA CRUZ, IN",19.118,72.863,14.0,2024-04-02,2024,91.5,95.7,87.0,72.6,1006.2,10.5,0.0
43003099999,"MUMBAI SANTA CRUZ, IN",19.118,72.863,14.0,2024-04-05,2024,90.0,95.5,85.7,79.4,1013.0,9.4,0.21
43003099999,"MUMBAI SANTA CRUZ, IN",19.118,72.863,14.0,2024-04-09,2024,90.5,98.1,84.9,74.1,1008.8,10.0,0.0
43003099999,"MUMBAI SANTA CRUZ, IN",19.118,72.863,14.0,2024-04-15,2024,93.8,101.5,87.6,77.9,1006.2,9.8,0.0
43003099999,"MUMBAI SANTA CRUZ, IN",19.118,72.863,14.0,2024-04-19,2024,93.5,98.0,88.9,79.3,1005.9,13.7,0.86
43003099999,"MUMBAI SANTA CRUZ, IN",19.118,72.863,14.0,2024-04-23,2024,92.8,99.3,86.5,80.1,1010.4,7.6,0.0
43003099999,"MUMBAI SANTA CRUZ, IN",19.118,72.863,14.0,2024-04-27,2024,92.2,99.1,86.2,76.7,1010.5,11.2,0.0
43003099999,"MUMBAI SANTA CRUZ, IN",19.118,72.863,14.0,2024-05-03,2024,90.4,95.2,83.8,78.7,1005.3,13.9,0.0
43003099999,"MUMBAI SANTA CRUZ, IN",19.118,72.863,14.0,2024-05-07,2024,94.7,102.1,90.0,77.0,1010.5,12.7,0.16
43003099999,"MUMBAI SANTA CRUZ, IN",19.118,72.863,14.0,2024-05-11,2024,93.7,97.8,87.7,74.6,1010.8,7.1,0.0
43003099999,"MUMBAI SANTA CRUZ, IN",19.118,72.863,14.0,2024-05-15,2024,95.7,99.7,89.7,79.8,1006.5,7.0,0.0
43003099999,"MUMBAI SANTA CRUZ, IN",19.118,72.863,14.0,2024-05-20,2024,92.3,97.2,85.8,78.0,1006.6,9.3,0.0
43003099999,"MUMBAI SANTA CRUZ, IN",19.118,72.863,14.0,2024-05-24,2024,95.8,101.3,91.1,78.0,1002.6,5.7,0.79
43003099999,"MUMBAI SANTA CRUZ, IN",19.118,72.863,14.0,2024-05-29,2024,93.2,97.5,87.5,76.7,1007.9,13.3,0.0
43003099999,"MUMBAI SANTA CRUZ, IN",19.118,72.863,14.0,2024-06-02,2024,91.8,98.1,86.6,79.6,1010.2,13.9,0.0
43003099999,"MUMBAI SANTA CRUZ, IN",19.118,72.863,14.0,2024-06-06,2024,92.7,98.6,88.7,76.8,1007.9,6.2,0.0
43003099999,"MUMBAI SANTA CRUZ, IN",19.118,72.863,14.0,2024-06-12,2024,91.8,96.2,85.6,75.6,1009.2,5.8,0.0
43003099999,"MUMBAI SANTA CRUZ, IN",19.118,72.863,14.0,2024-06-16,2024,92.3,99.9,86.4,81.5,1010.5,9.2,0.0
43003099999,"MUMBAI SANTA CRUZ, IN",19.118,72.863,14.0,2024-06-21,2024,89.8,94.7,85.3,79.7,1006.1,9.4,0.0
43003099999,"MUMBAI SANTA CRUZ, IN",19.118,72.863,14.0,2024-06-24,2024,92.0,97.8,86.8,76.3,1006.0,11.9,0.0
43057099999,"PUNE LOHEGAON, IN",18.582,73.919,560.0,2024-04-02,2024,87.9,95.5,81.6,46.2,1004.5,6.9,0.0
43057099999,"PUNE LOHEGAON, IN",18.582,73.919,560.0,2024-04-06,2024,87.4,93.2,80.6,57.2,1007.3,10.0,0.0
43057099999,"PUNE LOHEGAON, IN",18.582,73.919,560.0,2024-04-10,2024,85.0,90.7,79.6,53.6,1008.8,5.4,0.0
43057099999,"PUNE LOHEGAON, IN",18.582,73.919,560.0,2024-04-15,2024,89.8,98.0,84.0,56.8,1010.3,999.9,0.0
43057099999,"PUNE LOHEGAON, IN",18.582,73.919,560.0,2024-04-18,2024,89.7,94.7,83.4,53.9,1007.4,9.5,0.0
43057099999,"PUNE LOHEGAON, IN",18.582,73.919,560.0,2024-04-24,2024,86.6,92.7,80.2,56.5,1010.2,8.6,0.0
43057099999,"PUNE LOHEGAON, IN",18.582,73.919,560.0,2024-04-28,2024,91.0,97.7,83.0,62.5,1007.4,7.1,0.0
43057099999,"PUNE LOHEGAON, IN",18.582,73.919,560.0,2024-05-02,2024,92.5,99.4,87.4,56.1,1010.9,10.9,0.0
43057099999,"PUNE LOHEGAON, IN",18.582,73.919,560.0,2024-05-07,2024,90.0,95.3,82.4,59.7,1011.0,9.5,0.0
43057099999,"PUNE LOHEGAON, IN",18.582,73.919,560.0,2024-05-11,2024,89.8,97.5,83.0,57.8,1010.6,10.8,0.0
43057099999,"PUNE LOHEGAON, IN",18.582,73.919,560.0,2024-05-16,2024,89.9,97.6,83.7,51.6,1012.3,6.9,0.14
43057099999,"PUNE LOHEGAON, IN",18.582,73.919,560.0,2024-05-20,2024,89.2,96.7,83.2,57.5,1010.3,7.3,0.0
43057099999,"PUNE LOHEGAON, IN",18.582,73.919,560.0,2024-05-25,2024,88.8,96.8,82.9,52.9,1008.5,7.1,0.36
43057099999,"PUNE LOHEGAON, IN",18.582,73.919,560.0,2024-05-28,2024,86.4,94.4,80.6,55.7,1008.5,10.6,0.0
43057099999,"PUNE LOHEGAON, IN",18.582,73.919,560.0,2024-06-03,2024,89.1,97.6,83.3,50.7,1011.2,9.2,0.0
43057099999,"PUNE LOHEGAON, IN",18.582,73.919,560.0,2024-06-06,2024,89.6,97.0,83.1,62.6,1007.5,6.0,0.0
43057099999,"PUNE LOHEGAON, IN",18.582,73.919,560.0,2024-06-12,2024,87.2,92.6,81.7,58.0,1007.6,12.7,0.0
43057099999,"PUNE LOHEGAON, IN",18.582,73.919,560.0,2024-06-15,2024,86.3,91.8,79.9,62.8,1006.8,5.3,0.0
43057099999,"PUNE LOHEGAON, IN",18.582,73.919,560.0,2024-06-21,2024,84.4,90.9,78.0,62.2,1007.0,9.7,0.0
43057099999,"PUNE LOHEGAON, IN",18.582,73.919,560.0,2024-06-25,2024,86.5,93.8,79.0,49.8,1011.5,8.1,0.29
42867099999,"NAGPUR SONEGAON, IN",21.092,79.059,310.0,2024-04-02,2024,93.8,102.5,82.1,59.2,1005.7,4.4,0.0
42867099999,"NAGPUR SONEGAON, IN",21.092,79.059,310.0,2024-04-06,2024,99.4,108.8,88.9,58.6,997.9,7.4,0.0
42867099999,"NAGPUR SONEGAON, IN",21.092,79.059,310.0,2024-04-09,2024,96.6,111.0,85.9,59.8,1000.6,9.6,0.0
42867099999,"NAGPUR SONEGAON, IN",21.092,79.059,310.0,2024-04-15,2024,100.6,111.4,92.3,62.3,1005.9,3.5,0.0
42867099999,"NAGPUR SONEGAON, IN",21.092,79.059,310.0,2024-04-18,2024,97.1,106.5,87.7,69.9,1005.3,9.5,0.0
42867099999,"NAGPUR SONEGAON, IN",21.092,79.059,310.0,2024-04-24,2024,101.5,110.8,92.1,64.3,1010.1,7.6,0.11
42867099999,"NAGPUR SONEGAON, IN",21.092,79.059,310.0,2024-04-28,2024,98.0,111.5,87.8,57.8,995.9,3.2,0.0
42867099999,"NAGPUR SONEGAON, IN",21.092,79.059,310.0,2024-05-02,2024,103.0,115.0,94.4,60.7,1002.9,8.3,0.0
42867099999,"NAGPUR SONEGAON, IN",21.092,79.059,310.0,2024-05-07,2024,101.1,112.1,92.4,48.7,1004.1,6.3,0.0
42867099999,"NAGPUR SONEGAON, IN",21.092,79.059,310.0,2024-05-11,2024,107.2,116.8,95.4,55.9,1004.3,8.8,0.0
42867099999,"NAGPUR SONEGAON, IN",21.092,79.059,310.0,2024-05-16,2024,98.8,109.8,89.8,61.2,1001.8,6.1,0.0
42867099999,"NAGPUR SONEGAON, IN",21.092,79.059,310.0,2024-05-19,2024,101.0,110.0,88.1,55.1,1001.8,7.4,0.0
42867099999,"NAGPUR SONEGAON, IN",21.092,79.059,310.0,2024-05-24,2024,104.0,113.5,91.8,52.3,1001.8,4.6,0.0
42867099999,"NAGPUR SONEGAON, IN",21.092,79.059,310.0,2024-05-28,2024,102.6,115.3,93.0,9999.9,1008.4,6.2,0.0
42867099999,"NAGPUR SONEGAON, IN",21.092,79.059,310.0,2024-06-03,2024,99.7,111.9,90.6,55.6,1000.1,8.7,0.0
42867099999,"NAGPUR SONEGAON, IN",21.092,79.059,310.0,2024-06-06,2024,106.7,115.1,94.0,61.7,1000.2,4.2,0.0
42867099999,"NAGPUR SONEGAON, IN",21.092,79.059,310.0,2024-06-11,2024,104.0,113.6,95.7,59.9,1003.8,8.0,0.0
42867099999,"NAGPUR SONEGAON, IN",21.092,79.059,310.0,2024-06-15,2024,99.2,113.9,87.4,55.2,1004.0,8.7,0.0
42867099999,"NAGPUR SONEGAON, IN",21.092,79.059,310.0,2024-06-20,2024,97.7,112.4,86.8,68.0,999.2,3.9,0.16
42867099999,"NAGPUR SONEGAON, IN",21.092,79.059,310.0,2024-06-25,2024,102.5,115.2,92.3,58.3,1003.9,8.1,0.0
42809099999,"CHANDRAPUR, IN",19.95,79.3,193.0,2024-04-02,2024,99.7,110.0,91.2,55.7,1005.6,3.7,0.0
42809099999,"CHANDRAPUR, IN",19.95,79.3,193.0,2024-04-05,2024,90.5,101.2,79.6,55.3,1000.2,4.6,0.0
42809099999,"CHANDRAPUR, IN",19.95,79.3,193.0,2024-04-09,2024,95.3,105.7,83.1,57.8,1004.2,3.4,0.0
42809099999,"CHANDRAPUR, IN",19.95,79.3,193.0,2024-04-15,2024,102.0,112.7,90.4,60.1,1001.0,5.0,0.0
42809099999,"CHANDRAPUR, IN",19.95,79.3,193.0,2024-04-19,2024,101.8,111.5,93.6,59.5,1005.8,7.0,0.0
42809099999,"CHANDRAPUR, IN",19.95,79.3,193.0,2024-04-23,2024,103.5,112.4,93.8,59.1,1000.3,6.6,0.0
42809099999,"CHANDRAPUR, IN",19.95,79.3,193.0,2024-04-27,2024,100.1,112.8,87.8,56.2,1002.1,9.3,0.0
42809099999,"CHANDRAPUR, IN",19.95,79.3,193.0,2024-05-02,2024,103.2,116.8,90.7,62.5,1002.8,7.2,0.0
42809099999,"CHANDRAPUR, IN",19.95,79.3,193.0,2024-05-07,2024,103.0,112.2,94.0,59.6,1001.5,9.2,0.0
42809099999,"CHANDRAPUR, IN",19.95,79.3,193.0,2024-05-12,2024,100.6,115.2,89.1,50.1,1000.9,4.7,0.0
42809099999,"CHANDRAPUR, IN",19.95,79.3,193.0,2024-05-15,2024,104.5,113.5,95.3,55.4,1002.3,5.6,0.0
42809099999,"CHANDRAPUR, IN",19.95,79.3,193.0,2024-05-19,2024,104.5,118.8,93.0,61.5,999.8,3.0,0.0
42809099999,"CHANDRAPUR, IN",19.95,79.3,193.0,2024-05-25,2024,105.7,119.8,93.7,64.5,999.6,5.1,0.0
42809099999,"CHANDRAPUR, IN",19.95,79.3,193.0,2024-05-28,2024,100.4,110.3,93.2,64.9,1002.6,4.2,0.0
42809099999,"CHANDRAPUR, IN",19.95,79.3,193.0,2024-06-03,2024,95.8,104.3,84.2,51.9,1002.3,5.2,0.0
42809099999,"CHANDRAPUR, IN",19.95,79.3,193.0,2024-06-06,2024,98.4,109.2,87.6,56.8,1003.1,4.5,0.0
42809099999,"CHANDRAPUR, IN",19.95,79.3,193.0,2024-06-11,2024,105.0,116.2,95.0,57.4,1006.2,5.2,0.0
42809099999,"CHANDRAPUR, IN",19.95,79.3,193.0,2024-06-15,2024,104.2,118.4,95.1,66.1,1003.9,3.6,0.0
42809099999,"CHANDRAPUR, IN",19.95,79.3,193.0,2024-06-20,2024,93.8,102.8,85.0,61.2,1006.1,3.5,0.0
42809099999,"CHANDRAPUR, IN",19.95,79.3,193.0,2024-06-24,2024,98.2,110.4,89.3,67.6,1005.6,7.7,0.0
42863099999,"AKOLA, IN",20.699,77.058,282.0,2024-04-01,2024,98.8,111.3,90.8,64.3,1004.0,7.4,0.0
42863099999,"AKOLA, IN",20.699,77.058,282.0,2024-04-05,2024,91.1,101.4,82.5,56.4,1006.6,6.6,0.0
42863099999,"AKOLA, IN",20.699,77.058,282.0,2024-04-09,2024,96.6,106.2,86.4,57.8,999.9,9.0,0.24
42863099999,"AKOLA, IN",20.699,77.058,282.0,2024-04-14,2024,104.8,118.6,97.3,67.3,1000.3,9.0,0.33
42863099999,"AKOLA, IN",20.699,77.058,282.0,2024-04-18,2024,101.0,113.9,90.7,55.5,1004.8,9.1,0.0
42863099999,"AKOLA, IN",20.699,77.058,282.0,2024-04-23,2024,102.8,111.5,92.3,63.0,1004.0,6.7,0.0
42863099999,"AKOLA, IN",20.699,77.058,282.0,2024-04-27,2024,110.1,124.0,99.1,53.8,997.9,3.3,0.0
42863099999,"AKOLA, IN",20.699,77.058,282.0,2024-05-03,2024,101.5,114.0,91.6,51.1,998.5,8.8,0.0
42863099999,"AKOLA, IN",20.699,77.058,282.0,2024-05-07,2024,100.1,114.7,90.7,54.3,1000.1,5.2,0.0
42863099999,"AKOLA, IN",20.699,77.058,282.0,2024-05-11,2024,104.6,113.3,96.7,56.4,1002.5,9.5,0.0
42863099999,"AKOLA, IN",20.699,77.058,282.0,2024-05-15,2024,105.7,114.0,97.7,55.1,1002.2,4.8,0.0
42863099999,"AKOLA, IN",20.699,77.058,282.0,2024-05-19,2024,104.2,112.8,92.0,49.2,995.8,6.1,0.0
42863099999,"AKOLA, IN",20.699,77.058,282.0,2024-05-25,2024,103.9,115.9,93.7,61.4,1009.2,7.6,0.0
42863099999,"AKOLA, IN",20.699,77.058,282.0,2024-05-28,2024,103.1,117.3,93.6,63.0,9999.9,999.9,0.0
42863099999,"AKOLA, IN",20.699,77.058,282.0,2024-06-02,2024,103.0,116.2,92.8,67.2,9999.9,4.4,0.0
42863099999,"AKOLA, IN",20.699,77.058,282.0,2024-06-07,2024,102.7,116.3,94.1,69.6,9999.9,9.2,0.0
42863099999,"AKOLA, IN",20.699,77.058,282.0,2024-06-11,2024,105.5,120.0,93.5,55.8,1002.9,7.3,0.0
42863099999,"AKOLA, IN",20.699,77.058,282.0,2024-06-16,2024,100.1,111.8,90.5,47.8,999.5,8.8,0.0
42863099999,"AKOLA, IN",20.699,77.058,282.0,2024-06-20,2024,96.2,110.4,86.2,63.0,1005.6,9.3,0.0
42863099999,"AKOLA, IN",20.699,77.058,282.0,2024-06-25,2024,99.1,113.5,91.6,63.0,1002.5,5.4,0.0
42754099999,"INDORE, IN",22.722,75.801,564.0,2024-04-02,2024,89.7,95.4,83.3,56.9,1008.1,7.0,0.0
42754099999,"INDORE, IN",22.722,75.801,564.0,2024-04-05,2024,87.1,92.7,80.6,59.6,1007.2,6.3,0.0
42754099999,"INDORE, IN",22.722,75.801,564.0,2024-04-09,2024,90.0,96.4,84.4,52.4,1005.8,10.9,0.0
42754099999,"INDORE, IN",22.722,75.801,564.0,2024-04-14,2024,89.9,96.5,82.2,56.5,1007.1,8.9,0.04
42754099999,"INDORE, IN",22.722,75.801,564.0,2024-04-18,2024,90.7,95.7,83.0,54.5,1007.6,9.3,0.0
42754099999,"INDORE, IN",22.722,75.801,564.0,2024-04-23,2024,92.1,99.0,85.7,63.1,1011.1,8.3,0.0
42754099999,"INDORE, IN",22.722,75.801,564.0,2024-04-28,2024,89.1,96.4,82.5,61.8,1006.1,7.0,0.0
42754099999,"INDORE, IN",22.722,75.801,564.0,2024-05-02,2024,88.0,97.0,80.6,47.5,1011.3,6.2,0.0
42754099999,"INDORE, IN",22.722,75.801,564.0,2024-05-07,2024,88.3,96.4,81.5,56.4,1006.2,7.8,0.0
42754099999,"INDORE, IN",22.722,75.801,564.0,2024-05-11,2024,91.5,97.9,85.9,55.4,1005.4,7.2,0.0
42754099999,"INDORE, IN",22.722,75.801,564.0,2024-05-15,2024,91.1,98.4,84.3,51.2,1006.3,8.6,0.0
42754099999,"INDORE, IN",22.722,75.801,564.0,2024-05-20,2024,86.0,91.2,79.6,51.2,1008.4,9.9,0.0
42754099999,"INDORE, IN",22.722,75.801,564.0,2024-05-25,2024,86.1,93.9,79.6,51.0,1008.0,9.5,0.0
42754099999,"INDORE, IN",22.722,75.801,564.0,2024-05-28,2024,88.9,97.1,81.4,64.9,1011.7,11.8,0.0
42754099999,"INDORE, IN",22.722,75.801,564.0,2024-06-03,2024,87.9,93.7,80.7,59.1,1009.5,9.3,0.0
42754099999,"INDORE, IN",22.722,75.801,564.0,2024-06-06,2024,88.2,94.3,82.3,50.9,1008.0,11.3,0.0
42754099999,"INDORE, IN",22.722,75.801,564.0,2024-06-12,2024,88.6,97.5,83.3,55.2,1008.9,12.1,0.17
42754099999,"INDORE, IN",22.722,75.801,564.0,2024-06-15,2024,87.2,92.3,80.6,52.3,1008.2,7.2,0.0
42754099999,"INDORE, IN",22.722,75.801,564.0,2024-06-20,2024,89.0,97.5,81.6,52.2,1009.9,7.6,0.0
42754099999,"INDORE, IN",22.722,75.801,564.0,2024-06-25,2024,84.2,90.2,76.6,54.6,1007.5,13.0,0.0
42777099999,"BHOPAL BAIRAGARH, IN",23.287,77.337,524.0,2024-04-02,2024,86.0,94.2,78.3,54.6,1011.7,5.4,0.0
42777099999,"BHOPAL BAIRAGARH, IN",23.287,77.337,524.0,2024-04-06,2024,86.0,91.4,78.4,66.7,1008.9,11.2,0.0
42777099999,"BHOPAL BAIRAGARH, IN",23.287,77.337,524.0,2024-04-10,2024,88.3,94.5,81.6,58.8,1013.1,11.1,0.0
42777099999,"BHOPAL BAIRAGARH, IN",23.287,77.337,524.0,2024-04-15,2024,86.6,93.3,79.9,52.4,1006.5,9.0,0.0
42777099999,"BHOPAL BAIRAGARH, IN",23.287,77.337,524.0,2024-04-19,2024,89.0,94.7,81.4,50.0,1008.0,11.4,0.26
42777099999,"BHOPAL BAIRAGARH, IN",23.287,77.337,524.0,2024-04-23,2024,92.7,98.6,84.9,57.5,1007.4,7.4,0.0
42777099999,"BHOPAL BAIRAGARH, IN",23.287,77.337,524.0,2024-04-28,2024,88.4,94.5,82.4,60.5,1006.3,8.4,0.0
42777099999,"BHOPAL BAIRAGARH, IN",23.287,77.337,524.0,2024-05-02,2024,93.5,100.1,86.2,64.6,1008.5,6.0,0.0
42777099999,"BHOPAL BAIRAGARH, IN",23.287,77.337,524.0,2024-05-06,2024,90.0,96.3,83.7,61.0,1010.2,6.4,0.0
42777099999,"BHOPAL BAIRAGARH, IN",23.287,77.337,524.0,2024-05-11,2024,88.5,97.3,81.6,54.8,1005.4,7.4,0.0
42777099999,"BHOPAL BAIRAGARH, IN",23.287,77.337,524.0,2024-05-16,2024,91.0,98.2,84.0,59.6,1005.3,7.6,0.0
42777099999,"BHOPAL BAIRAGARH, IN",23.287,77.337,524.0,2024-05-19,2024,89.3,96.4,83.3,51.5,1006.2,8.9,0.07
42777099999,"BHOPAL BAIRAGARH, IN",23.287,77.337,524.0,2024-05-24,2024,91.2,96.2,85.4,54.0,1007.4,6.0,0.0
42777099999,"BHOPAL BAIRAGARH, IN",23.287,77.337,524.0,2024-05-29,2024,86.6,92.6,79.3,57.6,1007.9,6.1,0.0
42777099999,"BHOPAL BAIRAGARH, IN",23.287,77.337,524.0,2024-06-02,2024,88.2,95.7,81.6,56.1,1008.4,10.7,0.0
42777099999,"BHOPAL BAIRAGARH, IN",23.287,77.337,524.0,2024-06-06,2024,87.8,95.5,81.8,51.0,1011.6,10.7,0.0
42777099999,"BHOPAL BAIRAGARH, IN",23.287,77.337,524.0,2024-06-12,2024,87.7,95.2,81.4,56.5,1010.0,5.4,0.0
42777099999,"BHOPAL BAIRAGARH, IN",23.287,77.337,524.0,2024-06-15,2024,95.8,101.8,89.4,51.9,1008.9,7.2,0.0
42777099999,"BHOPAL BAIRAGARH, IN",23.287,77.337,524.0,2024-06-21,2024,86.7,93.5,80.1,54.7,1006.6,10.9,0.0
42777099999,"BHOPAL BAIRAGARH, IN",23.287,77.337,524.0,2024-06-25,2024,85.5,92.8,78.4,56.7,1005.1,12.8,0.0
42798099999,"JABALPUR, IN",23.181,80.053,495.0,2024-04-01,2024,99.9,110.2,89.9,59.2,1004.3,6.7,0.0
42798099999,"JABALPUR, IN",23.181,80.053,495.0,2024-04-05,2024,96.7,109.5,88.3,57.1,1003.9,7.5,0.0
42798099999,"JABALPUR, IN",23.181,80.053,495.0,2024-04-10,2024,95.8,107.3,83.5,57.1,1000.4,8.7,0.0
42798099999,"JABALPUR, IN",23.181,80.053,495.0,2024-04-14,2024,97.3,105.4,85.4,48.4,1007.0,6.0,0.0
42798099999,"JABALPUR, IN",23.181,80.053,495.0,2024-04-19,2024,98.8,109.7,86.8,64.7,1006.2,4.5,0.0
42798099999,"JABALPUR, IN",23.181,80.053,495.0,2024-04-23,2024,97.8,106.5,87.4,53.5,1010.7,3.8,0.0
42798099999,"JABALPUR, IN",23.181,80.053,495.0,2024-04-28,2024,107.0,115.6,97.1,58.7,1003.8,8.2,0.0
42798099999,"JABALPUR, IN",23.181,80.053,495.0,2024-05-03,2024,100.8,110.4,88.9,61.1,1000.8,4.0,0.0
42798099999,"JABALPUR, IN",23.181,80.053,495.0,2024-05-07,2024,97.2,112.0,88.2,52.3,1003.1,7.3,0.0
42798099999,"JABALPUR, IN",23.181,80.053,495.0,2024-05-12,2024,100.0,111.3,89.5,58.6,999.8,6.7,0.0
42798099999,"JABALPUR, IN",23.181,80.053,495.0,2024-05-15,2024,101.0,112.8,91.5,63.2,1003.7,6.7,0.0
42798099999,"JABALPUR, IN",23.181,80.053,495.0,2024-05-20,2024,103.1,115.4,90.5,63.3,1004.4,8.9,0.0
42798099999,"JABALPUR, IN",23.181,80.053,495.0,2024-05-25,2024,107.0,120.7,94.6,56.6,1001.7,5.3,0.0
42798099999,"JABALPUR, IN",23.181,80.053,495.0,2024-05-28,2024,99.0,112.9,91.7,56.8,1005.9,4.0,0.0
42798099999,"JABALPUR, IN",23.181,80.053,495.0,2024-06-02,2024,105.8,119.6,97.0,63.7,997.6,6.8,0.0
42798099999,"JABALPUR, IN",23.181,80.053,495.0,2024-06-06,2024,104.7,119.2,93.2,49.7,1005.7,6.7,0.0
42798099999,"JABALPUR, IN",23.181,80.053,495.0,2024-06-12,2024,99.7,113.3,91.5,62.4,999.0,6.5,0.0
42798099999,"JABALPUR, IN",23.181,80.053,495.0,2024-06-15,2024,103.5,112.8,95.2,51.6,1001.0,3.2,0.0
42798099999,"JABALPUR, IN",23.181,80.053,495.0,2024-06-20,2024,96.5,108.5,85.8,50.1,1003.3,9.9,0.0
42798099999,"JABALPUR, IN",23.181,80.053,495.0,2024-06-24,2024,103.5,117.7,96.4,72.2,1003.3,8.6,0.0
42909099999,"RAIPUR MANA, IN",21.18,81.739,317.0,2024-04-01,2024,100.3,114.2,90.7,60.1,1004.5,7.0,0.0
42909099999,"RAIPUR MANA, IN",21.18,81.739,317.0,2024-04-05,2024,97.1,106.6,85.3,59.9,1004.6,3.6,0.0
42909099999,"RAIPUR MANA, IN",21.18,81.739,317.0,2024-04-10,2024,97.4,112.2,90.4,58.5,1002.8,8.9,0.0
42909099999,"RAIPUR MANA, IN",21.18,81.739,317.0,2024-04-14,2024,102.1,111.0,93.7,53.6,1002.8,7.1,0.38
42909099999,"RAIPUR MANA, IN",21.18,81.739,317.0,2024-04-19,2024,106.1,115.0,93.9,64.7,1007.0,5.4,0.0
42909099999,"RAIPUR MANA, IN",21.18,81.739,317.0,2024-04-24,2024,101.6,115.4,89.8,60.5,1006.0,9.0,0.0
42909099999,"RAIPUR MANA, IN",21.18,81.739,317.0,2024-04-28,2024,106.4,115.9,96.7,49.1,999.1,5.8,0.0
42909099999,"RAIPUR MANA, IN",21.18,81.739,317.0,2024-05-02,2024,106.2,116.8,96.8,57.5,1001.0,9.4,0.28
42909099999,"RAIPUR MANA, IN",21.18,81.739,317.0,2024-05-06,2024,99.3,109.8,87.5,56.1,998.8,3.4,0.15
42909099999,"RAIPUR MANA, IN",21.18,81.739,317.0,2024-05-12,2024,109.0,117.6,98.2,58.8,1002.8,5.0,0.0
42909099999,"RAIPUR MANA, IN",21.18,81.739,317.0,2024-05-16,2024,104.8,114.5,94.9,63.7,1005.8,4.3,0.0
42909099999,"RAIPUR MANA, IN",21.18,81.739,317.0,2024-05-20,2024,106.1,120.8,95.5,55.7,1002.1,7.6,0.0
42909099999,"RAIPUR MANA, IN",21.18,81.739,317.0,2024-05-24,2024,105.1,119.1,94.9,56.3,9999.9,6.0,0.0
42909099999,"RAIPUR MANA, IN",21.18,81.739,317.0,2024-05-29,2024,103.7,112.9,96.2,62.8,997.7,8.7,0.0
42909099999,"RAIPUR MANA, IN",21.18,81.739,317.0,2024-06-02,2024,104.2,116.5,93.0,57.7,1005.1,9.7,0.0
42909099999,"RAIPUR MANA, IN",21.18,81.739,317.0,2024-06-07,2024,103.7,114.6,95.1,66.9,1007.1,9.8,0.0
42909099999,"RAIPUR MANA, IN",21.18,81.739,317.0,2024-06-11,2024,104.7,116.1,96.4,66.1,1003.9,4.8,0.0
42909099999,"RAIPUR MANA, IN",21.18,81.739,317.0,2024-06-15,2024,100.3,110.1,91.7,63.3,1005.2,4.9,0.0
42909099999,"RAIPUR MANA, IN",21.18,81.739,317.0,2024-06-20,2024,98.4,112.9,87.9,60.9,1002.9,7.0,0.21
42909099999,"RAIPUR MANA, IN",21.18,81.739,317.0,2024-06-24,2024,96.1,108.0,88.0,65.4,1003.2,6.8,0.0
43128099999,"HYDERABAD AIRPORT, IN",17.24,78.43,617.0,2024-04-02,2024,93.4,102.4,86.4,55.4,1004.9,11.0,0.0
43128099999,"HYDERABAD AIRPORT, IN",17.24,78.43,617.0,2024-04-06,2024,89.8,96.3,82.3,66.4,1006.8,8.2,0.0
43128099999,"HYDERABAD AIRPORT, IN",17.24,78.43,617.0,2024-04-09,2024,90.6,99.8,82.4,57.4,1003.7,10.9,0.0
43128099999,"HYDERABAD AIRPORT, IN",17.24,78.43,617.0,2024-04-15,2024,91.3,101.0,83.5,56.4,1004.9,10.3,0.0
43128099999,"HYDERABAD AIRPORT, IN",17.24,78.43,617.0,2024-04-19,2024,92.0,101.8,85.3,58.0,1009.2,6.6,0.0
43128099999,"HYDERABAD AIRPORT, IN",17.24,78.43,617.0,2024-04-23,2024,93.7,100.7,87.7,55.6,1004.1,5.1,0.0
43128099999,"HYDERABAD AIRPORT, IN",17.24,78.43,617.0,2024-04-28,2024,87.1,96.9,80.5,58.8,1007.5,5.9,0.0
43128099999,"HYDERABAD AIRPORT, IN",17.24,78.43,617.0,2024-05-03,2024,91.1,97.3,82.5,63.7,1003.0,11.0,0.0
43128099999,"HYDERABAD AIRPORT, IN",17.24,78.43,617.0,2024-05-07,2024,93.6,101.5,87.6,59.7,1006.0,10.3,0.05
43128099999,"HYDERABAD AIRPORT, IN",17.24,78.43,617.0,2024-05-12,2024,92.0,98.4,85.3,56.8,1003.7,6.9,0.0
43128099999,"HYDERABAD AIRPORT, IN",17.24,78.43,617.0,2024-05-16,2024,94.1,103.0,87.2,63.5,1008.1,11.7,0.0
43128099999,"HYDERABAD AIRPORT, IN",17.24,78.43,617.0,2024-05-19,2024,92.8,101.2,84.6,62.5,1002.5,8.3,0.0
43128099999,"HYDERABAD AIRPORT, IN",17.24,78.43,617.0,2024-05-24,2024,91.5,98.3,84.4,61.8,1009.9,11.9,0.0
43128099999,"HYDERABAD AIRPORT, IN",17.24,78.43,617.0,2024-05-28,2024,93.3,100.0,87.0,68.0,1007.2,8.7,0.0
43128099999,"HYDERABAD AIRPORT, IN",17.24,78.43,617.0,2024-06-02,2024,90.3,99.0,83.6,62.4,1006.5,8.3,0.0
43128099999,"HYDERABAD AIRPORT, IN",17.24,78.43,617.0,2024-06-06,2024,89.6,98.7,83.5,60.4,1005.6,7.3,0.0
43128099999,"HYDERABAD AIRPORT, IN",17.24,78.43,617.0,2024-06-11,2024,94.3,102.5,87.7,9999.9,1008.4,11.7,0.0
43128099999,"HYDERABAD AIRPORT, IN",17.24,78.43,617.0,2024-06-15,2024,88.8,95.1,81.3,56.4,1008.4,6.0,0.0
43128099999,"HYDERABAD AIRPORT, IN",17.24,78.43,617.0,2024-06-20,2024,91.7,100.2,85.4,66.9,1007.6,10.3,0.24
43128099999,"HYDERABAD AIRPORT, IN",17.24,78.43,617.0,2024-06-25,2024,93.8,102.1,85.6,64.1,1005.7,8.3,0.21
43150099999,"VIJAYAWADA GANNAVARAM, IN",16.53,80.797,25.0,2024-04-02,2024,90.9,96.2,84.1,80.7,1006.4,12.0,0.0
43150099999,"VIJAYAWADA GANNAVARAM, IN",16.53,80.797,25.0,2024-04-05,2024,89.4,95.6,82.4,76.8,1003.8,5.6,0.0
43150099999,"VIJAYAWADA GANNAVARAM, IN",16.53,80.797,25.0,2024-04-09,2024,91.2,98.5,84.9,72.9,1008.1,7.6,0.0
43150099999,"VIJAYAWADA GANNAVARAM, IN",16.53,80.797,25.0,2024-04-15,2024,93.0,97.1,88.0,76.4,1011.4,6.9,0.0
43150099999,"VIJAYAWADA GANNAVARAM, IN",16.53,80.797,25.0,2024-04-18,2024,89.1,95.4,84.2,80.6,1009.4,12.4,0.0
43150099999,"VIJAYAWADA GANNAVARAM, IN",16.53,80.797,25.0,2024-04-23,2024,89.0,95.7,83.7,84.4,1007.9,10.6,0.0
43150099999,"VIJAYAWADA GANNAVARAM, IN",16.53,80.797,25.0,2024-04-28,2024,90.8,97.2,85.9,74.1,1007.6,10.0,0.0
43150099999,"VIJAYAWADA GANNAVARAM, IN",16.53,80.797,25.0,2024-05-03,2024,92.4,98.7,87.3,77.9,1007.4,8.4,0.22
43150099999,"VIJAYAWADA GANNAVARAM, IN",16.53,80.797,25.0,2024-05-06,2024,93.9,98.6,88.6,76.7,1004.1,12.9,0.0
43150099999,"VIJAYAWADA GANNAVARAM, IN",16.53,80.797,25.0,2024-05-12,2024,92.6,97.6,86.9,71.7,1008.7,12.1,0.0
43150099999,"VIJAYAWADA GANNAVARAM, IN",16.53,80.797,25.0,2024-05-16,2024,91.1,99.1,84.4,78.0,1010.6,9.5,0.0
43150099999,"VIJAYAWADA GANNAVARAM, IN",16.53,80.797,25.0,2024-05-20,2024,91.2,98.4,85.5,80.3,1007.1,5.8,0.0
43150099999,"VIJAYAWADA GANNAVARAM, IN",16.53,80.797,25.0,2024-05-24,2024,96.0,100.3,91.0,76.7,1006.3,5.5,0.0
43150099999,"VIJAYAWADA GANNAVARAM, IN",16.53,80.797,25.0,2024-05-28,2024,93.9,99.5,87.0,76.5,1006.3,10.6,0.0
43150099999,"VIJAYAWADA GANNAVARAM, IN",16.53,80.797,25.0,2024-06-03,2024,91.5,97.6,86.7,77.5,1010.7,13.5,0.27
43150099999,"VIJAYAWADA GANNAVARAM, IN",16.53,80.797,25.0,2024-06-07,2024,88.7,94.4,84.2,77.7,1009.2,12.7,1.2
43150099999,"VIJAYAWADA GANNAVARAM, IN",16.53,80.797,25.0,2024-06-11,2024,92.2,99.7,87.1,80.9,9999.9,8.0,0.0
43150099999,"VIJAYAWADA GANNAVARAM, IN",16.53,80.797,25.0,2024-06-16,2024,91.1,96.1,86.3,79.1,1008.2,999.9,0.0
43150099999,"VIJAYAWADA GANNAVARAM, IN",16.53,80.797,25.0,2024-06-20,2024,90.4,94.9,86.1,78.9,1006.7,12.2,1.15
43150099999,"VIJAYAWADA GANNAVARAM, IN",16.53,80.797,25.0,2024-06-24,2024,89.7,96.9,85.2,76.3,1010.7,9.5,0.0
43185099999,"VISAKHAPATNAM, IN",17.721,83.224,3.0,2024-04-02,2024,84.5,91.5,78.6,78.6,1008.1,8.5,0.0
43185099999,"VISAKHAPATNAM, IN",17.721,83.224,3.0,2024-04-05,2024,87.6,95.3,81.0,78.4,1009.0,9.9,0.0
43185099999,"VISAKHAPATNAM, IN",17.721,83.224,3.0,2024-04-10,2024,92.1,98.8,87.3,71.0,1010.7,6.1,1.02
43185099999,"VISAKHAPATNAM, IN",17.721,83.224,3.0,2024-04-14,2024,90.1,95.3,84.1,79.3,1009.5,10.0,0.0
43185099999,"VISAKHAPATNAM, IN",17.721,83.224,3.0,2024-04-19,2024,90.2,94.8,86.2,79.3,1007.2,10.7,0.0
43185099999,"VISAKHAPATNAM, IN",17.721,83.224,3.0,2024-04-23,2024,88.3,93.5,83.1,80.5,1006.4,9.0,0.0
43185099999,"VISAKHAPATNAM, IN",17.721,83.224,3.0,2024-04-28,2024,90.8,98.3,85.6,76.6,1008.5,6.3,0.16
43185099999,"VISAKHAPATNAM, IN",17.721,83.224,3.0,2024-05-02,2024,92.5,99.3,86.9,79.0,1005.3,5.8,0.0
43185099999,"VISAKHAPATNAM, IN",17.721,83.224,3.0,2024-05-07,2024,91.4,99.3,87.0,77.3,1011.8,13.0,0.68
43185099999,"VISAKHAPATNAM, IN",17.721,83.224,3.0,2024-05-12,2024,92.7,100.3,87.3,80.3,1008.1,12.1,0.0
43185099999,"VISAKHAPATNAM, IN",17.721,83.224,3.0,2024-05-15,2024,92.0,97.4,86.7,77.0,1007.7,5.1,0.78
43185099999,"VISAKHAPATNAM, IN",17.721,83.224,3.0,2024-05-20,2024,94.0,98.4,89.6,81.1,1008.7,8.8,0.29
43185099999,"VISAKHAPATNAM, IN",17.721,83.224,3.0,2024-05-25,2024,94.9,101.6,88.2,75.2,1007.2,6.0,0.61
43185099999,"VISAKHAPATNAM, IN",17.721,83.224,3.0,2024-05-28,2024,91.4,95.6,87.0,78.4,1007.3,7.2,0.2
43185099999,"VISAKHAPATNAM, IN",17.721,83.224,3.0,2024-06-02,2024,93.8,101.7,89.4,75.3,1008.1,11.6,0.0
43185099999,"VISAKHAPATNAM, IN",17.721,83.224,3.0,2024-06-07,2024,93.4,101.2,87.2,72.5,1012.2,5.1,0.0
43185099999,"VISAKHAPATNAM, IN",17.721,83.224,3.0,2024-06-12,2024,91.3,96.5,85.1,72.6,1008.3,13.7,0.0
43185099999,"VISAKHAPATNAM, IN",17.721,83.224,3.0,2024-06-15,2024,91.6,99.0,86.7,77.4,9999.9,12.4,0.78
43185099999,"VISAKHAPATNAM, IN",17.721,83.224,3.0,2024-06-20,2024,92.5,100.3,87.5,78.4,1008.9,12.6,0.0
43185099999,"VISAKHAPATNAM, IN",17.721,83.224,3.0,2024-06-25,2024,90.5,96.6,86.0,82.1,1005.0,7.9,0.85
43279099999,"CHENNAI MEENAMBAKKAM, IN",12.994,80.181,16.0,2024-04-02,2024,90.5,98.5,85.0,77.8,1009.6,12.6,0.0
43279099999,"CHENNAI MEENAMBAKKAM, IN",12.994,80.181,16.0,2024-04-06,2024,89.1,97.0,82.6,73.3,1008.3,7.5,1.12
43279099999,"CHENNAI MEENAMBAKKAM, IN",12.994,80.181,16.0,2024-04-10,2024,91.5,97.6,85.0,81.3,1005.5,12.1,0.0
43279099999,"CHENNAI MEENAMBAKKAM, IN",12.994,80.181,16.0,2024-04-14,2024,93.5,100.0,88.4,83.5,1007.2,5.3,0.0
43279099999,"CHENNAI MEENAMBAKKAM, IN",12.994,80.181,16.0,2024-04-19,2024,89.5,97.4,82.5,76.6,1008.0,6.1,0.0
43279099999,"CHENNAI MEENAMBAKKAM, IN",12.994,80.181,16.0,2024-04-24,2024,93.2,100.7,86.9,76.1,1011.1,9.9,0.0
43279099999,"CHENNAI MEENAMBAKKAM, IN",12.994,80.181,16.0,2024-04-28,2024,90.4,96.8,84.1,73.3,1010.2,6.5,0.0
43279099999,"CHENNAI MEENAMBAKKAM, IN",12.994,80.181,16.0,2024-05-03,2024,88.5,95.7,82.6,77.1,1014.2,5.8,0.84
43279099999,"CHENNAI MEENAMBAKKAM, IN",12.994,80.181,16.0,2024-05-06,2024,92.7,98.8,87.3,74.8,1007.9,5.0,0.0
43279099999,"CHENNAI MEENAMBAKKAM, IN",12.994,80.181,16.0,2024-05-12,2024,92.8,98.8,86.2,78.0,1009.3,12.3,0.0
43279099999,"CHENNAI MEENAMBAKKAM, IN",12.994,80.181,16.0,2024-05-15,2024,91.0,99.0,85.8,81.8,1008.5,12.8,1.03
43279099999,"CHENNAI MEENAMBAKKAM, IN",12.994,80.181,16.0,2024-05-19,2024,94.2,101.5,89.1,76.0,1010.6,6.8,0.0
43279099999,"CHENNAI MEENAMBAKKAM, IN",12.994,80.181,16.0,2024-05-24,2024,92.3,96.8,87.1,78.3,9999.9,7.8,0.0
43279099999,"CHENNAI MEENAMBAKKAM, IN",12.994,80.181,16.0,2024-05-29,2024,90.8,95.4,84.7,79.3,1007.1,10.8,0.0
43279099999,"CHENNAI MEENAMBAKKAM, IN",12.994,80.181,16.0,2024-06-02,2024,90.9,95.3,85.6,76.0,1009.4,12.5,0.0
43279099999,"CHENNAI MEENAMBAKKAM, IN",12.994,80.181,16.0,2024-06-07,2024,91.0,95.1,87.0,77.3,1008.0,7.7,0.0
43279099999,"CHENNAI MEENAMBAKKAM, IN",12.994,80.181,16.0,2024-06-12,2024,88.3,95.3,82.6,73.9,1008.7,9.2,0.0
43279099999,"CHENNAI MEENAMBAKKAM, IN",12.994,80.181,16.0,2024-06-16,2024,90.1,97.7,85.7,80.3,1009.9,13.9,0.0
43279099999,"CHENNAI MEENAMBAKKAM, IN",12.994,80.181,16.0,2024-06-21,2024,92.3,96.7,86.4,82.2,1007.8,12.6,0.0
43279099999,"CHENNAI MEENAMBAKKAM, IN",12.994,80.181,16.0,2024-06-24,2024,91.9,98.4,87.7,76.2,1012.9,13.6,0.0
43295099999,"BANGALORE AIRPORT, IN",13.198,77.706,915.0,2024-04-02,2024,85.4,92.2,79.7,63.0,9999.9,11.4,0.0
43295099999,"BANGALORE AIRPORT, IN",13.198,77.706,915.0,2024-04-06,2024,84.6,90.4,80.4,62.5,1008.7,7.8,0.32
43295099999,"BANGALORE AIRPORT, IN",13.198,77.706,915.0,2024-04-10,2024,84.0,91.0,79.6,63.3,1010.4,13.2,0.0
43295099999,"BANGALORE AIRPORT, IN",13.198,77.706,915.0,2024-04-15,2024,81.3,86.8,75.0,57.0,1010.5,10.3,0.0
43295099999,"BANGALORE AIRPORT, IN",13.198,77.706,915.0,2024-04-18,2024,84.6,91.3,80.6,62.2,1012.9,12.4,0.0
43295099999,"BANGALORE AIRPORT, IN",13.198,77.706,915.0,2024-04-24,2024,82.1,87.5,75.2,59.3,1009.9,6.3,0.22
43295099999,"BANGALORE AIRPORT, IN",13.198,77.706,915.0,2024-04-27,2024,83.4,90.0,76.5,65.7,1008.5,7.3,0.0
43295099999,"BANGALORE AIRPORT, IN",13.198,77.706,915.0,2024-05-03,2024,86.2,91.9,79.7,69.9,1009.9,8.1,0.0
43295099999,"BANGALORE AIRPORT, IN",13.198,77.706,915.0,2024-05-07,2024,86.1,90.3,80.3,59.3,1012.2,6.9,0.0
43295099999,"BANGALORE AIRPORT, IN",13.198,77.706,915.0,2024-05-11,2024,85.9,90.1,81.7,66.0,1010.0,6.9,0.0
43295099999,"BANGALORE AIRPORT, IN",13.198,77.706,915.0,2024-05-16,2024,78.7,85.5,74.0,60.8,1008.7,8.9,0.0
43295099999,"BANGALORE AIRPORT, IN",13.198,77.706,915.0,2024-05-19,2024,82.2,87.1,77.6,63.4,1009.2,12.0,0.4
43295099999,"BANGALORE AIRPORT, IN",13.198,77.706,915.0,2024-05-25,2024,82.4,87.9,77.8,59.3,1008.6,6.1,0.0
43295099999,"BANGALORE AIRPORT, IN",13.198,77.706,915.0,2024-05-28,2024,85.8,90.8,81.1,60.7,1009.0,7.2,0.0
43295099999,"BANGALORE AIRPORT, IN",13.198,77.706,915.0,2024-06-03,2024,82.8,88.9,77.5,64.2,1010.9,12.4,0.0
43295099999,"BANGALORE AIRPORT, IN",13.198,77.706,915.0,2024-06-07,2024,77.9,83.5,73.6,66.6,1012.9,8.6,0.0
43295099999,"BANGALORE AIRPORT, IN",13.198,77.706,915.0,2024-06-12,2024,81.2,87.5,76.7,59.6,1009.1,10.0,0.0
43295099999,"BANGALORE AIRPORT, IN",13.198,77.706,915.0,2024-06-16,2024,81.5,86.2,76.4,63.8,1006.1,12.0,0.0
43295099999,"BANGALORE AIRPORT, IN",13.198,77.706,915.0,2024-06-21,2024,80.4,87.2,75.5,68.4,1008.1,6.8,0.0
43295099999,"BANGALORE AIRPORT, IN",13.198,77.706,915.0,2024-06-25,2024,84.4,89.5,79.9,64.2,1006.4,12.8,0.0
43314099999,"COIMBATORE PEELAMEDU, IN",11.03,77.043,406.0,2024-04-01,2024,90.5,99.4,84.4,61.4,1005.1,7.1,0.0
43314099999,"COIMBATORE PEELAMEDU, IN",11.03,77.043,406.0,2024-04-06,2024,90.2,97.9,82.8,63.8,1007.4,6.0,0.0
43314099999,"COIMBATORE PEELAMEDU, IN",11.03,77.043,406.0,2024-04-10,2024,92.5,99.0,85.3,63.5,1003.2,6.8,0.0
43314099999,"COIMBATORE PEELAMEDU, IN",11.03,77.043,406.0,2024-04-14,2024,89.6,96.4,82.1,73.7,1007.4,7.1,0.0
43314099999,"COIMBATORE PEELAMEDU, IN",11.03,77.043,406.0,2024-04-18,2024,95.6,105.0,88.1,67.5,1006.5,7.3,0.0
43314099999,"COIMBATORE PEELAMEDU, IN",11.03,77.043,406.0,2024-04-24,2024,92.0,99.0,83.7,61.8,1002.5,9.8,0.0
43314099999,"COIMBATORE PEELAMEDU, IN",11.03,77.043,406.0,2024-04-28,2024,91.7,101.7,84.3,66.7,1004.8,8.0,0.0
43314099999,"COIMBATORE PEELAMEDU, IN",11.03,77.043,406.0,2024-05-02,2024,92.7,100.6,86.5,65.3,1004.2,10.8,0.0
43314099999,"COIMBATORE PEELAMEDU, IN",11.03,77.043,406.0,2024-05-07,2024,91.2,99.1,83.1,57.8,1004.4,7.5,0.0
43314099999,"COIMBATORE PEELAMEDU, IN",11.03,77.043,406.0,2024-05-12,2024,89.6,98.0,82.4,58.3,1008.8,9.7,0.15
43314099999,"COIMBATORE PEELAMEDU, IN",11.03,77.043,406.0,2024-05-15,2024,90.4,97.1,82.3,62.4,1005.0,10.5,0.0
43314099999,"COIMBATORE PEELAMEDU, IN",11.03,77.043,406.0,2024-05-19,2024,94.5,102.4,86.8,67.1,1007.7,10.2,0.0
43314099999,"COIMBATORE PEELAMEDU, IN",11.03,77.043,406.0,2024-05-25,2024,92.7,101.8,85.7,61.0,1003.6,9.8,0.0
43314099999,"COIMBATORE PEELAMEDU, IN",11.03,77.043,406.0,2024-05-29,2024,95.8,103.8,88.8,58.9,1007.3,6.8,0.0
43314099999,"COIMBATORE PEELAMEDU, IN",11.03,77.043,406.0,2024-06-03,2024,93.7,100.3,87.2,59.7,1008.1,6.5,0.0
43314099999,"COIMBATORE PEELAMEDU, IN",11.03,77.043,406.0,2024-06-06,2024,93.0,101.8,86.4,68.8,1005.1,9.5,0.0
43314099999,"COIMBATORE PEELAMEDU, IN",11.03,77.043,406.0,2024-06-12,2024,88.4,97.0,80.9,59.9,1006.4,9.2,0.0
43314099999,"COIMBATORE PEELAMEDU, IN",11.03,77.043,406.0,2024-06-15,2024,90.8,99.3,83.2,60.3,1002.2,5.8,0.0
43314099999,"COIMBATORE PEELAMEDU, IN",11.03,77.043,406.0,2024-06-21,2024,91.1,97.8,84.8,69.8,1006.9,8.0,0.0
43314099999,"COIMBATORE PEELAMEDU, IN",11.03,77.043,406.0,2024-06-24,2024,91.0,100.6,82.8,64.2,1006.8,12.0,0.0
43333099999,"MADURAI AIRPORT, IN",9.835,78.093,139.0,2024-04-02,2024,96.2,103.1,89.6,75.5,1004.4,6.0,0.39
43333099999,"MADURAI AIRPORT, IN",9.835,78.093,139.0,2024-04-05,2024,93.1,103.7,84.9,73.6,1005.6,3.5,0.0
43333099999,"MADURAI AIRPORT, IN",9.835,78.093,139.0,2024-04-09,2024,94.6,105.3,88.4,75.3,1005.9,4.2,0.0
43333099999,"MADURAI AIRPORT, IN",9.835,78.093,139.0,2024-04-15,2024,97.6,106.5,89.2,78.2,1005.2,8.2,0.0
43333099999,"MADURAI AIRPORT, IN",9.835,78.093,139.0,2024-04-18,2024,93.7,104.3,88.7,73.3,1005.1,4.3,0.0
43333099999,"MADURAI AIRPORT, IN",9.835,78.093,139.0,2024-04-23,2024,93.1,99.9,86.7,78.5,1005.3,7.4,0.0
43333099999,"MADURAI AIRPORT, IN",9.835,78.093,139.0,2024-04-27,2024,97.9,104.6,90.1,78.4,1003.7,8.9,0.0
43333099999,"MADURAI AIRPORT, IN",9.835,78.093,139.0,2024-05-02,2024,98.7,108.8,92.8,74.0,1004.6,6.9,0.0
43333099999,"MADURAI AIRPORT, IN",9.835,78.093,139.0,2024-05-07,2024,96.2,105.8,89.4,79.3,1004.2,6.9,0.0
43333099999,"MADURAI AIRPORT, IN",9.835,78.093,139.0,2024-05-12,2024,99.3,110.2,92.0,68.7,1007.4,4.6,0.0
43333099999,"MADURAI AIRPORT, IN",9.835,78.093,139.0,2024-05-16,2024,100.1,107.6,95.0,74.6,1004.5,7.5,0.0
43333099999,"MADURAI AIRPORT, IN",9.835,78.093,139.0,2024-05-19,2024,98.7,107.5,91.1,81.2,1001.5,8.5,0.0
43333099999,"MADURAI AIRPORT, IN",9.835,78.093,139.0,2024-05-24,2024,99.4,109.2,90.8,71.6,1005.0,7.7,0.0
43333099999,"MADURAI AIRPORT, IN",9.835,78.093,139.0,2024-05-29,2024,97.1,105.8,88.4,73.1,1005.0,6.5,0.18
43333099999,"MADURAI AIRPORT, IN",9.835,78.093,139.0,2024-06-02,2024,95.0,102.3,89.8,77.4,1001.4,3.9,0.0
43333099999,"MADURAI AIRPORT, IN",9.835,78.093,139.0,2024-06-06,2024,98.1,104.6,89.5,73.4,1002.7,4.4,0.0
43333099999,"MADURAI AIRPORT, IN",9.835,78.093,139.0,2024-06-11,2024,96.9,107.2,89.6,69.7,1005.1,7.9,0.0
43333099999,"MADURAI AIRPORT, IN",9.835,78.093,139.0,2024-06-15,2024,93.2,100.2,87.6,75.7,1003.2,999.9,0.0
43333099999,"MADURAI AIRPORT, IN",9.835,78.093,139.0,2024-06-20,2024,94.6,102.3,86.6,75.2,1003.5,6.2,0.0
43333099999,"MADURAI AIRPORT, IN",9.835,78.093,139.0,2024-06-25,2024,94.7,101.2,86.2,69.8,1006.3,3.3,0.0
43353099999,"KOCHI COCHIN AIRPORT, IN",10.152,76.402,8.0,2024-04-01,2024,93.4,101.2,89.0,84.6,1008.2,7.2,0.0
43353099999,"KOCHI COCHIN AIRPORT, IN",10.152,76.402,8.0,2024-04-06,2024,92.1,97.2,87.9,73.2,1011.0,5.1,0.95
43353099999,"KOCHI COCHIN AIRPORT, IN",10.152,76.402,8.0,2024-04-10,2024,92.4,97.8,85.5,76.4,1010.5,5.9,0.54
43353099999,"KOCHI COCHIN AIRPORT, IN",10.152,76.402,8.0,2024-04-14,2024,90.9,97.8,86.5,76.5,1009.0,8.8,0.0
43353099999,"KOCHI COCHIN AIRPORT, IN",10.152,76.402,8.0,2024-04-19,2024,89.9,94.9,85.6,80.2,1005.9,13.2,0.0
43353099999,"KOCHI COCHIN AIRPORT, IN",10.152,76.402,8.0,2024-04-23,2024,90.2,94.3,84.5,75.3,1009.5,6.4,0.0
43353099999,"KOCHI COCHIN AIRPORT, IN",10.152,76.402,8.0,2024-04-28,2024,91.3,95.5,86.8,74.3,1006.8,999.9,0.0
43353099999,"KOCHI COCHIN AIRPORT, IN",10.152,76.402,8.0,2024-05-02,2024,92.5,97.6,86.4,74.7,1005.7,6.3,0.0
43353099999,"KOCHI COCHIN AIRPORT, IN",10.152,76.402,8.0,2024-05-07,2024,96.6,102.5,90.8,75.5,1007.4,10.7,0.0
43353099999,"KOCHI COCHIN AIRPORT, IN",10.152,76.402,8.0,2024-05-12,2024,92.2,99.7,87.8,76.6,1009.2,5.8,0.0
43353099999,"KOCHI COCHIN AIRPORT, IN",10.152,76.402,8.0,2024-05-16,2024,94.6,101.4,89.0,9999.9,1005.5,6.0,1.12
43353099999,"KOCHI COCHIN AIRPORT, IN",10.152,76.402,8.0,2024-05-19,2024,95.2,100.9,89.3,77.4,1011.5,12.5,0.33
43353099999,"KOCHI COCHIN AIRPORT, IN",10.152,76.402,8.0,2024-05-25,2024,88.7,94.1,83.7,78.1,1011.8,10.6,0.47
43353099999,"KOCHI COCHIN AIRPORT, IN",10.152,76.402,8.0,2024-05-29,2024,92.0,96.2,86.4,77.1,1008.6,10.7,0.0
43353099999,"KOCHI COCHIN AIRPORT, IN",10.152,76.402,8.0,2024-06-02,2024,91.4,99.3,86.5,76.8,1007.3,8.9,0.0
43353099999,"KOCHI COCHIN AIRPORT, IN",10.152,76.402,8.0,2024-06-07,2024,91.0,96.6,86.6,80.7,1008.9,10.3,0.44
43353099999,"KOCHI COCHIN AIRPORT, IN",10.152,76.402,8.0,2024-06-12,2024,92.2,96.6,86.5,79.6,1007.5,6.5,0.3
43353099999,"KOCHI COCHIN AIRPORT, IN",10.152,76.402,8.0,2024-06-16,2024,90.1,97.0,84.1,76.1,1008.0,10.7,1.07
43353099999,"KOCHI COCHIN AIRPORT, IN",10.152,76.402,8.0,2024-06-21,2024,89.1,96.7,83.2,76.4,1007.0,5.8,0.0
43353099999,"KOCHI COCHIN AIRPORT, IN",10.152,76.402,8.0,2024-06-25,2024,94.5,100.8,90.0,70.7,1007.6,5.1,0.87
43371099999,"THIRUVANANTHAPURAM, IN",8.482,76.92,64.0,2024-04-01,2024,93.3,97.8,88.1,77.9,1009.5,7.4,0.0
43371099999,"THIRUVANANTHAPURAM, IN",8.482,76.92,64.0,2024-04-06,2024,90.8,96.6,86.3,76.0,1003.5,9.3,0.0
43371099999,"THIRUVANANTHAPURAM, IN",8.482,76.92,64.0,2024-04-09,2024,91.3,98.3,87.1,75.7,1006.4,7.0,0.0
43371099999,"THIRUVANANTHAPURAM, IN",8.482,76.92,64.0,2024-04-15,2024,90.6,97.9,86.3,82.0,1012.8,13.5,0.0
43371099999,"THIRUVANANTHAPURAM, IN",8.482,76.92,64.0,2024-04-18,2024,92.1,99.8,87.7,76.5,1005.6,9.4,0.54
43371099999,"THIRUVANANTHAPURAM, IN",8.482,76.92,64.0,2024-04-23,2024,92.9,98.8,87.6,82.1,1007.5,6.2,0.0
43371099999,"THIRUVANANTHAPURAM, IN",8.482,76.92,64.0,2024-04-27,2024,88.0,94.3,83.4,79.3,1010.0,6.6,0.0
43371099999,"THIRUVANANTHAPURAM, IN",8.482,76.92,64.0,2024-05-02,2024,89.7,96.4,85.1,9999.9,1008.9,12.8,0.55
43371099999,"THIRUVANANTHAPURAM, IN",8.482,76.92,64.0,2024-05-07,2024,92.6,99.5,85.7,75.6,1010.0,7.7,0.0
43371099999,"THIRUVANANTHAPURAM, IN",8.482,76.92,64.0,2024-05-12,2024,92.1,96.6,85.9,73.9,1003.9,9.1,0.0
43371099999,"THIRUVANANTHAPURAM, IN",8.482,76.92,64.0,2024-05-16,2024,95.2,102.7,88.9,79.2,1008.2,8.8,0.0
43371099999,"THIRUVANANTHAPURAM, IN",8.482,76.92,64.0,2024-05-19,2024,92.1,99.4,85.5,76.3,1005.8,12.3,0.0
43371099999,"THIRUVANANTHAPURAM, IN",8.482,76.92,64.0,2024-05-24,2024,92.0,100.0,85.5,72.3,1006.5,9.4,0.0
43371099999,"THIRUVANANTHAPURAM, IN",8.482,76.92,64.0,2024-05-28,2024,92.1,97.3,87.4,79.1,1007.9,7.8,0.0
43371099999,"THIRUVANANTHAPURAM, IN",8.482,76.92,64.0,2024-06-03,2024,93.8,99.5,88.8,81.0,1010.1,6.8,0.0
43371099999,"THIRUVANANTHAPURAM, IN",8.482,76.92,64.0,2024-06-06,2024,93.1,97.7,86.4,77.6,1006.0,12.0,0.0
43371099999,"THIRUVANANTHAPURAM, IN",8.482,76.92,64.0,2024-06-11,2024,93.2,98.3,87.8,81.8,1008.7,6.8,0.0
43371099999,"THIRUVANANTHAPURAM, IN",8.482,76.92,64.0,2024-06-15,2024,95.0,101.4,90.3,73.8,1005.7,12.9,0.0
43371099999,"THIRUVANANTHAPURAM, IN",8.482,76.92,64.0,2024-06-20,2024,92.7,98.2,87.8,78.3,1010.6,7.9,0.0
43371099999,"THIRUVANANTHAPURAM, IN",8.482,76.92,64.0,2024-06-24,2024,90.7,96.6,86.5,75.5,1007.6,11.0,0.64
42027099999,"SRINAGAR AIRPORT, IN",34.0,74.774,1587.0,2024-04-01,2024,61.7,68.5,52.9,36.5,1016.9,8.2,0.0
42027099999,"SRINAGAR AIRPORT, IN",34.0,74.774,1587.0,2024-04-06,2024,68.2,76.6,59.4,42.5,1008.8,6.8,0.0
42027099999,"SRINAGAR AIRPORT, IN",34.0,74.774,1587.0,2024-04-10,2024,65.6,73.6,59.0,36.1,1017.5,11.4,0.0
42027099999,"SRINAGAR AIRPORT, IN",34.0,74.774,1587.0,2024-04-14,2024,65.4,72.5,57.1,36.7,1014.1,10.0,0.0
42027099999,"SRINAGAR AIRPORT, IN",34.0,74.774,1587.0,2024-04-18,2024,65.6,72.9,60.2,46.9,1011.8,10.2,0.0
42027099999,"SRINAGAR AIRPORT, IN",34.0,74.774,1587.0,2024-04-24,2024,64.2,69.3,55.3,32.4,1013.9,6.9,0.0
42027099999,"SRINAGAR AIRPORT, IN",34.0,74.774,1587.0,2024-04-27,2024,66.5,73.3,57.8,35.3,1017.6,8.7,0.07
42027099999,"SRINAGAR AIRPORT, IN",34.0,74.774,1587.0,2024-05-03,2024,69.9,76.8,61.7,40.9,1018.1,11.2,0.0
42027099999,"SRINAGAR AIRPORT, IN",34.0,74.774,1587.0,2024-05-07,2024,70.0,78.7,62.5,37.7,1010.9,10.2,0.0
42027099999,"SRINAGAR AIRPORT, IN",34.0,74.774,1587.0,2024-05-12,2024,70.6,76.9,63.5,42.6,1014.5,6.6,0.0
42027099999,"SRINAGAR AIRPORT, IN",34.0,74.774,1587.0,2024-05-16,2024,66.4,72.2,58.7,43.4,1011.7,5.4,0.0
42027099999,"SRINAGAR AIRPORT, IN",34.0,74.774,1587.0,2024-05-20,2024,68.3,73.4,59.9,46.8,1012.0,10.4,0.0
42027099999,"SRINAGAR AIRPORT, IN",34.0,74.774,1587.0,2024-05-24,2024,64.5,70.0,59.0,36.8,1017.0,7.6,0.0
42027099999,"SRINAGAR AIRPORT, IN",34.0,74.774,1587.0,2024-05-28,2024,68.9,76.1,62.3,40.5,1012.5,9.8,0.38
42027099999,"SRINAGAR AIRPORT, IN",34.0,74.774,1587.0,2024-06-02,2024,69.2,76.6,60.4,37.6,1014.9,11.2,0.21
42027099999,"SRINAGAR AIRPORT, IN",34.0,74.774,1587.0,2024-06-06,2024,65.9,73.6,58.7,37.4,1012.1,8.3,0.15
42027099999,"SRINAGAR AIRPORT, IN",34.0,74.774,1587.0,2024-06-11,2024,66.4,74.5,60.5,40.8,1014.7,4.7,0.0
42027099999,"SRINAGAR AIRPORT, IN",34.0,74.774,1587.0,2024-06-16,2024,57.7,65.2,52.0,37.8,1012.8,8.7,0.23
42027099999,"SRINAGAR AIRPORT, IN",34.0,74.774,1587.0,2024-06-20,2024,70.3,79.2,65.0,36.7,1014.5,10.2,0.0
42027099999,"SRINAGAR AIRPORT, IN",34.0,74.774,1587.0,2024-06-24,2024,69.9,75.4,63.5,35.7,1015.2,8.5,0.0
42034099999,"LEH AIRPORT, IN",34.136,77.546,3256.0,2024-04-01,2024,45.3,52.1,36.0,23.0,1013.2,11.3,0.08
42034099999,"LEH AIRPORT, IN",34.136,77.546,3256.0,2024-04-05,2024,46.0,52.6,37.9,35.9,1019.0,15.3,0.0
42034099999,"LEH AIRPORT, IN",34.136,77.546,3256.0,2024-04-09,2024,52.8,59.2,44.6,27.0,1010.4,11.0,0.0
42034099999,"LEH AIRPORT, IN",34.136,77.546,3256.0,2024-04-15,2024,50.9,57.9,42.2,29.3,1013.0,10.1,0.0
42034099999,"LEH AIRPORT, IN",34.136,77.546,3256.0,2024-04-18,2024,53.2,58.5,44.6,27.8,1022.5,9.0,0.0
42034099999,"LEH AIRPORT, IN",34.136,77.546,3256.0,2024-04-23,2024,48.7,54.7,41.9,20.6,1014.7,11.4,0.15
42034099999,"LEH AIRPORT, IN",34.136,77.546,3256.0,2024-04-28,2024,55.6,60.7,46.0,17.7,1008.8,8.4,0.0
42034099999,"LEH AIRPORT, IN",34.136,77.546,3256.0,2024-05-02,2024,51.1,57.4,43.5,23.2,1016.0,12.3,0.0
42034099999,"LEH AIRPORT, IN",34.136,77.546,3256.0,2024-05-07,2024,54.3,61.8,44.9,22.8,1009.4,9.9,0.0
42034099999,"LEH AIRPORT, IN",34.136,77.546,3256.0,2024-05-12,2024,58.2,66.1,51.5,21.0,1012.3,999.9,0.0
42034099999,"LEH AIRPORT, IN",34.136,77.546,3256.0,2024-05-15,2024,55.0,62.1,45.4,23.5,1015.8,10.6,0.24
42034099999,"LEH AIRPORT, IN",34.136,77.546,3256.0,2024-05-19,2024,52.8,60.3,45.8,29.3,1014.8,7.4,0.23
42034099999,"LEH AIRPORT, IN",34.136,77.546,3256.0,2024-05-25,2024,56.3,62.1,49.4,16.5,1018.7,15.6,0.0
42034099999,"LEH AIRPORT, IN",34.136,77.546,3256.0,2024-05-29,2024,47.9,55.6,41.5,30.5,1016.5,6.1,0.0
42034099999,"LEH AIRPORT, IN",34.136,77.546,3256.0,2024-06-02,2024,48.2,55.2,40.7,27.7,1019.1,10.9,0.04
42034099999,"LEH AIRPORT, IN",34.136,77.546,3256.0,2024-06-06,2024,52.6,57.6,44.4,20.9,1014.3,9.2,0.0
42034099999,"LEH AIRPORT, IN",34.136,77.546,3256.0,2024-06-12,2024,49.8,56.8,42.1,24.8,1018.6,7.6,0.0
42034099999,"LEH AIRPORT, IN",34.136,77.546,3256.0,2024-06-16,2024,42.5,47.6,35.0,26.3,1015.0,14.4,0.0
42034099999,"LEH AIRPORT, IN",34.136,77.546,3256.0,2024-06-21,2024,46.1,53.5,37.0,22.0,1015.2,9.3,0.08
42034099999,"LEH AIRPORT, IN",34.136,77.546,3256.0,2024-06-24,2024,36.1,41.5,26.6,22.2,1012.9,12.8,0.0
42111099999,"DEHRADUN, IN",30.326,78.032,682.0,2024-04-02,2024,86.4,94.0,77.4,55.8,1006.5,9.8,0.0
42111099999,"DEHRADUN, IN",30.326,78.032,682.0,2024-04-06,2024,88.9,96.1,82.7,63.0,1009.3,6.2,0.0
42111099999,"DEHRADUN, IN",30.326,78.032,682.0,2024-04-09,2024,85.2,91.8,79.1,61.2,1006.4,5.5,0.0
42111099999,"DEHRADUN, IN",30.326,78.032,682.0,2024-04-14,2024,86.5,92.5,79.2,60.6,1005.5,4.4,0.0
42111099999,"DEHRADUN, IN",30.326,78.032,682.0,2024-04-19,2024,90.4,97.9,81.4,58.4,1008.5,9.5,0.0
42111099999,"DEHRADUN, IN",30.326,78.032,682.0,2024-04-23,2024,90.7,97.6,82.5,63.1,1003.5,8.4,0.0
42111099999,"DEHRADUN, IN",30.326,78.032,682.0,2024-04-28,2024,89.1,97.6,82.0,62.4,1009.2,8.7,0.12
42111099999,"DEHRADUN, IN",30.326,78.032,682.0,2024-05-03,2024,86.3,95.9,77.9,56.4,1009.5,4.6,0.0
42111099999,"DEHRADUN, IN",30.326,78.032,682.0,2024-05-06,2024,87.2,93.8,80.8,57.8,1010.9,4.1,0.09
42111099999,"DEHRADUN, IN",30.326,78.032,682.0,2024-05-12,2024,88.8,98.5,82.4,56.1,1004.8,7.7,0.0
42111099999,"DEHRADUN, IN",30.326,78.032,682.0,2024-05-15,2024,89.6,99.0,81.0,53.7,1006.4,8.4,0.0
42111099999,"DEHRADUN, IN",30.326,78.032,682.0,2024-05-20,2024,89.6,96.9,80.9,64.2,1008.7,9.1,0.0
42111099999,"DEHRADUN, IN",30.326,78.032,682.0,2024-05-25,2024,87.3,96.7,80.2,63.7,1006.3,5.0,0.0
42111099999,"DEHRADUN, IN",30.326,78.032,682.0,2024-05-29,2024,86.1,94.6,78.0,58.3,1010.6,4.9,0.0
42111099999,"DEHRADUN, IN",30.326,78.032,682.0,2024-06-03,2024,88.6,98.5,81.3,59.1,1011.1,9.7,0.57
42111099999,"DEHRADUN, IN",30.326,78.032,682.0,2024-06-06,2024,85.1,93.7,76.6,53.9,1003.0,6.4,0.05
42111099999,"DEHRADUN, IN",30.326,78.032,682.0,2024-06-11,2024,88.3,96.0,81.0,59.7,1010.9,4.6,0.0
42111099999,"DEHRADUN, IN",30.326,78.032,682.0,2024-06-16,2024,87.4,96.8,81.4,57.4,1007.0,5.5,0.0
42111099999,"DEHRADUN, IN",30.326,78.032,682.0,2024-06-20,2024,86.7,96.6,78.7,52.3,1013.8,6.9,0.0
42111099999,"DEHRADUN, IN",30.326,78.032,682.0,2024-06-25,2024,86.9,94.9,79.0,59.8,1008.5,4.4,0.0
42103099999,"SHIMLA, IN",31.105,77.173,2205.0,2024-04-01,2024,67.3,76.2,61.7,40.4,1012.1,6.7,0.0
42103099999,"SHIMLA, IN",31.105,77.173,2205.0,2024-04-05,2024,67.5,74.5,61.7,42.5,1011.6,7.7,0.67
42103099999,"SHIMLA, IN",31.105,77.173,2205.0,2024-04-10,2024,70.0,76.2,62.6,42.2,1016.2,10.2,0.0
42103099999,"SHIMLA, IN",31.105,77.173,2205.0,2024-04-14,2024,70.3,78.4,64.1,9999.9,1015.0,4.5,0.0
42103099999,"SHIMLA, IN",31.105,77.173,2205.0,2024-04-18,2024,69.2,77.4,61.8,38.1,1014.2,10.3,0.0
42103099999,"SHIMLA, IN",31.105,77.173,2205.0,2024-04-24,2024,68.0,73.4,60.2,37.2,1021.0,11.7,0.51
42103099999,"SHIMLA, IN",31.105,77.173,2205.0,2024-04-28,2024,64.4,69.6,56.2,9999.9,1017.9,8.5,0.0
42103099999,"SHIMLA, IN",31.105,77.173,2205.0,2024-05-02,2024,70.0,76.3,61.6,36.9,1015.8,6.1,0.0
42103099999,"SHIMLA, IN",31.105,77.173,2205.0,2024-05-06,2024,72.0,80.7,66.8,40.9,1021.8,7.9,0.0
42103099999,"SHIMLA, IN",31.105,77.173,2205.0,2024-05-11,2024,64.2,72.1,57.9,43.8,1017.5,6.5,0.0
42103099999,"SHIMLA, IN",31.105,77.173,2205.0,2024-05-15,2024,70.8,76.5,62.5,40.2,1013.1,4.2,0.38
42103099999,"SHIMLA, IN",31.105,77.173,2205.0,2024-05-19,2024,69.6,75.6,63.1,44.3,1015.8,10.6,0.0
42103099999,"SHIMLA, IN",31.105,77.173,2205.0,2024-05-24,2024,71.0,78.7,63.9,36.9,1013.3,4.1,0.0
42103099999,"SHIMLA, IN",31.105,77.173,2205.0,2024-05-29,2024,65.9,72.0,59.1,39.5,1017.0,8.8,0.0
42103099999,"SHIMLA, IN",31.105,77.173,2205.0,2024-06-02,2024,68.3,73.5,62.5,51.4,1014.6,11.9,0.0
42103099999,"SHIMLA, IN",31.105,77.173,2205.0,2024-06-06,2024,67.9,76.0,59.6,41.4,1012.1,7.9,0.0
42103099999,"SHIMLA, IN",31.105,77.173,2205.0,2024-06-11,2024,67.2,74.6,62.1,45.5,1014.3,9.4,0.64
42103099999,"SHIMLA, IN",31.105,77.173,2205.0,2024-06-16,2024,65.0,73.4,59.6,37.3,1012.6,5.6,0.0
42103099999,"SHIMLA, IN",31.105,77.173,2205.0,2024-06-21,2024,66.7,73.8,59.4,45.8,1010.0,8.5,0.0
42103099999,"SHIMLA, IN",31.105,77.173,2205.0,2024-06-24,2024,65.4,72.7,58.8,41.6,1008.5,6.4,0.0
42071099999,"AMRITSAR, IN",31.71,74.797,234.0,2024-04-02,2024,95.1,104.7,82.6,55.5,1000.6,7.7,0.0
42071099999,"AMRITSAR, IN",31.71,74.797,234.0,2024-04-06,2024,98.8,111.9,86.0,58.1,1001.3,3.4,0.0
42071099999,"AMRITSAR, IN",31.71,74.797,234.0,2024-04-09,2024,100.1,108.6,88.5,67.5,1007.9,5.0,0.0
42071099999,"AMRITSAR, IN",31.71,74.797,234.0,2024-04-15,2024,94.6,105.6,82.9,61.8,1002.5,8.6,0.0
42071099999,"AMRITSAR, IN",31.71,74.797,234.0,2024-04-19,2024,101.2,115.6,92.0,56.9,1003.4,9.8,0.0
42071099999,"AMRITSAR, IN",31.71,74.797,234.0,2024-04-23,2024,101.8,112.4,89.9,56.0,1000.3,9.4,0.36
42071099999,"AMRITSAR, IN",31.71,74.797,234.0,2024-04-27,2024,100.7,111.4,93.4,9999.9,1004.8,5.8,0.0
42071099999,"AMRITSAR, IN",31.71,74.797,234.0,2024-05-02,2024,104.9,117.4,95.3,56.4,1003.9,8.9,0.0
42071099999,"AMRITSAR, IN",31.71,74.797,234.0,2024-05-06,2024,105.5,117.7,92.6,64.7,1002.8,3.4,0.0
42071099999,"AMRITSAR, IN",31.71,74.797,234.0,2024-05-12,2024,102.5,112.9,91.4,59.9,999.6,8.4,0.0
42071099999,"AMRITSAR, IN",31.71,74.797,234.0,2024-05-15,2024,102.7,116.7,92.2,62.6,1004.9,8.8,0.0
42071099999,"AMRITSAR, IN",31.71,74.797,234.0,2024-05-19,2024,102.4,111.3,89.6,60.0,1000.5,5.4,0.0
42071099999,"AMRITSAR, IN",31.71,74.797,234.0,2024-05-25,2024,104.9,119.7,94.3,58.5,1002.2,4.0,0.0
42071099999,"AMRITSAR, IN",31.71,74.797,234.0,2024-05-29,2024,101.6,116.1,93.2,58.6,1001.7,3.6,0.0
42071099999,"AMRITSAR, IN",31.71,74.797,234.0,2024-06-03,2024,103.9,114.3,94.8,56.9,1007.8,4.5,0.0
42071099999,"AMRITSAR, IN",31.71,74.797,234.0,2024-06-07,2024,105.6,114.7,97.6,54.4,1003.2,8.6,0.0
42071099999,"AMRITSAR, IN",31.71,74.797,234.0,2024-06-12,2024,98.9,109.6,90.5,57.3,1009.0,8.7,0.0
42071099999,"AMRITSAR, IN",31.71,74.797,234.0,2024-06-15,2024,99.3,110.5,90.6,60.7,1004.6,9.0,0.0
42071099999,"AMRITSAR, IN",31.71,74.797,234.0,2024-06-20,2024,96.5,106.9,83.5,54.6,999.4,5.6,0.0
42071099999,"AMRITSAR, IN",31.71,74.797,234.0,2024-06-24,2024,96.0,107.1,84.9,44.6,1004.6,7.4,0.21
42404099999,"GAYA AIRPORT, IN",24.744,84.951,116.0,2024-04-02,2024,103.2,115.2,93.9,59.6,998.8,4.3,0.0
42404099999,"GAYA AIRPORT, IN",24.744,84.951,116.0,2024-04-06,2024,96.4,104.8,87.2,56.6,999.9,4.8,0.0
42404099999,"GAYA AIRPORT, IN",24.744,84.951,116.0,2024-04-10,2024,101.5,113.5,92.5,63.0,999.5,6.2,0.0
42404099999,"GAYA AIRPORT, IN",24.744,84.951,116.0,2024-04-15,2024,102.0,113.1,90.6,66.5,1008.7,5.1,0.0
42404099999,"GAYA AIRPORT, IN",24.744,84.951,116.0,2024-04-18,2024,108.6,120.5,100.4,54.4,1011.5,5.3,0.0
42404099999,"GAYA AIRPORT, IN",24.744,84.951,116.0,2024-04-23,2024,100.4,111.0,90.6,55.9,1004.0,8.4,0.0
42404099999,"GAYA AIRPORT, IN",24.744,84.951,116.0,2024-04-27,2024,100.3,112.1,91.8,60.9,999.0,3.0,0.0
42404099999,"GAYA AIRPORT, IN",24.744,84.951,116.0,2024-05-03,2024,101.9,113.3,93.6,65.3,1002.8,9.0,0.0
42404099999,"GAYA AIRPORT, IN",24.744,84.951,116.0,2024-05-06,2024,103.2,112.7,90.2,61.3,1006.5,5.8,0.0
42404099999,"GAYA AIRPORT, IN",24.744,84.951,116.0,2024-05-11,2024,98.5,111.8,86.6,61.8,1002.2,9.5,0.0
42404099999,"GAYA AIRPORT, IN",24.744,84.951,116.0,2024-05-15,2024,103.7,113.5,94.0,64.2,999.4,9.4,0.0
42404099999,"GAYA AIRPORT, IN",24.744,84.951,116.0,2024-05-20,2024,100.3,112.9,93.0,49.2,1001.4,4.7,0.0
42404099999,"GAYA AIRPORT, IN",24.744,84.951,116.0,2024-05-24,2024,106.7,117.7,98.6,58.3,999.0,8.3,0.0
42404099999,"GAYA AIRPORT, IN",24.744,84.951,116.0,2024-05-29,2024,101.2,113.9,90.6,9999.9,999.6,6.7,0.0
42404099999,"GAYA AIRPORT, IN",24.744,84.951,116.0,2024-06-03,2024,103.1,117.2,94.2,53.0,1006.3,4.9,0.0
42404099999,"GAYA AIRPORT, IN",24.744,84.951,116.0,2024-06-07,2024,101.3,112.4,90.2,59.3,1002.2,999.9,0.0
42404099999,"GAYA AIRPORT, IN",24.744,84.951,116.0,2024-06-12,2024,102.9,116.4,90.0,62.8,1004.0,4.5,0.0
42404099999,"GAYA AIRPORT, IN",24.744,84.951,116.0,2024-06-15,2024,101.8,116.2,91.8,57.8,1004.6,6.3,0.0
42404099999,"GAYA AIRPORT, IN",24.744,84.951,116.0,2024-06-20,2024,98.3,113.0,88.9,58.9,1002.2,5.1,0.0
42404099999,"GAYA AIRPORT, IN",24.744,84.951,116.0,2024-06-25,2024,97.0,105.3,87.7,55.5,1004.4,3.2,0.0
42619099999,"RANCHI, IN",23.314,85.322,655.0,2024-04-02,2024,89.9,95.3,82.5,61.6,1005.5,10.1,0.0
42619099999,"RANCHI, IN",23.314,85.322,655.0,2024-04-06,2024,90.3,95.4,83.4,55.6,1009.2,8.5,0.0
42619099999,"RANCHI, IN",23.314,85.322,655.0,2024-04-09,2024,86.2,92.7,78.4,57.5,1008.6,11.7,0.0
42619099999,"RANCHI, IN",23.314,85.322,655.0,2024-04-15,2024,85.6,91.4,79.1,59.3,1010.7,12.9,0.0
42619099999,"RANCHI, IN",23.314,85.322,655.0,2024-04-19,2024,88.6,97.4,81.4,62.3,1007.6,7.3,0.0
42619099999,"RANCHI, IN",23.314,85.322,655.0,2024-04-23,2024,91.0,98.1,85.3,48.0,1012.8,9.7,0.0
42619099999,"RANCHI, IN",23.314,85.322,655.0,2024-04-28,2024,92.6,101.0,85.8,55.8,1004.1,5.6,0.0
42619099999,"RANCHI, IN",23.314,85.322,655.0,2024-05-03,2024,90.5,98.7,85.4,51.1,1008.9,7.3,0.0
42619099999,"RANCHI, IN",23.314,85.322,655.0,2024-05-07,2024,90.9,97.1,85.5,53.1,1010.2,11.0,0.0
42619099999,"RANCHI, IN",23.314,85.322,655.0,2024-05-11,2024,91.8,99.6,85.0,60.8,1008.0,12.5,0.0
42619099999,"RANCHI, IN",23.314,85.322,655.0,2024-05-16,2024,87.4,94.8,80.7,9999.9,1007.5,7.7,0.0
42619099999,"RANCHI, IN",23.314,85.322,655.0,2024-05-20,2024,87.4,95.4,79.4,62.3,1012.2,12.0,0.0
42619099999,"RANCHI, IN",23.314,85.322,655.0,2024-05-25,2024,90.0,98.7,84.1,65.5,1008.2,11.6,0.0
42619099999,"RANCHI, IN",23.314,85.322,655.0,2024-05-29,2024,89.1,94.4,82.6,54.4,1011.3,9.0,0.0
42619099999,"RANCHI, IN",23.314,85.322,655.0,2024-06-03,2024,88.1,93.3,81.1,59.8,1006.9,12.8,0.0
42619099999,"RANCHI, IN",23.314,85.322,655.0,2024-06-06,2024,88.5,96.3,82.7,61.0,1007.2,10.1,0.0
42619099999,"RANCHI, IN",23.314,85.322,655.0,2024-06-12,2024,88.2,94.7,80.9,61.4,1011.2,7.6,0.0
42619099999,"RANCHI, IN",23.314,85.322,655.0,2024-06-16,2024,89.9,95.7,82.9,54.3,1007.0,6.9,0.26
42619099999,"RANCHI, IN",23.314,85.322,655.0,2024-06-20,2024,88.4,93.6,81.8,58.2,1006.0,999.9,0.0
42619099999,"RANCHI, IN",23.314,85.322,655.0,2024-06-25,2024,89.2,95.5,81.5,57.2,1004.6,10.9,0.0
43014099999,"AURANGABAD CHIKALTHANA, IN",19.863,75.398,582.0,2024-04-02,2024,85.4,91.7,78.2,54.9,1007.9,7.9,0.0
43014099999,"AURANGABAD CHIKALTHANA, IN",19.863,75.398,582.0,2024-04-06,2024,91.5,97.6,86.5,57.9,1006.3,8.1,0.0
43014099999,"AURANGABAD CHIKALTHANA, IN",19.863,75.398,582.0,2024-04-09,2024,88.5,94.6,83.3,55.5,1008.6,5.6,0.0
43014099999,"AURANGABAD CHIKALTHANA, IN",19.863,75.398,582.0,2024-04-15,2024,89.8,98.2,84.0,61.7,1008.0,11.2,0.0
43014099999,"AURANGABAD CHIKALTHANA, IN",19.863,75.398,582.0,2024-04-18,2024,92.2,98.0,85.9,60.5,1006.6,9.3,0.0
43014099999,"AURANGABAD CHIKALTHANA, IN",19.863,75.398,582.0,2024-04-24,2024,93.8,102.2,86.6,58.2,1006.3,8.6,0.0
43014099999,"AURANGABAD CHIKALTHANA, IN",19.863,75.398,582.0,2024-04-28,2024,92.9,98.5,87.3,65.2,1007.9,10.1,0.04
43014099999,"AURANGABAD CHIKALTHANA, IN",19.863,75.398,582.0,2024-05-02,2024,88.8,94.0,82.0,56.2,1009.4,12.0,0.0
43014099999,"AURANGABAD CHIKALTHANA, IN",19.863,75.398,582.0,2024-05-07,2024,92.6,100.2,85.1,59.2,1008.2,8.8,0.0
43014099999,"AURANGABAD CHIKALTHANA, IN",19.863,75.398,582.0,2024-05-12,2024,93.2,98.7,87.3,55.6,1010.1,12.9,0.0
43014099999,"AURANGABAD CHIKALTHANA, IN",19.863,75.398,582.0,2024-05-15,2024,89.6,95.8,81.9,58.6,1007.8,8.7,0.0
43014099999,"AURANGABAD CHIKALTHANA, IN",19.863,75.398,582.0,2024-05-19,2024,90.1,97.4,83.6,55.4,1010.7,10.1,0.0
43014099999,"AURANGABAD CHIKALTHANA, IN",19.863,75.398,582.0,2024-05-24,2024,88.6,94.2,80.7,53.9,1012.2,5.0,0.0
43014099999,"AURANGABAD CHIKALTHANA, IN",19.863,75.398,582.0,2024-05-28,2024,91.9,100.1,84.0,47.4,1006.9,7.8,0.0
43014099999,"AURANGABAD CHIKALTHANA, IN",19.863,75.398,582.0,2024-06-02,2024,86.1,92.9,78.5,53.1,1001.7,6.2,0.0
43014099999,"AURANGABAD CHIKALTHANA, IN",19.863,75.398,582.0,2024-06-07,2024,89.1,96.2,82.7,52.3,1008.1,9.9,0.0
43014099999,"AURANGABAD CHIKALTHANA, IN",19.863,75.398,582.0,2024-06-12,2024,85.7,93.7,77.7,57.2,1007.2,10.5,0.0
43014099999,"AURANGABAD CHIKALTHANA, IN",19.863,75.398,582.0,2024-06-15,2024,91.7,100.1,85.7,62.5,1009.6,10.1,0.0
43014099999,"AURANGABAD CHIKALTHANA, IN",19.863,75.398,582.0,2024-06-21,2024,87.5,93.1,80.5,64.8,1004.9,6.8,0.0
43014099999,"AURANGABAD CHIKALTHANA, IN",19.863,75.398,582.0,2024-06-25,2024,84.9,92.8,77.6,56.6,1012.5,6.3,0.0
43111099999,"SOLAPUR, IN",17.67,75.906,484.0,2024-04-02,2024,96.8,106.2,89.8,58.0,998.7,5.8,0.0
43111099999,"SOLAPUR, IN",17.67,75.906,484.0,2024-04-05,2024,100.7,111.3,87.8,63.7,1005.4,6.7,0.0
43111099999,"SOLAPUR, IN",17.67,75.906,484.0,2024-04-10,2024,97.3,110.7,85.0,55.4,999.1,8.8,0.0
43111099999,"SOLAPUR, IN",17.67,75.906,484.0,2024-04-14,2024,100.1,114.6,87.5,53.5,999.5,4.6,0.0
43111099999,"SOLAPUR, IN",17.67,75.906,484.0,2024-04-18,2024,99.4,114.2,87.1,56.5,1001.4,4.6,0.0
43111099999,"SOLAPUR, IN",17.67,75.906,484.0,2024-04-24,2024,102.8,113.0,94.2,59.3,1002.1,8.6,0.0
43111099999,"SOLAPUR, IN",17.67,75.906,484.0,2024-04-28,2024,102.6,116.2,89.7,53.9,1003.3,7.1,0.0
43111099999,"SOLAPUR, IN",17.67,75.906,484.0,2024-05-03,2024,103.0,113.2,92.5,51.4,1006.0,3.5,0.0
43111099999,"SOLAPUR, IN",17.67,75.906,484.0,2024-05-07,2024,100.4,113.7,90.7,59.4,1006.5,3.5,0.0
43111099999,"SOLAPUR, IN",17.67,75.906,484.0,2024-05-12,2024,105.7,116.3,92.8,59.1,1001.9,8.3,0.0
43111099999,"SOLAPUR, IN",17.67,75.906,484.0,2024-05-16,2024,105.9,117.7,96.2,62.3,1001.1,4.4,0.08
43111099999,"SOLAPUR, IN",17.67,75.906,484.0,2024-05-19,2024,100.9,113.1,89.9,48.5,1003.5,4.3,0.0
43111099999,"SOLAPUR, IN",17.67,75.906,484.0,2024-05-25,2024,102.7,115.8,92.4,64.6,1004.1,8.7,0.37
43111099999,"SOLAPUR, IN",17.67,75.906,484.0,2024-05-28,2024,106.4,118.0,98.6,55.4,1006.4,8.7,0.0
43111099999,"SOLAPUR, IN",17.67,75.906,484.0,2024-06-02,2024,100.7,114.8,93.4,62.8,998.6,7.1,0.0
43111099999,"SOLAPUR, IN",17.67,75.906,484.0,2024-06-06,2024,102.3,111.9,89.9,49.0,1002.2,6.6,0.0
43111099999,"SOLAPUR, IN",17.67,75.906,484.0,2024-06-11,2024,102.1,111.8,93.2,56.3,999.8,5.9,0.0
43111099999,"SOLAPUR, IN",17.67,75.906,484.0,2024-06-15,2024,102.6,117.5,94.4,58.4,1001.5,5.5,0.0
43111099999,"SOLAPUR, IN",17.67,75.906,484.0,2024-06-20,2024,99.4,113.2,88.4,72.1,1006.5,9.2,0.0
43111099999,"SOLAPUR, IN",17.67,75.906,484.0,2024-06-25,2024,101.5,112.6,89.1,61.1,1003.5,5.5,0.0
43226099999,"GOA DABOLIM, IN",15.381,73.831,56.0,2024-04-01,2024,85.9,92.0,79.8,75.9,1007.0,7.5,0.5
43226099999,"GOA DABOLIM, IN",15.381,73.831,56.0,2024-04-06,2024,87.3,91.5,80.6,74.7,1004.0,13.6,0.0
43226099999,"GOA DABOLIM, IN",15.381,73.831,56.0,2024-04-10,2024,91.0,98.4,86.4,79.7,1010.2,9.8,0.0
43226099999,"GOA DABOLIM, IN",15.381,73.831,56.0,2024-04-14,2024,92.1,99.1,86.4,75.2,1004.1,8.9,0.0
43226099999,"GOA DABOLIM, IN",15.381,73.831,56.0,2024-04-18,2024,88.5,93.5,81.6,74.4,1006.2,12.2,0.0
43226099999,"GOA DABOLIM, IN",15.381,73.831,56.0,2024-04-24,2024,91.9,98.2,87.0,75.1,1008.7,13.2,0.0
43226099999,"GOA DABOLIM, IN",15.381,73.831,56.0,2024-04-28,2024,92.0,99.2,87.8,77.6,1010.3,7.0,0.45
43226099999,"GOA DABOLIM, IN",15.381,73.831,56.0,2024-05-02,2024,90.5,95.9,83.6,78.7,1008.0,8.3,0.0
43226099999,"GOA DABOLIM, IN",15.381,73.831,56.0,2024-05-07,2024,92.2,97.1,86.6,79.8,1009.8,13.7,0.0
43226099999,"GOA DABOLIM, IN",15.381,73.831,56.0,2024-05-11,2024,91.2,96.5,86.1,77.2,1008.6,11.3,0.0
43226099999,"GOA DABOLIM, IN",15.381,73.831,56.0,2024-05-16,2024,92.4,96.8,85.8,79.1,1008.6,11.6,0.48
43226099999,"GOA DABOLIM, IN",15.381,73.831,56.0,2024-05-20,2024,96.2,100.3,90.8,73.8,1007.8,6.9,0.0
43226099999,"GOA DABOLIM, IN",15.381,73.831,56.0,2024-05-24,2024,91.2,98.1,86.1,79.1,1004.8,10.7,0.0
43226099999,"GOA DABOLIM, IN",15.381,73.831,56.0,2024-05-29,2024,93.3,100.2,86.5,76.0,1006.5,10.5,0.0
43226099999,"GOA DABOLIM, IN",15.381,73.831,56.0,2024-06-02,2024,89.8,94.1,83.8,76.5,1010.2,8.6,0.0
43226099999,"GOA DABOLIM, IN",15.381,73.831,56.0,2024-06-06,2024,92.2,97.1,85.9,79.2,1011.3,12.5,0.0
43226099999,"GOA DABOLIM, IN",15.381,73.831,56.0,2024-06-12,2024,92.3,99.5,87.7,76.2,1008.9,9.4,0.0
43226099999,"GOA DABOLIM, IN",15.381,73.831,56.0,2024-06-15,2024,90.6,96.7,85.7,76.4,1005.0,10.7,0.0
43226099999,"GOA DABOLIM, IN",15.381,73.831,56.0,2024-06-21,2024,92.7,100.5,86.8,76.7,1008.4,13.7,0.0
43226099999,"GOA DABOLIM, IN",15.381,73.831,56.0,2024-06-24,2024,88.9,93.4,82.2,78.7,1006.5,8.7,0.0
43237099999,"MANGALORE BAJPE, IN",12.961,74.89,102.0,2024-04-02,2024,90.0,95.8,85.8,79.8,1009.6,6.3,0.0
43237099999,"MANGALORE BAJPE, IN",12.961,74.89,102.0,2024-04-05,2024,90.5,95.1,84.0,73.2,1014.0,6.2,0.0
43237099999,"MANGALORE BAJPE, IN",12.961,74.89,102.0,2024-04-09,2024,94.1,98.4,87.1,79.4,1006.5,11.5,0.0
43237099999,"MANGALORE BAJPE, IN",12.961,74.89,102.0,2024-04-14,2024,91.2,95.6,84.6,76.3,1010.5,10.5,0.0
43237099999,"MANGALORE BAJPE, IN",12.961,74.89,102.0,2024-04-19,2024,92.3,97.4,86.4,75.7,1007.1,6.9,0.0
43237099999,"MANGALORE BAJPE, IN",12.961,74.89,102.0,2024-04-24,2024,94.2,99.9,89.2,81.6,1011.1,12.8,0.0
43237099999,"MANGALORE BAJPE, IN",12.961,74.89,102.0,2024-04-27,2024,93.7,99.2,89.5,77.0,1001.5,10.3,0.0
43237099999,"MANGALORE BAJPE, IN",12.961,74.89,102.0,2024-05-03,2024,93.2,98.6,86.9,77.6,1008.3,10.8,0.0
43237099999,"MANGALORE BAJPE, IN",12.961,74.89,102.0,2024-05-06,2024,92.8,98.0,88.7,74.3,1009.1,6.9,0.0
43237099999,"MANGALORE BAJPE, IN",12.961,74.89,102.0,2024-05-11,2024,94.0,101.0,89.0,79.3,1009.9,5.6,0.0
43237099999,"MANGALORE BAJPE, IN",12.961,74.89,102.0,2024-05-16,2024,94.0,101.7,89.2,76.6,1007.9,9.9,0.0
43237099999,"MANGALORE BAJPE, IN",12.961,74.89,102.0,2024-05-19,2024,93.0,98.3,86.8,77.9,1010.0,13.6,1.12
43237099999,"MANGALORE BAJPE, IN",12.961,74.89,102.0,2024-05-25,2024,93.9,100.7,89.0,82.8,1012.4,12.5,0.2
43237099999,"MANGALORE BAJPE, IN",12.961,74.89,102.0,2024-05-29,2024,92.8,99.1,87.8,9999.9,1010.5,5.6,0.0
43237099999,"MANGALORE BAJPE, IN",12.961,74.89,102.0,2024-06-02,2024,91.5,97.2,85.5,75.6,1007.2,8.8,0.0
43237099999,"MANGALORE BAJPE, IN",12.961,74.89,102.0,2024-06-06,2024,91.4,95.6,85.2,79.2,1004.9,9.8,0.0
43237099999,"MANGALORE BAJPE, IN",12.961,74.89,102.0,2024-06-11,2024,89.9,97.7,85.2,78.5,1009.2,8.9,0.0
43237099999,"MANGALORE BAJPE, IN",12.961,74.89,102.0,2024-06-16,2024,92.6,99.8,88.4,75.7,1006.0,9.1,0.84
43237099999,"MANGALORE BAJPE, IN",12.961,74.89,102.0,2024-06-21,2024,90.1,97.2,83.6,78.2,1011.0,8.7,0.0
43237099999,"MANGALORE BAJPE, IN",12.961,74.89,102.0,2024-06-24,2024,87.1,92.1,80.7,77.1,1005.3,5.6,0.0
43245099999,"TIRUPATI, IN",13.633,79.543,107.0,2024-04-01,2024,90.9,97.2,85.1,77.3,1006.1,4.1,0.0
43245099999,"TIRUPATI, IN",13.633,79.543,107.0,2024-04-06,2024,95.8,106.3,90.7,77.1,1004.0,5.0,0.0
43245099999,"TIRUPATI, IN",13.633,79.543,107.0,2024-04-09,2024,94.4,100.5,87.7,80.9,1004.5,3.2,0.0
43245099999,"TIRUPATI, IN",13.633,79.543,107.0,2024-04-14,2024,97.3,103.8,88.9,74.4,1001.3,5.5,0.0
43245099999,"TIRUPATI, IN",13.633,79.543,107.0,2024-04-18,2024,92.2,99.6,87.1,72.6,1007.1,4.9,0.0
43245099999,"TIRUPATI, IN",13.633,79.543,107.0,2024-04-24,2024,98.5,106.4,90.9,77.1,1003.0,3.6,0.0
43245099999,"TIRUPATI, IN",13.633,79.543,107.0,2024-04-27,2024,100.4,107.7,94.2,71.5,1005.4,4.3,0.23
43245099999,"TIRUPATI, IN",13.633,79.543,107.0,2024-05-02,2024,97.5,107.5,91.9,73.8,1007.7,7.4,0.0
43245099999,"TIRUPATI, IN",13.633,79.543,107.0,2024-05-06,2024,96.3,103.4,90.6,70.3,1005.0,5.4,0.0
43245099999,"TIRUPATI, IN",13.633,79.543,107.0,2024-05-11,2024,97.1,104.4,90.0,84.5,1006.4,5.6,0.0
43245099999,"TIRUPATI, IN",13.633,79.543,107.0,2024-05-16,2024,97.1,104.4,89.1,71.2,1001.2,6.8,0.0
43245099999,"TIRUPATI, IN",13.633,79.543,107.0,2024-05-20,2024,95.9,102.7,89.0,74.7,1007.9,4.4,0.0
43245099999,"TIRUPATI, IN",13.633,79.543,107.0,2024-05-25,2024,100.0,110.9,93.4,75.0,1004.4,7.9,0.0
43245099999,"TIRUPATI, IN",13.633,79.543,107.0,2024-05-28,2024,98.2,106.0,92.2,72.8,1008.4,6.8,0.78
43245099999,"TIRUPATI, IN",13.633,79.543,107.0,2024-06-03,2024,96.9,104.0,90.2,74.1,1000.6,6.5,0.0
43245099999,"TIRUPATI, IN",13.633,79.543,107.0,2024-06-07,2024,96.5,107.1,89.9,76.9,1002.9,7.3,0.0
43245099999,"TIRUPATI, IN",13.633,79.543,107.0,2024-06-12,2024,94.9,101.5,87.4,76.7,1002.0,7.6,0.0
43245099999,"TIRUPATI, IN",13.633,79.543,107.0,2024-06-16,2024,98.1,106.5,90.7,72.8,1004.2,4.8,0.0
43245099999,"TIRUPATI, IN",13.633,79.543,107.0,2024-06-21,2024,93.1,103.9,85.1,75.5,1009.9,6.3,0.0
43245099999,"TIRUPATI, IN",13.633,79.543,107.0,2024-06-25,2024,96.4,104.9,89.7,71.8,1007.3,7.0,0.68
42182099999,"NEW DELHI SAFDARJUNG, IN",28.583,77.2,216.0,2025-04-02,2025,96.9,109.1,88.5,66.2,1005.4,7.3,0.0
42182099999,"NEW DELHI SAFDARJUNG, IN",28.583,77.2,216.0,2025-04-06,2025,90.4,104.4,79.4,54.3,1005.8,6.5,0.0
42182099999,"NEW DELHI SAFDARJUNG, IN",28.583,77.2,216.0,2025-04-10,2025,99.9,108.5,91.4,54.2,1001.1,6.5,0.0
42182099999,"NEW DELHI SAFDARJUNG, IN",28.583,77.2,216.0,2025-04-14,2025,94.9,109.5,86.2,58.9,1009.6,7.3,0.0
42182099999,"NEW DELHI SAFDARJUNG, IN",28.583,77.2,216.0,2025-04-18,2025,103.2,113.9,94.6,70.3,1005.6,4.5,0.0
42182099999,"NEW DELHI SAFDARJUNG, IN",28.583,77.2,216.0,2025-04-24,2025,104.8,118.3,95.1,69.2,1004.1,4.3,0.0
42182099999,"NEW DELHI SAFDARJUNG, IN",28.583,77.2,216.0,2025-04-27,2025,101.8,112.5,90.6,64.5,1007.4,5.4,0.0
42182099999,"NEW DELHI SAFDARJUNG, IN",28.583,77.2,216.0,2025-05-02,2025,101.6,114.8,91.0,55.7,1003.4,8.6,0.0
42182099999,"NEW DELHI SAFDARJUNG, IN",28.583,77.2,216.0,2025-05-07,2025,105.6,117.2,94.6,63.3,998.7,10.0,0.0
42182099999,"NEW DELHI SAFDARJUNG, IN",28.583,77.2,216.0,2025-05-12,2025,108.9,120.9,101.4,56.1,1002.2,5.9,0.0
42182099999,"NEW DELHI SAFDARJUNG, IN",28.583,77.2,216.0,2025-05-15,2025,101.1,111.4,90.5,72.8,1003.7,3.2,0.0
42182099999,"NEW DELHI SAFDARJUNG, IN",28.583,77.2,216.0,2025-05-19,2025,101.2,110.0,89.5,63.6,1005.3,4.7,0.0
42182099999,"NEW DELHI SAFDARJUNG, IN",28.583,77.2,216.0,2025-05-24,2025,102.8,112.4,94.2,63.5,1000.5,4.9,0.0
42182099999,"NEW DELHI SAFDARJUNG, IN",28.583,77.2,216.0,2025-05-28,2025,101.7,116.4,93.1,49.2,999.0,8.6,0.0
42182099999,"NEW DELHI SAFDARJUNG, IN",28.583,77.2,216.0,2025-06-02,2025,107.6,120.7,94.9,67.5,1003.2,9.1,0.0
42182099999,"NEW DELHI SAFDARJUNG, IN",28.583,77.2,216.0,2025-06-06,2025,106.7,115.4,99.7,58.5,1002.3,5.0,0.0
42182099999,"NEW DELHI SAFDARJUNG, IN",28.583,77.2,216.0,2025-06-11,2025,101.5,115.4,90.5,58.7,1002.4,9.5,0.0
42182099999,"NEW DELHI SAFDARJUNG, IN",28.583,77.2,216.0,2025-06-16,2025,103.6,117.6,91.1,60.1,1005.1,5.8,0.0
42182099999,"NEW DELHI SAFDARJUNG, IN",28.583,77.2,216.0,2025-06-20,2025,102.5,112.3,94.7,61.2,1000.1,9.7,0.0
42182099999,"NEW DELHI SAFDARJUNG, IN",28.583,77.2,216.0,2025-06-25,2025,94.9,106.7,82.5,60.0,1002.5,10.0,0.0
42181099999,"NEW DELHI PALAM, IN",28.567,77.1,233.0,2025-04-01,2025,97.8,109.2,85.2,59.2,1010.8,7.1,0.0
42181099999,"NEW DELHI PALAM, IN",28.567,77.1,233.0,2025-04-06,2025,94.9,103.6,83.7,49.4,1004.0,3.6,0.0
42181099999,"NEW DELHI PALAM, IN",28.567,77.1,233.0,2025-04-10,2025,98.4,112.9,86.5,60.9,1004.8,10.0,0.0
42181099999,"NEW DELHI PALAM, IN",28.567,77.1,233.0,2025-04-14,2025,103.8,113.9,96.1,51.8,1001.3,8.9,0.0
42181099999,"NEW DELHI PALAM, IN",28.567,77.1,233.0,2025-04-18,2025,102.2,115.6,91.5,63.2,1009.6,9.8,0.0
42181099999,"NEW DELHI PALAM, IN",28.567,77.1,233.0,2025-04-24,2025,104.6,113.9,97.2,59.0,1000.3,6.9,0.0
42181099999,"NEW DELHI PALAM, IN",28.567,77.1,233.0,2025-04-27,2025,100.7,113.4,91.5,56.3,1005.0,8.5,0.0
42181099999,"NEW DELHI PALAM, IN",28.567,77.1,233.0,2025-05-03,2025,103.7,117.9,96.3,52.7,1001.7,4.7,0.0
42181099999,"NEW DELHI PALAM, IN",28.567,77.1,233.0,2025-05-07,2025,105.8,120.5,97.7,61.1,1004.7,3.5,0.0
42181099999,"NEW DELHI PALAM, IN",28.567,77.1,233.0,2025-05-11,2025,104.6,117.9,94.6,67.4,1003.7,5.2,0.07
42181099999,"NEW DELHI PALAM, IN",28.567,77.1,233.0,2025-05-16,2025,102.5,114.6,91.9,54.7,1003.7,7.3,0.0
42181099999,"NEW DELHI PALAM, IN",28.567,77.1,233.0,2025-05-20,2025,96.7,108.3,83.8,58.4,1002.4,7.2,0.0
42181099999,"NEW DELHI PALAM, IN",28.567,77.1,233.0,2025-05-25,2025,99.5,110.5,90.4,54.7,1005.4,7.6,0.0
42181099999,"NEW DELHI PALAM, IN",28.567,77.1,233.0,2025-05-28,2025,103.7,117.7,95.6,59.8,1003.9,7.5,0.08
42181099999,"NEW DELHI PALAM, IN",28.567,77.1,233.0,2025-06-03,2025,102.7,110.9,93.4,65.5,1003.4,3.1,0.04
42181099999,"NEW DELHI PALAM, IN",28.567,77.1,233.0,2025-06-06,2025,98.0,111.8,90.9,67.5,1004.1,8.7,0.0
42181099999,"NEW DELHI PALAM, IN",28.567,77.1,233.0,2025-06-11,2025,99.6,113.2,89.6,9999.9,1004.2,8.4,0.0
42181099999,"NEW DELHI PALAM, IN",28.567,77.1,233.0,2025-06-16,2025,100.1,111.0,89.5,67.2,1002.0,7.7,0.0
42181099999,"NEW DELHI PALAM, IN",28.567,77.1,233.0,2025-06-20,2025,97.3,105.4,87.9,63.8,1005.8,4.3,0.0
42181099999,"NEW DELHI PALAM, IN",28.567,77.1,233.0,2025-06-24,2025,99.3,108.9,89.0,62.7,1002.9,4.3,0.0
42339099999,"JAIPUR SANGANER, IN",26.824,75.812,390.0,2025-04-01,2025,96.2,106.9,87.4,58.5,1005.3,11.1,0.0
42339099999,"JAIPUR SANGANER, IN",26.824,75.812,390.0,2025-04-06,2025,96.0,106.1,84.9,59.4,999.3,7.3,0.0
42339099999,"JAIPUR SANGANER, IN",26.824,75.812,390.0,2025-04-09,2025,102.0,114.8,90.2,45.6,1002.7,8.1,0.0
42339099999,"JAIPUR SANGANER, IN",26.824,75.812,390.0,2025-04-14,2025,97.5,110.9,90.4,52.6,1006.0,14.3,0.0
42339099999,"JAIPUR SANGANER, IN",26.824,75.812,390.0,2025-04-19,2025,95.6,106.5,88.4,54.5,1002.8,12.6,0.0
42339099999,"JAIPUR SANGANER, IN",26.824,75.812,390.0,2025-04-23,2025,99.5,106.6,91.0,53.0,1004.2,11.2,0.0
42339099999,"JAIPUR SANGANER, IN",26.824,75.812,390.0,2025-04-28,2025,97.9,111.0,90.2,51.0,1004.6,12.6,0.0
42339099999,"JAIPUR SANGANER, IN",26.824,75.812,390.0,2025-05-03,2025,102.0,114.6,93.6,50.6,1002.3,13.8,0.0
42339099999,"JAIPUR SANGANER, IN",26.824,75.812,390.0,2025-05-06,2025,101.4,108.5,93.3,53.2,1005.7,8.4,0.0
42339099999,"JAIPUR SANGANER, IN",26.824,75.812,390.0,2025-05-11,2025,97.8,108.0,87.8,45.3,1002.9,6.2,0.0
42339099999,"JAIPUR SANGANER, IN",26.824,75.812,390.0,2025-05-16,2025,98.2,106.9,86.6,52.9,1002.7,7.4,0.0
42339099999,"JAIPUR SANGANER, IN",26.824,75.812,390.0,2025-05-20,2025,101.9,115.6,90.3,52.0,1004.3,12.8,0.0
42339099999,"JAIPUR SANGANER, IN",26.824,75.812,390.0,2025-05-25,2025,100.3,108.6,88.8,54.2,1004.0,5.0,0.0
42339099999,"JAIPUR SANGANER, IN",26.824,75.812,390.0,2025-05-29,2025,100.9,110.4,93.2,9999.9,1006.8,11.1,0.0
42339099999,"JAIPUR SANGANER, IN",26.824,75.812,390.0,2025-06-03,2025,98.6,108.6,90.4,47.4,1004.4,9.5,0.0
42339099999,"JAIPUR SANGANER, IN",26.824,75.812,390.0,2025-06-06,2025,96.8,106.9,89.4,56.3,1008.4,7.2,0.0
42339099999,"JAIPUR SANGANER, IN",26.824,75.812,390.0,2025-06-11,2025,96.4,105.9,86.2,54.8,1000.5,10.1,0.0
42339099999,"JAIPUR SANGANER, IN",26.824,75.812,390.0,2025-06-16,2025,98.8,107.9,90.3,49.3,1002.8,12.7,0.0
42339099999,"JAIPUR SANGANER, IN",26.824,75.812,390.0,2025-06-20,2025,94.4,105.1,84.0,56.6,1006.0,7.4,0.0
42339099999,"JAIPUR SANGANER, IN",26.824,75.812,390.0,2025-06-24,2025,96.6,105.5,87.3,49.4,1007.2,6.3,0.0
42348099999,"JODHPUR, IN",26.251,73.048,224.0,2025-04-01,2025,97.7,108.3,87.7,38.7,1003.1,8.6,0.0
42348099999,"JODHPUR, IN",26.251,73.048,224.0,2025-04-06,2025,97.7,110.3,87.5,51.3,1001.0,5.6,0.0
42348099999,"JODHPUR, IN",26.251,73.048,224.0,2025-04-09,2025,102.6,115.8,90.8,52.9,999.0,7.4,0.0
42348099999,"JODHPUR, IN",26.251,73.048,224.0,2025-04-15,2025,100.6,113.8,87.1,47.0,1005.8,5.4,0.0
42348099999,"JODHPUR, IN",26.251,73.048,224.0,2025-04-19,2025,101.0,112.2,87.6,44.9,1003.2,10.9,0.0
42348099999,"JODHPUR, IN",26.251,73.048,224.0,2025-04-23,2025,101.8,114.6,88.8,47.9,998.1,4.3,0.0
42348099999,"JODHPUR, IN",26.251,73.048,224.0,2025-04-27,2025,109.3,120.1,99.8,41.9,1001.2,5.8,0.0
42348099999,"JODHPUR, IN",26.251,73.048,224.0,2025-05-02,2025,104.2,115.3,90.2,55.0,998.7,12.2,0.0
42348099999,"JODHPUR, IN",26.251,73.048,224.0,2025-05-06,2025,109.5,121.5,99.7,9999.9,1003.0,11.8,0.0
42348099999,"JODHPUR, IN",26.251,73.048,224.0,2025-05-11,2025,102.3,111.2,92.9,49.6,1000.2,6.4,0.0
42348099999,"JODHPUR, IN",26.251,73.048,224.0,2025-05-15,2025,108.0,116.0,96.1,43.4,1001.7,5.8,0.0
42348099999,"JODHPUR, IN",26.251,73.048,224.0,2025-05-20,2025,103.4,114.4,91.1,43.3,1003.9,6.8,0.0
42348099999,"JODHPUR, IN",26.251,73.048,224.0,2025-05-25,2025,105.9,114.0,95.2,52.1,9999.9,14.0,0.0
42348099999,"JODHPUR, IN",26.251,73.048,224.0,2025-05-29,2025,107.0,120.8,93.1,57.3,1000.9,5.4,0.0
42348099999,"JODHPUR, IN",26.251,73.048,224.0,2025-06-02,2025,108.7,119.0,98.4,46.2,998.6,8.4,0.0
42348099999,"JODHPUR, IN",26.251,73.048,224.0,2025-06-07,2025,102.6,118.2,92.5,51.5,999.9,10.8,0.0
42348099999,"JODHPUR, IN",26.251,73.048,224.0,2025-06-12,2025,101.2,112.6,90.7,49.7,1002.0,8.3,0.0
42348099999,"JODHPUR, IN",26.251,73.048,224.0,2025-06-16,2025,103.5,112.1,95.4,48.3,1003.2,9.8,0.0
42348099999,"JODHPUR, IN",26.251,73.048,224.0,2025-06-20,2025,100.3,111.6,91.9,48.2,999.7,11.2,0.0
42348099999,"JODHPUR, IN",26.251,73.048,224.0,2025-06-25,2025,103.7,116.7,91.7,44.8,1004.8,8.4,0.0
42369099999,"BIKANER, IN",28.07,73.35,242.0,2025-04-01,2025,99.0,108.1,89.8,48.1,1000.8,8.9,0.0
42369099999,"BIKANER, IN",28.07,73.35,242.0,2025-04-06,2025,98.0,111.1,87.8,40.3,999.4,6.2,0.0
42369099999,"BIKANER, IN",28.07,73.35,242.0,2025-04-09,2025,100.2,108.4,92.1,48.1,1004.5,11.5,0.0
42369099999,"BIKANER, IN",28.07,73.35,242.0,2025-04-14,2025,100.8,115.8,88.6,43.8,998.4,4.7,0.0
42369099999,"BIKANER, IN",28.07,73.35,242.0,2025-04-19,2025,103.9,114.9,94.6,52.8,1005.2,13.7,0.0
42369099999,"BIKANER, IN",28.07,73.35,242.0,2025-04-23,2025,105.0,119.4,94.0,49.9,1006.2,7.4,0.0
42369099999,"BIKANER, IN",28.07,73.35,242.0,2025-04-27,2025,104.6,112.9,96.0,49.9,1001.2,6.7,0.0
42369099999,"BIKANER, IN",28.07,73.35,242.0,2025-05-03,2025,100.9,112.1,91.8,44.6,1002.0,8.5,0.0
42369099999,"BIKANER, IN",28.07,73.35,242.0,2025-05-06,2025,104.7,116.6,90.7,55.0,1002.2,7.2,0.0
42369099999,"BIKANER, IN",28.07,73.35,242.0,2025-05-12,2025,107.7,121.1,97.9,45.6,1001.2,11.5,0.0
42369099999,"BIKANER, IN",28.07,73.35,242.0,2025-05-16,2025,101.5,114.2,92.6,44.3,1003.3,6.8,0.0
42369099999,"BIKANER, IN",28.07,73.35,242.0,2025-05-20,2025,104.8,116.1,96.0,51.1,1002.5,4.1,0.0
42369099999,"BIKANER, IN",28.07,73.35,242.0,2025-05-25,2025,103.7,118.6,94.9,55.9,1001.8,10.7,0.0
42369099999,"BIKANER, IN",28.07,73.35,242.0,2025-05-29,2025,107.2,116.7,93.6,45.7,1003.8,11.4,0.0
42369099999,"BIKANER, IN",28.07,73.35,242.0,2025-06-03,2025,106.2,121.1,97.7,48.1,996.1,9.8,0.0
42369099999,"BIKANER, IN",28.07,73.35,242.0,2025-06-06,2025,103.5,112.7,94.4,52.2,1003.3,12.9,0.0
42369099999,"BIKANER, IN",28.07,73.35,242.0,2025-06-11,2025,103.9,114.2,93.9,40.4,1000.2,8.9,0.0
42369099999,"BIKANER, IN",28.07,73.35,242.0,2025-06-16,2025,103.1,116.7,94.8,48.9,1005.0,4.2,0.0
42369099999,"BIKANER, IN",28.07,73.35,242.0,2025-06-20,2025,101.0,115.2,91.9,48.9,1002.0,10.5,0.0
42369099999,"BIKANER, IN",28.07,73.35,242.0,2025-06-25,2025,98.0,108.6,85.7,38.3,1003.1,7.9,0.0
42379099999,"CHURU, IN",28.29,74.97,286.0,2025-04-01,2025,100.0,113.4,86.9,44.8,9999.9,11.8,0.0
42379099999,"CHURU, IN",28.29,74.97,286.0,2025-04-05,2025,101.9,117.0,89.0,46.2,1003.4,4.3,0.0
42379099999,"CHURU, IN",28.29,74.97,286.0,2025-04-10,2025,105.9,117.9,96.3,38.7,1000.3,7.9,0.0
42379099999,"CHURU, IN",28.29,74.97,286.0,2025-04-14,2025,101.4,112.8,90.7,53.1,997.9,9.8,0.12
42379099999,"CHURU, IN",28.29,74.97,286.0,2025-04-19,2025,107.5,119.5,95.1,9999.9,1001.8,4.9,0.0
42379099999,"CHURU, IN",28.29,74.97,286.0,2025-04-24,2025,102.9,118.0,89.6,45.6,1004.6,10.0,0.15
42379099999,"CHURU, IN",28.29,74.97,286.0,2025-04-27,2025,101.1,110.0,91.9,48.7,1001.0,6.6,0.0
42379099999,"CHURU, IN",28.29,74.97,286.0,2025-05-03,2025,102.4,110.8,90.5,57.6,1003.0,12.9,0.03
42379099999,"CHURU, IN",28.29,74.97,286.0,2025-05-06,2025,106.1,118.4,97.8,51.9,998.4,13.5,0.0
42379099999,"CHURU, IN",28.29,74.97,286.0,2025-05-12,2025,109.2,119.2,100.8,37.3,1000.1,6.8,0.0
42379099999,"CHURU, IN",28.29,74.97,286.0,2025-05-16,2025,103.7,112.3,94.4,49.6,1002.5,7.3,0.0
42379099999,"CHURU, IN",28.29,74.97,286.0,2025-05-20,2025,104.4,114.9,94.5,47.3,999.6,9.1,0.0
42379099999,"CHURU, IN",28.29,74.97,286.0,2025-05-25,2025,100.8,111.9,90.2,50.2,1003.7,8.9,0.0
42379099999,"CHURU, IN",28.29,74.97,286.0,2025-05-28,2025,108.4,117.6,97.6,44.1,1003.7,13.1,0.0
42379099999,"CHURU, IN",28.29,74.97,286.0,2025-06-02,2025,103.2,115.1,94.6,52.1,1004.6,4.9,0.0
42379099999,"CHURU, IN",28.29,74.97,286.0,2025-06-07,2025,103.9,112.8,92.5,45.9,1004.4,8.7,0.0
42379099999,"CHURU, IN",28.29,74.97,286.0,2025-06-11,2025,104.4,117.8,95.5,44.6,998.7,4.7,0.0
42379099999,"CHURU, IN",28.29,74.97,286.0,2025-06-15,2025,101.5,112.5,92.0,53.4,1004.9,10.4,0.0
42379099999,"CHURU, IN",28.29,74.97,286.0,2025-06-21,2025,98.4,108.4,84.7,42.6,1005.2,13.9,0.0
42379099999,"CHURU, IN",28.29,74.97,286.0,2025-06-24,2025,97.9,109.0,85.9,49.3,1000.5,4.9,0.0
42475099999,"AGRA KHERIA, IN",27.156,77.961,169.0,2025-04-02,2025,102.3,114.1,93.7,55.4,1006.4,6.0,0.0
42475099999,"AGRA KHERIA, IN",27.156,77.961,169.0,2025-04-05,2025,99.0,107.0,87.2,60.6,997.1,5.4,0.0
42475099999,"AGRA KHERIA, IN",27.156,77.961,169.0,2025-04-10,2025,93.3,105.4,81.4,58.2,1003.7,4.6,0.0
42475099999,"AGRA KHERIA, IN",27.156,77.961,169.0,2025-04-14,2025,97.1,107.3,84.8,53.9,1004.7,5.6,0.0
42475099999,"AGRA KHERIA, IN",27.156,77.961,169.0,2025-04-19,2025,102.7,116.4,90.1,58.6,1005.3,3.1,0.0
42475099999,"AGRA KHERIA, IN",27.156,77.961,169.0,2025-04-23,2025,98.5,111.0,86.9,57.5,1007.9,4.6,0.0
42475099999,"AGRA KHERIA, IN",27.156,77.961,169.0,2025-04-28,2025,102.6,113.8,91.2,59.9,1009.9,8.3,0.0
42475099999,"AGRA KHERIA, IN",27.156,77.961,169.0,2025-05-03,2025,99.1,111.6,86.5,63.3,1008.0,4.4,0.0
42475099999,"AGRA KHERIA, IN",27.156,77.961,169.0,2025-05-06,2025,102.3,110.7,94.5,63.6,1000.1,9.0,0.0
42475099999,"AGRA KHERIA, IN",27.156,77.961,169.0,2025-05-11,2025,101.6,112.0,90.6,61.2,1005.4,8.9,0.0
42475099999,"AGRA KHERIA, IN",27.156,77.961,169.0,2025-05-16,2025,106.7,121.3,95.7,67.1,1002.8,7.1,0.0
42475099999,"AGRA KHERIA, IN",27.156,77.961,169.0,2025-05-20,2025,106.9,117.7,97.2,57.6,1005.7,5.1,0.0
42475099999,"AGRA KHERIA, IN",27.156,77.961,169.0,2025-05-24,2025,103.9,114.0,95.4,61.5,1004.3,3.1,0.0
42475099999,"AGRA KHERIA, IN",27.156,77.961,169.0,2025-05-28,2025,98.6,113.5,89.3,53.7,1003.3,8.0,0.0
42475099999,"AGRA KHERIA, IN",27.156,77.961,169.0,2025-06-02,2025,97.8,111.7,87.4,63.5,1005.6,8.3,0.0
42475099999,"AGRA KHERIA, IN",27.156,77.961,169.0,2025-06-07,2025,102.8,114.2,94.4,53.7,1007.1,3.4,0.0
42475099999,"AGRA KHERIA, IN",27.156,77.961,169.0,2025-06-12,2025,106.8,115.1,95.6,60.0,1004.5,999.9,0.0
42475099999,"AGRA KHERIA, IN",27.156,77.961,169.0,2025-06-15,2025,101.2,110.1,92.1,62.0,1002.6,7.0,0.0
42475099999,"AGRA KHERIA, IN",27.156,77.961,169.0,2025-06-21,2025,99.4,113.4,86.8,63.8,1010.0,4.4,0.0
42475099999,"AGRA KHERIA, IN",27.156,77.961,169.0,2025-06-24,2025,94.9,107.1,87.3,58.8,999.5,7.0,0.0
42492099999,"GWALIOR, IN",26.294,78.258,188.0,2025-04-02,2025,102.3,117.2,92.9,56.4,998.7,5.0,0.0
42492099999,"GWALIOR, IN",26.294,78.258,188.0,2025-04-06,2025,100.4,113.3,88.5,68.0,1005.0,5.9,0.0
42492099999,"GWALIOR, IN",26.294,78.258,188.0,2025-04-10,2025,100.0,109.9,87.7,61.3,1007.2,999.9,0.0
42492099999,"GWALIOR, IN",26.294,78.258,188.0,2025-04-14,2025,97.8,110.6,86.4,58.7,1001.6,7.6,0.17
42492099999,"GWALIOR, IN",26.294,78.258,188.0,2025-04-18,2025,97.7,107.9,87.1,57.7,1006.3,6.9,0.0
42492099999,"GWALIOR, IN",26.294,78.258,188.0,2025-04-24,2025,103.5,118.2,95.3,62.5,1003.4,3.4,0.0
42492099999,"GWALIOR, IN",26.294,78.258,188.0,2025-04-28,2025,103.9,117.8,91.5,55.3,1002.1,5.7,0.0
42492099999,"GWALIOR, IN",26.294,78.258,188.0,2025-05-02,2025,103.4,111.8,96.2,60.7,1004.0,3.4,0.0
42492099999,"GWALIOR, IN",26.294,78.258,188.0,2025-05-06,2025,102.9,115.9,91.0,57.4,1012.5,5.2,0.0
42492099999,"GWALIOR, IN",26.294,78.258,188.0,2025-05-11,2025,106.0,116.4,93.3,61.4,1002.3,3.5,0.0
42492099999,"GWALIOR, IN",26.294,78.258,188.0,2025-05-15,2025,102.3,114.7,94.0,58.6,1003.9,9.5,0.0
42492099999,"GWALIOR, IN",26.294,78.258,188.0,2025-05-20,2025,98.3,109.0,88.1,51.5,1001.1,7.5,0.0
42492099999,"GWALIOR, IN",26.294,78.258,188.0,2025-05-25,2025,103.9,115.5,94.8,58.1,1007.4,9.9,0.0
42492099999,"GWALIOR, IN",26.294,78.258,188.0,2025-05-29,2025,98.8,112.2,86.8,55.5,1007.6,9.1,0.0
42492099999,"GWALIOR, IN",26.294,78.258,188.0,2025-06-02,2025,102.9,111.2,93.8,63.7,1009.2,6.8,0.0
42492099999,"GWALIOR, IN",26.294,78.258,188.0,2025-06-07,2025,100.0,111.5,91.8,58.8,1002.2,6.1,0.0
42492099999,"GWALIOR, IN",26.294,78.258,188.0,2025-06-11,2025,95.8,109.1,88.0,57.7,1005.6,6.0,0.0
42492099999,"GWALIOR, IN",26.294,78.258,188.0,2025-06-15,2025,102.1,115.4,94.5,62.4,1001.9,8.7,0.0
42492099999,"GWALIOR, IN",26.294,78.258,188.0,2025-06-21,2025,97.6,111.7,89.9,65.6,1001.5,6.7,0.0
42492099999,"GWALIOR, IN",26.294,78.258,188.0,2025-06-25,2025,99.5,107.6,88.1,60.1,1007.4,5.8,0.0
42515099999,"LUCKNOW AMAUSI, IN",26.761,80.883,128.0,2025-04-01,2025,96.7,104.7,89.0,63.1,1001.0,6.4,0.0
42515099999,"LUCKNOW AMAUSI, IN",26.761,80.883,128.0,2025-04-06,2025,96.7,106.9,90.3,68.0,1002.9,6.1,0.0
42515099999,"LUCKNOW AMAUSI, IN",26.761,80.883,128.0,2025-04-09,2025,98.1,107.4,89.8,69.0,1004.1,5.1,0.0
42515099999,"LUCKNOW AMAUSI, IN",26.761,80.883,128.0,2025-04-15,2025,98.4,107.8,91.8,66.8,1007.9,5.6,0.0
42515099999,"LUCKNOW AMAUSI, IN",26.761,80.883,128.0,2025-04-18,2025,95.4,106.9,87.9,70.9,1007.6,8.3,0.06
42515099999,"LUCKNOW AMAUSI, IN",26.761,80.883,128.0,2025-04-23,2025,94.7,105.6,88.3,66.9,1006.9,9.7,0.0
42515099999,"LUCKNOW AMAUSI, IN",26.761,80.883,128.0,2025-04-27,2025,100.7,110.6,90.9,67.6,1002.2,5.8,0.0
42515099999,"LUCKNOW AMAUSI, IN",26.761,80.883,128.0,2025-05-02,2025,100.7,111.9,93.4,73.0,9999.9,6.3,0.4
42515099999,"LUCKNOW AMAUSI, IN",26.761,80.883,128.0,2025-05-07,2025,96.2,104.6,87.4,69.2,1005.6,4.7,0.0
42515099999,"LUCKNOW AMAUSI, IN",26.761,80.883,128.0,2025-05-12,2025,98.4,110.4,89.9,71.0,1002.2,7.7,0.0
42515099999,"LUCKNOW AMAUSI, IN",26.761,80.883,128.0,2025-05-15,2025,94.4,103.1,88.4,66.6,1004.2,7.7,0.0
42515099999,"LUCKNOW AMAUSI, IN",26.761,80.883,128.0,2025-05-19,2025,98.5,107.5,89.9,63.7,999.5,5.7,0.0
42515099999,"LUCKNOW AMAUSI, IN",26.761,80.883,128.0,2025-05-24,2025,97.8,108.9,89.3,71.9,1007.1,3.6,0.0
42515099999,"LUCKNOW AMAUSI, IN",26.761,80.883,128.0,2025-05-28,2025,101.3,108.4,94.8,65.0,1001.1,5.2,0.0
42515099999,"LUCKNOW AMAUSI, IN",26.761,80.883,128.0,2025-06-03,2025,99.3,108.2,91.5,70.8,1005.0,8.7,0.0
42515099999,"LUCKNOW AMAUSI, IN",26.761,80.883,128.0,2025-06-06,2025,93.5,104.5,84.5,64.8,1003.9,5.5,0.0
42515099999,"LUCKNOW AMAUSI, IN",26.761,80.883,128.0,2025-06-12,2025,98.3,106.6,89.4,71.4,1004.4,7.0,0.0
42515099999,"LUCKNOW AMAUSI, IN",26.761,80.883,128.0,2025-06-16,2025,97.4,105.5,90.1,68.6,1005.7,3.9,0.0
42515099999,"LUCKNOW AMAUSI, IN",26.761,80.883,128.0,2025-06-21,2025,96.7,105.4,87.2,68.6,1003.3,4.8,0.0
42515099999,"LUCKNOW AMAUSI, IN",26.761,80.883,128.0,2025-06-24,2025,95.7,106.0,86.0,70.2,1004.7,7.8,0.0
42591099999,"VARANASI BABATPUR, IN",25.452,82.859,81.0,2025-04-01,2025,95.4,104.6,87.9,73.7,1004.7,5.4,0.0
42591099999,"VARANASI BABATPUR, IN",25.452,82.859,81.0,2025-04-06,2025,94.0,102.8,86.1,71.8,1000.6,9.5,0.0
42591099999,"VARANASI BABATPUR, IN",25.452,82.859,81.0,2025-04-10,2025,93.6,104.5,85.2,69.6,1005.3,4.9,0.0
42591099999,"VARANASI BABATPUR, IN",25.452,82.859,81.0,2025-04-15,2025,94.0,106.0,85.2,66.8,1002.5,9.1,0.05
42591099999,"VARANASI BABATPUR, IN",25.452,82.859,81.0,2025-04-19,2025,96.2,108.1,90.0,72.1,1005.8,999.9,0.0
42591099999,"VARANASI BABATPUR, IN",25.452,82.859,81.0,2025-04-24,2025,97.8,105.8,91.1,66.1,1000.6,9.9,0.0
42591099999,"VARANASI BABATPUR, IN",25.452,82.859,81.0,2025-04-27,2025,101.3,112.8,93.3,70.7,1002.2,4.4,0.0
42591099999,"VARANASI BABATPUR, IN",25.452,82.859,81.0,2025-05-02,2025,100.2,108.4,90.5,68.0,1003.3,3.9,0.35
42591099999,"VARANASI BABATPUR, IN",25.452,82.859,81.0,2025-05-06,2025,99.8,108.3,92.4,65.3,1003.1,7.8,0.0
42591099999,"VARANASI BABATPUR, IN",25.452,82.859,81.0,2025-05-11,2025,99.3,107.0,91.4,66.3,1005.7,5.2,0.0
42591099999,"VARANASI BABATPUR, IN",25.452,82.859,81.0,2025-05-16,2025,103.2,113.3,93.9,65.3,999.8,5.6,0.44
42591099999,"VARANASI BABATPUR, IN",25.452,82.859,81.0,2025-05-20,2025,94.7,104.5,87.6,67.7,1002.3,9.1,0.0
42591099999,"VARANASI BABATPUR, IN",25.452,82.859,81.0,2025-05-25,2025,99.3,110.5,91.8,68.8,1000.0,4.7,0.0
42591099999,"VARANASI BABATPUR, IN",25.452,82.859,81.0,2025-05-28,2025,94.7,104.4,86.5,69.5,1004.3,7.9,0.0
42591099999,"VARANASI BABATPUR, IN",25.452,82.859,81.0,2025-06-03,2025,97.3,109.2,88.1,61.7,1005.2,8.9,0.0
42591099999,"VARANASI BABATPUR, IN",25.452,82.859,81.0,2025-06-07,2025,100.6,109.4,93.2,69.4,1001.9,8.4,0.0
42591099999,"VARANASI BABATPUR, IN",25.452,82.859,81.0,2025-06-11,2025,97.5,106.8,89.3,62.8,1006.6,4.2,0.0
42591099999,"VARANASI BABATPUR, IN",25.452,82.859,81.0,2025-06-15,2025,97.0,108.3,88.4,61.2,1003.2,8.9,0.0
42591099999,"VARANASI BABATPUR, IN",25.452,82.859,81.0,2025-06-20,2025,97.2,108.0,90.1,67.0,1003.3,4.2,0.0
42591099999,"VARANASI BABATPUR, IN",25.452,82.859,81.0,2025-06-25,2025,92.7,101.6,86.6,70.6,1002.4,7.5,0.36
42410099999,"PATNA AIRPORT, IN",25.591,85.088,52.0,2025-04-01,2025,89.9,101.5,81.5,66.8,1006.5,9.7,0.0
42410099999,"PATNA AIRPORT, IN",25.591,85.088,52.0,2025-04-06,2025,94.5,105.1,85.2,75.3,1005.1,7.0,0.0
42410099999,"PATNA AIRPORT, IN",25.591,85.088,52.0,2025-04-10,2025,96.7,104.9,87.5,67.8,1003.8,9.7,0.0
42410099999,"PATNA AIRPORT, IN",25.591,85.088,52.0,2025-04-14,2025,96.0,104.5,88.6,67.1,1005.3,9.6,0.0
42410099999,"PATNA AIRPORT, IN",25.591,85.088,52.0,2025-04-18,2025,95.1,104.1,87.6,64.0,1001.2,9.1,0.0
42410099999,"PATNA AIRPORT, IN",25.591,85.088,52.0,2025-04-24,2025,102.3,110.0,94.9,70.4,1004.8,5.9,0.0
42410099999,"PATNA AIRPORT, IN",25.591,85.088,52.0,2025-04-28,2025,95.9,104.4,89.8,70.8,1003.7,5.4,0.0
42410099999,"PATNA AIRPORT, IN",25.591,85.088,52.0,2025-05-03,2025,99.1,107.4,89.6,64.4,1004.4,5.9,0.0
42410099999,"PATNA AIRPORT, IN",25.591,85.088,52.0,2025-05-06,2025,97.9,108.2,89.6,65.2,1005.8,6.6,0.0
42410099999,"PATNA AIRPORT, IN",25.591,85.088,52.0,2025-05-11,2025,95.6,107.4,85.9,70.6,1005.7,7.4,0.0
42410099999,"PATNA AIRPORT, IN",25.591,85.088,52.0,2025-05-16,2025,97.2,105.2,90.5,65.0,1003.4,4.2,0.0
42410099999,"PATNA AIRPORT, IN",25.591,85.088,52.0,2025-05-20,2025,99.7,107.8,91.2,67.7,1005.1,4.5,0.0
42410099999,"PATNA AIRPORT, IN",25.591,85.088,52.0,2025-05-25,2025,102.8,112.0,94.0,66.3,999.7,6.3,0.0
42410099999,"PATNA AIRPORT, IN",25.591,85.088,52.0,2025-05-29,2025,100.5,109.9,92.7,75.0,1005.0,5.4,0.0
42410099999,"PATNA AIRPORT, IN",25.591,85.088,52.0,2025-06-02,2025,95.9,103.2,88.8,67.8,1001.2,3.8,0.0
42410099999,"PATNA AIRPORT, IN",25.591,85.088,52.0,2025-06-06,2025,99.4,109.2,91.1,62.9,1003.2,3.7,0.0
42410099999,"PATNA AIRPORT, IN",25.591,85.088,52.0,2025-06-11,2025,95.2,105.1,87.1,68.8,1003.1,6.4,0.0
42410099999,"PATNA AIRPORT, IN",25.591,85.088,52.0,2025-06-15,2025,97.2,105.6,88.5,68.4,1001.5,6.5,0.0
42410099999,"PATNA AIRPORT, IN",25.591,85.088,52.0,2025-06-20,2025,97.5,108.5,89.4,68.1,1001.5,4.1,0.18
42410099999,"PATNA AIRPORT, IN",25.591,85.088,52.0,2025-06-24,2025,100.5,111.8,93.2,70.2,1003.6,5.1,0.0
42731099999,"KOLKATA DUM DUM, IN",22.655,88.447,6.0,2025-04-01,2025,93.1,97.5,87.5,82.9,1007.7,9.9,0.0
42731099999,"KOLKATA DUM DUM, IN",22.655,88.447,6.0,2025-04-05,2025,91.6,98.3,87.4,75.9,1007.7,11.8,0.0
42731099999,"KOLKATA DUM DUM, IN",22.655,88.447,6.0,2025-04-10,2025,91.1,98.4,86.4,78.8,1008.7,10.1,0.0
42731099999,"KOLKATA DUM DUM, IN",22.655,88.447,6.0,2025-04-14,2025,92.8,99.7,87.0,78.9,1005.6,9.2,0.0
42731099999,"KOLKATA DUM DUM, IN",22.655,88.447,6.0,2025-04-18,2025,90.4,94.6,86.4,77.0,1007.4,6.2,0.0
42731099999,"KOLKATA DUM DUM, IN",22.655,88.447,6.0,2025-04-23,2025,94.4,100.2,89.1,75.4,1007.3,7.4,0.0
42731099999,"KOLKATA DUM DUM, IN",22.655,88.447,6.0,2025-04-28,2025,94.5,98.9,89.8,77.6,1008.9,5.1,0.0
42731099999,"KOLKATA DUM DUM, IN",22.655,88.447,6.0,2025-05-02,2025,92.7,99.2,86.3,79.0,1007.5,7.7,0.0
42731099999,"KOLKATA DUM DUM, IN",22.655,88.447,6.0,2025-05-07,2025,94.4,99.7,89.2,74.5,1007.3,6.0,0.57
42731099999,"KOLKATA DUM DUM, IN",22.655,88.447,6.0,2025-05-11,2025,93.8,100.5,87.8,79.7,1011.0,9.5,0.0
42731099999,"KOLKATA DUM DUM, IN",22.655,88.447,6.0,2025-05-15,2025,92.6,97.1,87.4,82.0,1006.7,12.5,0.0
42731099999,"KOLKATA DUM DUM, IN",22.655,88.447,6.0,2025-05-20,2025,95.7,101.6,90.3,80.4,1006.2,6.8,0.0
42731099999,"KOLKATA DUM DUM, IN",22.655,88.447,6.0,2025-05-24,2025,93.7,98.4,89.3,78.2,1009.3,11.2,0.0
42731099999,"KOLKATA DUM DUM, IN",22.655,88.447,6.0,2025-05-28,2025,92.7,97.9,86.3,77.6,9999.9,13.0,0.57
42731099999,"KOLKATA DUM DUM, IN",22.655,88.447,6.0,2025-06-02,2025,92.7,96.9,87.3,80.4,1007.5,12.0,0.0
42731099999,"KOLKATA DUM DUM, IN",22.655,88.447,6.0,2025-06-07,2025,95.5,101.6,91.2,76.6,1006.8,8.6,0.0
42731099999,"KOLKATA DUM DUM, IN",22.655,88.447,6.0,2025-06-12,2025,94.9,99.0,90.2,77.2,1011.2,7.8,0.0
42731099999,"KOLKATA DUM DUM, IN",22.655,88.447,6.0,2025-06-15,2025,93.6,98.4,87.9,78.0,1004.4,12.0,0.0
42731099999,"KOLKATA DUM DUM, IN",22.655,88.447,6.0,2025-06-20,2025,91.5,97.1,86.8,78.6,1010.3,12.6,0.0
42731099999,"KOLKATA DUM DUM, IN",22.655,88.447,6.0,2025-06-24,2025,94.0,100.7,89.5,76.6,1009.6,13.4,0.0
42971099999,"BHUBANESWAR, IN",20.244,85.818,46.0,2025-04-02,2025,92.1,96.3,85.8,81.0,1009.0,11.2,0.0
42971099999,"BHUBANESWAR, IN",20.244,85.818,46.0,2025-04-05,2025,87.5,92.6,83.1,78.0,1005.7,6.7,0.23
42971099999,"BHUBANESWAR, IN",20.244,85.818,46.0,2025-04-09,2025,91.0,98.4,85.5,80.8,1008.6,11.1,0.0
42971099999,"BHUBANESWAR, IN",20.244,85.818,46.0,2025-04-15,2025,93.9,101.3,88.5,79.2,1005.4,7.6,0.0
42971099999,"BHUBANESWAR, IN",20.244,85.818,46.0,2025-04-18,2025,87.6,92.0,83.2,78.7,1007.6,7.5,0.0
42971099999,"BHUBANESWAR, IN",20.244,85.818,46.0,2025-04-23,2025,90.7,96.9,85.1,74.1,1006.5,5.9,0.0
42971099999,"BHUBANESWAR, IN",20.244,85.818,46.0,2025-04-28,2025,92.4,98.1,87.7,80.0,1008.4,13.9,0.2
42971099999,"BHUBANESWAR, IN",20.244,85.818,46.0,2025-05-03,2025,95.9,101.7,91.4,75.8,1009.8,12.8,0.0
42971099999,"BHUBANESWAR, IN",20.244,85.818,46.0,2025-05-07,2025,93.3,100.9,87.7,80.1,1007.1,5.8,0.0
42971099999,"BHUBANESWAR, IN",20.244,85.818,46.0,2025-05-11,2025,95.2,100.8,88.3,79.1,1006.6,6.5,0.94
42971099999,"BHUBANESWAR, IN",20.244,85.818,46.0,2025-05-16,2025,93.3,98.7,86.9,77.7,1009.0,11.3,0.34
42971099999,"BHUBANESWAR, IN",20.244,85.818,46.0,2025-05-19,2025,91.2,95.5,85.3,78.3,1008.8,9.7,0.0
42971099999,"BHUBANESWAR, IN",20.244,85.818,46.0,2025-05-24,2025,93.3,98.2,87.2,81.7,1009.5,10.4,0.0
42971099999,"BHUBANESWAR, IN",20.244,85.818,46.0,2025-05-29,2025,93.0,99.8,86.3,78.9,1008.6,12.4,0.0
42971099999,"BHUBANESWAR, IN",20.244,85.818,46.0,2025-06-02,2025,93.6,98.2,87.0,73.8,1007.4,14.0,0.8
42971099999,"BHUBANESWAR, IN",20.244,85.818,46.0,2025-06-07,2025,89.9,94.3,83.4,81.5,1007.9,5.6,0.0
42971099999,"BHUBANESWAR, IN",20.244,85.818,46.0,2025-06-11,2025,91.9,98.4,85.4,80.6,1008.8,13.1,0.0
42971099999,"BHUBANESWAR, IN",20.244,85.818,46.0,2025-06-15,2025,89.9,97.2,82.9,78.2,1007.3,11.4,0.0
42971099999,"BHUBANESWAR, IN",20.244,85.818,46.0,2025-06-21,2025,88.3,93.7,84.0,76.6,1007.6,6.9,0.0
42971099999,"BHUBANESWAR, IN",20.244,85.818,46.0,2025-06-24,2025,91.0,98.1,85.1,74.6,1010.3,5.1,0.0
42647099999,"AHMEDABAD AIRPORT, IN",23.073,72.635,55.0,2025-04-02,2025,94.5,104.4,87.0,75.1,1005.8,6.9,0.0
42647099999,"AHMEDABAD AIRPORT, IN",23.073,72.635,55.0,2025-04-06,2025,93.7,100.4,87.6,76.3,1004.3,7.4,0.0
42647099999,"AHMEDABAD AIRPORT, IN",23.073,72.635,55.0,2025-04-09,2025,93.8,102.1,86.3,76.7,1008.0,8.4,0.0
42647099999,"AHMEDABAD AIRPORT, IN",23.073,72.635,55.0,2025-04-14,2025,97.7,104.0,91.9,77.7,1004.0,8.8,0.0
42647099999,"AHMEDABAD AIRPORT, IN",23.073,72.635,55.0,2025-04-18,2025,93.5,100.1,85.9,79.4,1009.1,7.2,0.0
42647099999,"AHMEDABAD AIRPORT, IN",23.073,72.635,55.0,2025-04-23,2025,100.3,109.5,92.4,73.9,1002.7,8.7,0.54
42647099999,"AHMEDABAD AIRPORT, IN",23.073,72.635,55.0,2025-04-27,2025,95.4,103.5,86.8,69.9,1004.8,4.1,0.0
42647099999,"AHMEDABAD AIRPORT, IN",23.073,72.635,55.0,2025-05-02,2025,101.1,110.4,94.9,74.5,1005.6,4.6,0.0
42647099999,"AHMEDABAD AIRPORT, IN",23.073,72.635,55.0,2025-05-06,2025,100.9,107.7,94.8,9999.9,1009.1,7.9,0.0
42647099999,"AHMEDABAD AIRPORT, IN",23.073,72.635,55.0,2025-05-12,2025,102.3,111.8,93.5,74.6,1003.8,3.7,0.0
42647099999,"AHMEDABAD AIRPORT, IN",23.073,72.635,55.0,2025-05-16,2025,99.7,105.8,91.5,73.9,1002.7,4.7,0.0
42647099999,"AHMEDABAD AIRPORT, IN",23.073,72.635,55.0,2025-05-19,2025,100.9,111.4,94.0,78.6,1005.3,4.9,0.0
42647099999,"AHMEDABAD AIRPORT, IN",23.073,72.635,55.0,2025-05-24,2025,95.7,104.2,87.4,71.3,1005.2,5.3,0.77
42647099999,"AHMEDABAD AIRPORT, IN",23.073,72.635,55.0,2025-05-29,2025,97.0,104.6,90.9,73.9,1007.0,7.5,0.0
42647099999,"AHMEDABAD AIRPORT, IN",23.073,72.635,55.0,2025-06-03,2025,99.1,107.0,92.6,79.1,1003.0,6.5,0.0
42647099999,"AHMEDABAD AIRPORT, IN",23.073,72.635,55.0,2025-06-07,2025,96.6,103.8,89.5,77.2,1005.9,3.6,0.0
42647099999,"AHMEDABAD AIRPORT, IN",23.073,72.635,55.0,2025-06-11,2025,100.0,109.0,94.9,76.2,1008.7,6.7,0.0
42647099999,"AHMEDABAD AIRPORT, IN",23.073,72.635,55.0,2025-06-15,2025,97.6,105.0,91.0,78.1,1004.4,7.0,0.0
42647099999,"AHMEDABAD AIRPORT, IN",23.073,72.635,55.0,2025-06-21,2025,95.8,105.2,88.6,77.7,1008.2,4.4,0.0
42647099999,"AHMEDABAD AIRPORT, IN",23.073,72.635,55.0,2025-06-25,2025,96.7,104.9,89.3,74.7,1007.8,7.4,0.0
42671099999,"RAJKOT, IN",22.309,70.78,138.0,2025-04-02,2025,90.3,99.0,80.5,46.9,1005.4,8.8,0.0
42671099999,"RAJKOT, IN",22.309,70.78,138.0,2025-04-06,2025,96.4,104.8,85.3,56.0,1004.1,5.2,0.0
42671099999,"RAJKOT, IN",22.309,70.78,138.0,2025-04-10,2025,98.4,109.7,87.0,49.6,1005.1,14.2,0.0
42671099999,"RAJKOT, IN",22.309,70.78,138.0,2025-04-15,2025,100.2,109.2,92.2,58.8,1008.0,11.0,0.0
42671099999,"RAJKOT, IN",22.309,70.78,138.0,2025-04-18,2025,98.7,111.3,89.1,54.5,1001.0,5.0,0.0
42671099999,"RAJKOT, IN",22.309,70.78,138.0,2025-04-24,2025,97.5,106.0,89.1,52.4,1006.1,7.8,0.0
42671099999,"RAJKOT, IN",22.309,70.78,138.0,2025-04-28,2025,97.7,107.7,87.8,56.9,1004.0,11.1,0.0
42671099999,"RAJKOT, IN",22.309,70.78,138.0,2025-05-02,2025,99.1,112.2,87.8,54.4,1003.2,9.3,0.21
42671099999,"RAJKOT, IN",22.309,70.78,138.0,2025-05-06,2025,98.8,111.3,90.5,45.6,1003.5,14.5,0.0
42671099999,"RAJKOT, IN",22.309,70.78,138.0,2025-05-12,2025,98.9,108.8,88.2,51.0,1004.8,5.0,0.0
42671099999,"RAJKOT, IN",22.309,70.78,138.0,2025-05-15,2025,101.7,111.4,91.4,54.3,1006.0,7.6,0.0
42671099999,"RAJKOT, IN",22.309,70.78,138.0,2025-05-20,2025,101.5,112.8,91.3,52.0,1003.1,9.3,0.0
42671099999,"RAJKOT, IN",22.309,70.78,138.0,2025-05-25,2025,100.7,113.0,93.6,55.9,1006.8,8.4,0.0
42671099999,"RAJKOT, IN",22.309,70.78,138.0,2025-05-29,2025,102.6,112.0,95.4,50.9,1003.8,13.2,0.0
42671099999,"RAJKOT, IN",22.309,70.78,138.0,2025-06-02,2025,101.0,111.3,90.5,58.1,1005.9,10.9,0.0
42671099999,"RAJKOT, IN",22.309,70.78,138.0,2025-06-06,2025,98.8,108.1,86.9,47.7,1002.0,11.8,0.0
42671099999,"RAJKOT, IN",22.309,70.78,138.0,2025-06-11,2025,99.1,111.3,87.7,54.8,1001.8,8.0,0.0
42671099999,"RAJKOT, IN",22.309,70.78,138.0,2025-06-16,2025,97.8,108.8,87.0,56.1,1001.7,9.1,0.0
42671099999,"RAJKOT, IN",22.309,70.78,138.0,2025-06-21,2025,99.8,108.3,89.2,51.6,1006.5,5.8,0.0
42671099999,"RAJKOT, IN",22.309,70.78,138.0,2025-06-25,2025,95.0,106.3,87.6,9999.9,1003.1,13.1,0.0
42821099999,"SURAT, IN",21.114,72.742,16.0,2025-04-02,2025,90.5,95.1,83.9,77.4,1007.6,11.4,0.0
42821099999,"SURAT, IN",21.114,72.742,16.0,2025-04-05,2025,91.6,97.1,86.3,77.9,1007.9,5.5,0.56
42821099999,"SURAT, IN",21.114,72.742,16.0,2025-04-10,2025,88.4,94.0,82.0,79.3,1007.8,8.4,0.0
42821099999,"SURAT, IN",21.114,72.742,16.0,2025-04-14,2025,94.7,99.5,89.6,76.0,1004.4,11.1,0.89
42821099999,"SURAT, IN",21.114,72.742,16.0,2025-04-18,2025,93.2,100.8,88.3,79.2,1006.0,12.8,0.0
42821099999,"SURAT, IN",21.114,72.742,16.0,2025-04-23,2025,89.7,95.3,82.9,82.2,1010.8,9.0,0.0
42821099999,"SURAT, IN",21.114,72.742,16.0,2025-04-28,2025,88.3,95.6,83.5,77.2,1011.3,9.5,0.0
42821099999,"SURAT, IN",21.114,72.742,16.0,2025-05-02,2025,92.1,99.9,85.6,77.1,1007.4,11.4,0.49
42821099999,"SURAT, IN",21.114,72.742,16.0,2025-05-06,2025,91.1,99.0,84.8,74.1,1010.1,9.3,0.0
42821099999,"SURAT, IN",21.114,72.742,16.0,2025-05-11,2025,89.9,94.0,83.3,79.0,1009.8,8.8,0.0
42821099999,"SURAT, IN",21.114,72.742,16.0,2025-05-15,2025,90.7,95.0,84.4,76.0,1010.4,11.9,0.0
42821099999,"SURAT, IN",21.114,72.742,16.0,2025-05-19,2025,94.2,100.8,90.1,76.8,1010.4,12.7,0.0
42821099999,"SURAT, IN",21.114,72.742,16.0,2025-05-24,2025,95.4,100.3,90.5,79.0,1006.2,7.4,0.0
42821099999,"SURAT, IN",21.114,72.742,16.0,2025-05-29,2025,92.3,97.7,87.3,79.1,1007.6,6.6,0.84
42821099999,"SURAT, IN",21.114,72.742,16.0,2025-06-02,2025,94.5,102.0,90.4,74.5,1005.0,9.2,0.0
42821099999,"SURAT, IN",21.114,72.742,16.0,2025-06-06,2025,92.9,100.2,87.2,77.1,1006.7,11.8,0.0
42821099999,"SURAT, IN",21.114,72.742,16.0,2025-06-12,2025,89.0,96.3,82.0,78.4,1007.9,5.8,1.08
42821099999,"SURAT, IN",21.114,72.742,16.0,2025-06-16,2025,93.0,98.7,88.8,78.5,1007.7,11.6,0.0
42821099999,"SURAT, IN",21.114,72.742,16.0,2025-06-21,2025,93.6,99.6,87.5,75.1,1009.1,7.5,0.0
42821099999,"SURAT, IN",21.114,72.742,16.0,2025-06-25,2025,88.1,94.3,83.6,76.2,1005.6,10.5,0.0
43003099999,"MUMBAI SANTA CRUZ, IN",19.118,72.863,14.0,2025-04-02,2025,92.1,96.2,86.2,78.2,1008.0,999.9,0.0
43003099999,"MUMBAI SANTA CRUZ, IN",19.118,72.863,14.0,2025-04-05,2025,89.0,95.3,84.4,77.6,1006.5,8.8,0.0
43003099999,"MUMBAI SANTA CRUZ, IN",19.118,72.863,14.0,2025-04-09,2025,92.0,98.5,86.8,75.9,1010.7,13.2,0.16
43003099999,"MUMBAI SANTA CRUZ, IN",19.118,72.863,14.0,2025-04-15,2025,88.9,93.0,83.4,76.3,1011.4,9.1,0.0
43003099999,"MUMBAI SANTA CRUZ, IN",19.118,72.863,14.0,2025-04-19,2025,91.4,96.1,86.0,9999.9,1008.4,12.8,0.0
43003099999,"MUMBAI SANTA CRUZ, IN",19.118,72.863,14.0,2025-04-23,2025,91.6,95.7,84.9,76.3,1005.8,12.9,0.89
43003099999,"MUMBAI SANTA CRUZ, IN",19.118,72.863,14.0,2025-04-28,2025,97.8,105.7,92.2,77.7,1004.1,11.7,0.0
43003099999,"MUMBAI SANTA CRUZ, IN",19.118,72.863,14.0,2025-05-03,2025,95.7,101.6,91.4,79.9,1006.5,5.8,0.5
43003099999,"MUMBAI SANTA CRUZ, IN",19.118,72.863,14.0,2025-05-07,2025,91.5,96.3,84.8,80.0,1007.5,13.7,0.0
43003099999,"MUMBAI SANTA CRUZ, IN",19.118,72.863,14.0,2025-05-12,2025,89.8,96.4,83.7,82.8,1007.1,9.4,0.0
43003099999,"MUMBAI SANTA CRUZ, IN",19.118,72.863,14.0,2025-05-16,2025,96.0,102.8,90.0,81.5,1006.0,13.8,0.0
43003099999,"MUMBAI SANTA CRUZ, IN",19.118,72.863,14.0,2025-05-20,2025,95.1,102.4,88.6,76.7,1004.3,13.8,0.61
43003099999,"MUMBAI SANTA CRUZ, IN",19.118,72.863,14.0,2025-05-24,2025,92.4,98.8,87.5,79.3,1007.1,11.9,0.0
43003099999,"MUMBAI SANTA CRUZ, IN",19.118,72.863,14.0,2025-05-28,2025,92.5,100.5,85.6,81.2,1008.2,5.6,0.0
43003099999,"MUMBAI SANTA CRUZ, IN",19.118,72.863,14.0,2025-06-02,2025,91.3,96.6,86.8,80.1,1008.4,11.2,0.0
43003099999,"MUMBAI SANTA CRUZ, IN",19.118,72.863,14.0,2025-06-06,2025,88.1,95.4,81.9,79.4,1008.8,5.9,0.45
43003099999,"MUMBAI SANTA CRUZ, IN",19.118,72.863,14.0,2025-06-11,2025,92.3,97.5,87.1,80.6,1006.7,6.8,1.07
43003099999,"MUMBAI SANTA CRUZ, IN",19.118,72.863,14.0,2025-06-15,2025,92.6,97.8,88.4,9999.9,1008.8,5.5,0.0
43003099999,"MUMBAI SANTA CRUZ, IN",19.118,72.863,14.0,2025-06-20,2025,95.0,102.6,89.2,75.9,1006.5,13.0,0.0
43003099999,"MUMBAI SANTA CRUZ, IN",19.118,72.863,14.0,2025-06-25,2025,89.8,95.6,83.6,78.7,1005.9,11.4,0.0
43057099999,"PUNE LOHEGAON, IN",18.582,73.919,560.0,2025-04-01,2025,88.4,96.6,81.2,60.7,1009.1,6.5,0.0
43057099999,"PUNE LOHEGAON, IN",18.582,73.919,560.0,2025-04-06,2025,84.6,90.9,79.4,61.3,1009.9,7.5,0.25
43057099999,"PUNE LOHEGAON, IN",18.582,73.919,560.0,2025-04-09,2025,90.1,98.8,82.8,58.8,1008.4,12.9,0.0
43057099999,"PUNE LOHEGAON, IN",18.582,73.919,560.0,2025-04-14,2025,91.0,96.6,85.2,65.0,1006.1,11.4,0.0
43057099999,"PUNE LOHEGAON, IN",18.582,73.919,560.0,2025-04-18,2025,91.4,97.0,86.2,57.0,1007.7,11.5,0.0
43057099999,"PUNE LOHEGAON, IN",18.582,73.919,560.0,2025-04-24,2025,86.7,95.5,81.6,56.2,1006.0,6.5,0.0
43057099999,"PUNE LOHEGAON, IN",18.582,73.919,560.0,2025-04-27,2025,89.0,94.1,82.3,52.9,1007.1,6.1,0.0
43057099999,"PUNE LOHEGAON, IN",18.582,73.919,560.0,2025-05-03,2025,89.5,95.0,84.1,57.7,1004.8,10.0,0.1
43057099999,"PUNE LOHEGAON, IN",18.582,73.919,560.0,2025-05-07,2025,87.6,96.2,81.8,58.7,1006.4,7.7,0.0
43057099999,"PUNE LOHEGAON, IN",18.582,73.919,560.0,2025-05-11,2025,92.7,98.3,86.7,58.2,1009.2,7.4,0.0
43057099999,"PUNE LOHEGAON, IN",18.582,73.919,560.0,2025-05-15,2025,93.4,101.2,88.0,56.1,1006.9,10.1,0.0
43057099999,"PUNE LOHEGAON, IN",18.582,73.919,560.0,2025-05-19,2025,92.3,98.0,84.5,59.3,1007.6,6.5,0.32
43057099999,"PUNE LOHEGAON, IN",18.582,73.919,560.0,2025-05-25,2025,93.2,101.0,86.4,56.5,1008.1,7.7,0.0
43057099999,"PUNE LOHEGAON, IN",18.582,73.919,560.0,2025-05-29,2025,90.3,97.1,82.5,53.6,1008.2,7.1,0.36
43057099999,"PUNE LOHEGAON, IN",18.582,73.919,560.0,2025-06-02,2025,92.9,98.8,86.2,59.1,1008.1,9.2,0.0
43057099999,"PUNE LOHEGAON, IN",18.582,73.919,560.0,2025-06-06,2025,89.5,94.8,83.3,58.6,1009.5,12.7,0.0
43057099999,"PUNE LOHEGAON, IN",18.582,73.919,560.0,2025-06-11,2025,90.7,99.2,82.7,56.0,9999.9,11.4,0.0
43057099999,"PUNE LOHEGAON, IN",18.582,73.919,560.0,2025-06-16,2025,90.0,97.6,83.6,53.3,1008.3,12.1,0.0
43057099999,"PUNE LOHEGAON, IN",18.582,73.919,560.0,2025-06-21,2025,84.2,89.7,77.0,59.2,1009.3,7.1,0.0
43057099999,"PUNE LOHEGAON, IN",18.582,73.919,560.0,2025-06-24,2025,89.7,97.0,81.9,55.7,1008.6,9.6,0.0
42867099999,"NAGPUR SONEGAON, IN",21.092,79.059,310.0,2025-04-01,2025,101.6,116.3,93.2,66.4,1002.9,6.1,0.0
42867099999,"NAGPUR SONEGAON, IN",21.092,79.059,310.0,2025-04-06,2025,99.0,110.4,88.2,64.9,998.5,8.7,0.0
42867099999,"NAGPUR SONEGAON, IN",21.092,79.059,310.0,2025-04-09,2025,98.3,112.0,89.8,66.0,1005.9,6.6,0.0
42867099999,"NAGPUR SONEGAON, IN",21.092,79.059,310.0,2025-04-15,2025,101.5,112.1,90.5,51.8,1002.9,7.2,0.0
42867099999,"NAGPUR SONEGAON, IN",21.092,79.059,310.0,2025-04-18,2025,99.3,113.4,91.4,61.0,1000.6,9.3,0.0
42867099999,"NAGPUR SONEGAON, IN",21.092,79.059,310.0,2025-04-23,2025,98.9,108.0,89.7,49.0,1006.7,3.3,0.0
42867099999,"NAGPUR SONEGAON, IN",21.092,79.059,310.0,2025-04-28,2025,101.3,112.7,91.9,60.1,1003.0,6.5,0.38
42867099999,"NAGPUR SONEGAON, IN",21.092,79.059,310.0,2025-05-03,2025,100.0,113.1,89.6,53.0,1000.0,8.8,0.0
42867099999,"NAGPUR SONEGAON, IN",21.092,79.059,310.0,2025-05-06,2025,101.2,115.8,92.3,61.1,1000.6,5.4,0.0
42867099999,"NAGPUR SONEGAON, IN",21.092,79.059,310.0,2025-05-12,2025,108.4,118.4,97.2,64.4,1005.4,9.8,0.28
42867099999,"NAGPUR SONEGAON, IN",21.092,79.059,310.0,2025-05-15,2025,103.3,114.3,94.3,66.9,1002.3,3.8,0.0
42867099999,"NAGPUR SONEGAON, IN",21.092,79.059,310.0,2025-05-20,2025,103.5,113.8,94.8,60.1,1005.1,5.8,0.0
42867099999,"NAGPUR SONEGAON, IN",21.092,79.059,310.0,2025-05-25,2025,105.1,119.3,94.4,56.9,1001.4,6.1,0.0
42867099999,"NAGPUR SONEGAON, IN",21.092,79.059,310.0,2025-05-28,2025,104.9,116.8,96.6,62.9,1001.8,8.2,0.0
42867099999,"NAGPUR SONEGAON, IN",21.092,79.059,310.0,2025-06-02,2025,98.1,106.7,86.7,58.3,1004.9,7.0,0.0
42867099999,"NAGPUR SONEGAON, IN",21.092,79.059,310.0,2025-06-07,2025,107.0,120.3,95.2,53.3,1001.7,4.5,0.0
42867099999,"NAGPUR SONEGAON, IN",21.092,79.059,310.0,2025-06-11,2025,100.2,112.2,90.1,66.1,1002.9,4.8,0.0
42867099999,"NAGPUR SONEGAON, IN",21.092,79.059,310.0,2025-06-15,2025,98.1,108.0,86.3,9999.9,1001.8,4.4,0.0
42867099999,"NAGPUR SONEGAON, IN",21.092,79.059,310.0,2025-06-20,2025,96.2,107.3,87.8,54.8,1008.2,8.6,0.0
42867099999,"NAGPUR SONEGAON, IN",21.092,79.059,310.0,2025-06-25,2025,99.7,110.0,91.1,59.8,1002.3,9.2,0.0
42809099999,"CHANDRAPUR, IN",19.95,79.3,193.0,2025-04-02,2025,98.6,110.0,90.0,60.7,1003.9,8.2,0.0
42809099999,"CHANDRAPUR, IN",19.95,79.3,193.0,2025-04-06,2025,99.0,112.2,89.6,63.6,1003.1,7.9,0.0
42809099999,"CHANDRAPUR, IN",19.95,79.3,193.0,2025-04-09,2025,96.5,109.5,84.6,56.2,997.1,5.4,0.0
42809099999,"CHANDRAPUR, IN",19.95,79.3,193.0,2025-04-15,2025,106.1,119.3,98.1,63.6,1000.5,3.6,0.0
42809099999,"CHANDRAPUR, IN",19.95,79.3,193.0,2025-04-18,2025,100.2,112.1,88.0,56.1,1007.6,7.7,0.0
42809099999,"CHANDRAPUR, IN",19.95,79.3,193.0,2025-04-23,2025,97.8,108.5,88.3,59.9,1002.7,4.5,0.0
42809099999,"CHANDRAPUR, IN",19.95,79.3,193.0,2025-04-28,2025,104.8,112.8,94.4,58.8,997.7,8.4,0.2
42809099999,"CHANDRAPUR, IN",19.95,79.3,193.0,2025-05-02,2025,102.2,114.4,94.8,54.4,1003.2,6.4,0.0
42809099999,"CHANDRAPUR, IN",19.95,79.3,193.0,2025-05-06,2025,107.3,120.8,96.6,50.6,1000.6,4.2,0.0
42809099999,"CHANDRAPUR, IN",19.95,79.3,193.0,2025-05-11,2025,102.0,113.6,90.9,57.4,1005.2,4.7,0.0
42809099999,"CHANDRAPUR, IN",19.95,79.3,193.0,2025-05-16,2025,103.1,114.2,93.8,61.4,1001.1,5.2,0.0
42809099999,"CHANDRAPUR, IN",19.95,79.3,193.0,2025-05-20,2025,104.2,116.7,92.9,63.2,1000.8,7.5,0.0
42809099999,"CHANDRAPUR, IN",19.95,79.3,193.0,2025-05-25,2025,105.5,114.2,93.3,59.6,9999.9,8.6,0.0
42809099999,"CHANDRAPUR, IN",19.95,79.3,193.0,2025-05-28,2025,102.5,113.9,89.8,61.2,1002.9,7.9,0.0
42809099999,"CHANDRAPUR, IN",19.95,79.3,193.0,2025-06-03,2025,102.2,111.1,94.9,60.6,1004.6,3.3,0.0
42809099999,"CHANDRAPUR, IN",19.95,79.3,193.0,2025-06-06,2025,98.6,111.9,87.9,66.5,997.4,4.8,0.0
42809099999,"CHANDRAPUR, IN",19.95,79.3,193.0,2025-06-12,2025,99.2,108.1,90.1,58.8,1004.2,5.6,0.0
42809099999,"CHANDRAPUR, IN",19.95,79.3,193.0,2025-06-16,2025,104.8,117.4,93.4,50.0,1001.5,6.4,0.22
42809099999,"CHANDRAPUR, IN",19.95,79.3,193.0,2025-06-21,2025,93.5,102.6,81.3,59.5,1003.8,6.8,0.0
42809099999,"CHANDRAPUR, IN",19.95,79.3,193.0,2025-06-25,2025,103.1,114.5,92.5,59.9,1006.1,8.8,0.0
42863099999,"AKOLA, IN",20.699,77.058,282.0,2025-04-01,2025,99.2,112.7,86.8,57.1,998.8,8.4,0.0
42863099999,"AKOLA, IN",20.699,77.058,282.0,2025-04-05,2025,99.2,108.7,87.8,51.8,1006.9,8.5,0.0
42863099999,"AKOLA, IN",20.699,77.058,282.0,2025-04-10,2025,99.0,109.8,88.4,65.3,1001.6,9.8,0.0
42863099999,"AKOLA, IN",20.699,77.058,282.0,2025-04-15,2025,101.2,114.2,89.3,60.3,1002.9,7.9,0.0
42863099999,"AKOLA, IN",20.699,77.058,282.0,2025-04-19,2025,99.9,114.9,89.8,61.3,1000.2,4.5,0.0
42863099999,"AKOLA, IN",20.699,77.058,282.0,2025-04-24,2025,98.5,106.7,87.9,65.5,1005.2,5.7,0.19
42863099999,"AKOLA, IN",20.699,77.058,282.0,2025-04-27,2025,102.5,113.6,95.3,67.6,1002.2,5.7,0.0
42863099999,"AKOLA, IN",20.699,77.058,282.0,2025-05-03,2025,106.7,119.6,98.6,60.2,999.9,6.7,0.0
42863099999,"AKOLA, IN",20.699,77.058,282.0,2025-05-07,2025,108.5,120.5,96.8,64.3,1002.6,7.7,0.0
42863099999,"AKOLA, IN",20.699,77.058,282.0,2025-05-11,2025,105.5,116.0,97.4,57.3,1005.5,6.0,0.0
42863099999,"AKOLA, IN",20.699,77.058,282.0,2025-05-16,2025,96.9,105.2,89.6,54.2,1005.9,3.9,0.0
42863099999,"AKOLA, IN",20.699,77.058,282.0,2025-05-19,2025,102.9,116.5,90.9,60.3,999.0,8.3,0.0
42863099999,"AKOLA, IN",20.699,77.058,282.0,2025-05-25,2025,108.5,117.6,97.7,65.3,1002.4,9.8,0.0
42863099999,"AKOLA, IN",20.699,77.058,282.0,2025-05-29,2025,101.9,114.8,90.5,64.4,1008.9,5.9,0.0
42863099999,"AKOLA, IN",20.699,77.058,282.0,2025-06-02,2025,105.2,114.6,93.6,70.2,1000.2,9.8,0.0
42863099999,"AKOLA, IN",20.699,77.058,282.0,2025-06-06,2025,99.8,113.4,88.1,53.4,1004.3,6.1,0.0
42863099999,"AKOLA, IN",20.699,77.058,282.0,2025-06-11,2025,101.8,116.6,92.7,58.5,1005.4,9.6,0.0
42863099999,"AKOLA, IN",20.699,77.058,282.0,2025-06-16,2025,103.9,116.8,92.1,51.7,1001.2,4.0,0.0
42863099999,"AKOLA, IN",20.699,77.058,282.0,2025-06-20,2025,101.9,110.6,94.2,57.0,1000.6,3.9,0.0
42863099999,"AKOLA, IN",20.699,77.058,282.0,2025-06-24,2025,101.7,112.0,93.7,52.9,1002.1,5.6,0.0
42754099999,"INDORE, IN",22.722,75.801,564.0,2025-04-01,2025,88.3,96.6,80.8,55.0,1009.6,11.9,0.0
42754099999,"INDORE, IN",22.722,75.801,564.0,2025-04-06,2025,87.0,93.5,80.9,62.9,1007.7,6.7,0.0
42754099999,"INDORE, IN",22.722,75.801,564.0,2025-04-09,2025,89.8,96.9,82.4,60.3,1006.7,10.5,0.0
42754099999,"INDORE, IN",22.722,75.801,564.0,2025-04-15,2025,84.9,93.6,79.3,58.7,1008.1,12.7,0.0
42754099999,"INDORE, IN",22.722,75.801,564.0,2025-04-18,2025,90.4,98.1,84.7,56.4,1007.1,11.7,0.0
42754099999,"INDORE, IN",22.722,75.801,564.0,2025-04-24,2025,93.8,102.2,86.0,51.4,1009.5,7.1,0.0
42754099999,"INDORE, IN",22.722,75.801,564.0,2025-04-27,2025,88.8,94.6,82.8,56.0,1007.4,12.8,0.0
42754099999,"INDORE, IN",22.722,75.801,564.0,2025-05-03,2025,88.7,93.7,83.7,59.6,1010.8,8.9,0.0
42754099999,"INDORE, IN",22.722,75.801,564.0,2025-05-06,2025,91.4,100.3,84.4,57.7,1006.0,8.9,0.0
42754099999,"INDORE, IN",22.722,75.801,564.0,2025-05-12,2025,91.6,96.6,85.3,65.9,1007.2,8.9,0.0
42754099999,"INDORE, IN",22.722,75.801,564.0,2025-05-15,2025,89.8,95.0,83.2,55.1,1007.0,11.8,0.0
42754099999,"INDORE, IN",22.722,75.801,564.0,2025-05-19,2025,85.1,90.3,77.4,58.9,1006.3,10.4,0.0
42754099999,"INDORE, IN",22.722,75.801,564.0,2025-05-25,2025,87.2,94.1,81.9,60.3,1005.8,9.9,0.0
42754099999,"INDORE, IN",22.722,75.801,564.0,2025-05-28,2025,89.7,96.2,81.9,63.2,1005.2,11.4,0.0
42754099999,"INDORE, IN",22.722,75.801,564.0,2025-06-02,2025,87.0,92.9,81.6,58.4,1010.3,11.5,0.0
42754099999,"INDORE, IN",22.722,75.801,564.0,2025-06-06,2025,86.7,93.9,79.5,58.9,1009.2,8.0,0.0
42754099999,"INDORE, IN",22.722,75.801,564.0,2025-06-12,2025,85.2,92.1,80.2,60.5,1009.8,7.2,0.0
42754099999,"INDORE, IN",22.722,75.801,564.0,2025-06-16,2025,88.4,96.3,81.0,62.3,1010.3,7.7,0.0
42754099999,"INDORE, IN",22.722,75.801,564.0,2025-06-20,2025,88.8,96.0,82.3,9999.9,1006.1,7.9,0.0
42754099999,"INDORE, IN",22.722,75.801,564.0,2025-06-24,2025,88.1,93.9,80.2,59.6,1007.4,9.4,0.0
42777099999,"BHOPAL BAIRAGARH, IN",23.287,77.337,524.0,2025-04-01,2025,83.2,88.2,77.1,62.4,1008.4,6.9,0.0
42777099999,"BHOPAL BAIRAGARH, IN",23.287,77.337,524.0,2025-04-06,2025,87.4,93.9,81.7,60.7,1011.0,10.5,0.0
42777099999,"BHOPAL BAIRAGARH, IN",23.287,77.337,524.0,2025-04-09,2025,82.8,91.5,75.5,59.0,1005.1,6.2,0.0
42777099999,"BHOPAL BAIRAGARH, IN",23.287,77.337,524.0,2025-04-15,2025,90.0,97.3,85.0,57.8,1009.3,6.8,0.0
42777099999,"BHOPAL BAIRAGARH, IN",23.287,77.337,524.0,2025-04-19,2025,88.4,93.7,81.9,49.8,1007.1,5.2,0.18
42777099999,"BHOPAL BAIRAGARH, IN",23.287,77.337,524.0,2025-04-23,2025,90.5,96.0,82.8,61.4,1005.7,10.6,0.06
42777099999,"BHOPAL BAIRAGARH, IN",23.287,77.337,524.0,2025-04-28,2025,92.1,97.9,85.7,54.7,1008.7,9.5,0.0
42777099999,"BHOPAL BAIRAGARH, IN",23.287,77.337,524.0,2025-05-03,2025,89.3,97.7,83.0,58.0,1009.8,5.5,0.0
42777099999,"BHOPAL BAIRAGARH, IN",23.287,77.337,524.0,2025-05-07,2025,88.0,95.7,81.0,54.6,1008.4,6.9,0.31
42777099999,"BHOPAL BAIRAGARH, IN",23.287,77.337,524.0,2025-05-12,2025,95.4,102.7,89.1,53.8,1012.1,11.6,0.0
42777099999,"BHOPAL BAIRAGARH, IN",23.287,77.337,524.0,2025-05-16,2025,94.6,103.6,88.6,56.9,1007.4,11.2,0.0
42777099999,"BHOPAL BAIRAGARH, IN",23.287,77.337,524.0,2025-05-20,2025,89.2,97.0,81.2,57.0,1005.2,10.8,0.0
42777099999,"BHOPAL BAIRAGARH, IN",23.287,77.337,524.0,2025-05-24,2025,90.3,98.8,82.8,63.3,1006.8,6.3,0.25
42777099999,"BHOPAL BAIRAGARH, IN",23.287,77.337,524.0,2025-05-29,2025,89.8,98.0,83.6,50.5,1008.7,5.9,0.0
42777099999,"BHOPAL BAIRAGARH, IN",23.287,77.337,524.0,2025-06-03,2025,90.6,99.1,84.5,57.6,1007.6,10.4,0.0
42777099999,"BHOPAL BAIRAGARH, IN",23.287,77.337,524.0,2025-06-07,2025,89.2,94.8,83.0,59.3,1007.9,9.6,0.0
42777099999,"BHOPAL BAIRAGARH, IN",23.287,77.337,524.0,2025-06-11,2025,90.1,97.4,83.3,58.2,1010.2,7.1,0.0
42777099999,"BHOPAL BAIRAGARH, IN",23.287,77.337,524.0,2025-06-16,2025,90.4,96.9,83.6,58.1,1011.0,9.8,0.0
42777099999,"BHOPAL BAIRAGARH, IN",23.287,77.337,524.0,2025-06-20,2025,89.5,96.5,81.7,62.5,1009.2,11.3,0.0
42777099999,"BHOPAL BAIRAGARH, IN",23.287,77.337,524.0,2025-06-25,2025,84.4,91.2,78.3,62.5,1008.3,5.3,0.0
42798099999,"JABALPUR, IN",23.181,80.053,495.0,2025-04-02,2025,97.7,107.2,87.9,60.7,1002.0,4.3,0.0
42798099999,"JABALPUR, IN",23.181,80.053,495.0,2025-04-05,2025,99.1,107.5,89.4,56.3,1006.8,4.7,0.0
42798099999,"JABALPUR, IN",23.181,80.053,495.0,2025-04-09,2025,98.9,109.8,86.1,57.4,1000.2,7.6,0.0
42798099999,"JABALPUR, IN",23.181,80.053,495.0,2025-04-14,2025,101.0,109.3,93.1,60.2,1004.2,7.3,0.0
42798099999,"JABALPUR, IN",23.181,80.053,495.0,2025-04-18,2025,98.1,111.9,85.4,51.3,1004.9,5.6,0.0
42798099999,"JABALPUR, IN",23.181,80.053,495.0,2025-04-24,2025,106.1,118.4,95.1,54.2,1007.8,4.3,0.0
42798099999,"JABALPUR, IN",23.181,80.053,495.0,2025-04-28,2025,103.2,111.9,93.2,59.3,1001.8,4.7,0.0
42798099999,"JABALPUR, IN",23.181,80.053,495.0,2025-05-03,2025,99.1,108.9,86.8,64.2,1000.7,6.9,0.0
42798099999,"JABALPUR, IN",23.181,80.053,495.0,2025-05-06,2025,101.1,115.8,90.3,9999.9,997.4,8.4,0.0
42798099999,"JABALPUR, IN",23.181,80.053,495.0,2025-05-12,2025,99.3,113.6,89.1,59.2,1003.9,3.0,0.0
42798099999,"JABALPUR, IN",23.181,80.053,495.0,2025-05-15,2025,105.0,115.5,93.1,57.8,1010.6,6.4,0.0
42798099999,"JABALPUR, IN",23.181,80.053,495.0,2025-05-20,2025,102.9,114.7,95.7,58.1,1000.6,4.3,0.0
42798099999,"JABALPUR, IN",23.181,80.053,495.0,2025-05-24,2025,103.7,118.1,96.5,62.4,1006.6,9.3,0.0
42798099999,"JABALPUR, IN",23.181,80.053,495.0,2025-05-29,2025,98.8,113.3,86.1,58.1,1004.3,8.4,0.0
42798099999,"JABALPUR, IN",23.181,80.053,495.0,2025-06-03,2025,104.1,113.2,91.8,59.3,1004.6,6.5,0.0
42798099999,"JABALPUR, IN",23.181,80.053,495.0,2025-06-07,2025,99.7,111.6,87.9,67.1,1006.0,4.2,0.0
42798099999,"JABALPUR, IN",23.181,80.053,495.0,2025-06-12,2025,97.4,106.2,90.3,53.9,9999.9,999.9,0.0
42798099999,"JABALPUR, IN",23.181,80.053,495.0,2025-06-16,2025,102.3,110.9,95.1,52.9,1002.0,6.7,0.0
42798099999,"JABALPUR, IN",23.181,80.053,495.0,2025-06-20,2025,100.9,114.0,90.0,59.0,1003.8,3.0,0.0
42798099999,"JABALPUR, IN",23.181,80.053,495.0,2025-06-24,2025,95.9,106.7,85.7,62.3,1001.2,7.3,0.0
42909099999,"RAIPUR MANA, IN",21.18,81.739,317.0,2025-04-02,2025,96.9,107.8,84.7,60.5,1003.3,5.2,0.0
42909099999,"RAIPUR MANA, IN",21.18,81.739,317.0,2025-04-06,2025,98.7,108.5,90.7,55.5,1002.1,3.4,0.0
42909099999,"RAIPUR MANA, IN",21.18,81.739,317.0,2025-04-10,2025,99.5,109.5,89.2,9999.9,1001.6,9.6,0.0
42909099999,"RAIPUR MANA, IN",21.18,81.739,317.0,2025-04-15,2025,101.5,110.5,93.1,52.9,1006.5,6.9,0.0
42909099999,"RAIPUR MANA, IN",21.18,81.739,317.0,2025-04-18,2025,104.5,118.6,95.5,53.1,1007.1,9.8,0.0
42909099999,"RAIPUR MANA, IN",21.18,81.739,317.0,2025-04-24,2025,101.5,113.0,93.9,61.4,1001.5,7.4,0.16
42909099999,"RAIPUR MANA, IN",21.18,81.739,317.0,2025-04-28,2025,105.0,117.7,97.9,61.3,1000.6,3.9,0.07
42909099999,"RAIPUR MANA, IN",21.18,81.739,317.0,2025-05-03,2025,99.7,108.6,91.4,52.0,1003.6,4.0,0.0
42909099999,"RAIPUR MANA, IN",21.18,81.739,317.0,2025-05-06,2025,104.8,118.1,94.3,62.6,1002.6,6.5,0.0
42909099999,"RAIPUR MANA, IN",21.18,81.739,317.0,2025-05-12,2025,100.3,114.7,88.4,55.9,1006.5,3.5,0.0
42909099999,"RAIPUR MANA, IN",21.18,81.739,317.0,2025-05-15,2025,102.2,117.1,89.8,60.0,999.8,6.3,0.0
42909099999,"RAIPUR MANA, IN",21.18,81.739,317.0,2025-05-20,2025,104.5,118.9,95.7,57.0,1006.1,8.7,0.0
42909099999,"RAIPUR MANA, IN",21.18,81.739,317.0,2025-05-24,2025,105.5,117.2,95.3,56.8,1002.6,7.9,0.0
42909099999,"RAIPUR MANA, IN",21.18,81.739,317.0,2025-05-29,2025,101.4,114.5,93.0,52.2,1000.4,9.5,0.0
42909099999,"RAIPUR MANA, IN",21.18,81.739,317.0,2025-06-03,2025,103.0,113.1,92.2,60.9,1003.4,4.4,0.0
42909099999,"RAIPUR MANA, IN",21.18,81.739,317.0,2025-06-07,2025,101.1,110.2,88.2,64.0,1003.2,5.6,0.0
42909099999,"RAIPUR MANA, IN",21.18,81.739,317.0,2025-06-12,2025,103.1,112.7,93.0,50.4,991.2,7.7,0.08
42909099999,"RAIPUR MANA, IN",21.18,81.739,317.0,2025-06-16,2025,101.2,115.7,90.3,52.2,1002.4,7.5,0.0
42909099999,"RAIPUR MANA, IN",21.18,81.739,317.0,2025-06-20,2025,98.8,111.9,88.4,67.2,1004.2,3.1,0.29
42909099999,"RAIPUR MANA, IN",21.18,81.739,317.0,2025-06-24,2025,99.3,110.2,88.1,63.5,1004.1,9.8,0.0
43128099999,"HYDERABAD AIRPORT, IN",17.24,78.43,617.0,2025-04-01,2025,88.7,95.6,80.3,66.6,1003.8,6.6,0.0
43128099999,"HYDERABAD AIRPORT, IN",17.24,78.43,617.0,2025-04-05,2025,90.7,100.3,82.6,56.1,1006.4,6.0,0.0
43128099999,"HYDERABAD AIRPORT, IN",17.24,78.43,617.0,2025-04-09,2025,90.8,98.4,82.1,69.0,1002.9,6.8,0.0
43128099999,"HYDERABAD AIRPORT, IN",17.24,78.43,617.0,2025-04-14,2025,89.7,98.2,82.1,65.6,1006.7,5.9,0.0
43128099999,"HYDERABAD AIRPORT, IN",17.24,78.43,617.0,2025-04-19,2025,91.7,99.5,84.8,58.5,1004.8,6.1,0.0
43128099999,"HYDERABAD AIRPORT, IN",17.24,78.43,617.0,2025-04-24,2025,94.2,102.7,86.2,62.1,1006.8,11.4,0.0
43128099999,"HYDERABAD AIRPORT, IN",17.24,78.43,617.0,2025-04-27,2025,91.7,101.2,85.7,57.6,1007.9,6.2,0.0
43128099999,"HYDERABAD AIRPORT, IN",17.24,78.43,617.0,2025-05-02,2025,93.3,100.9,87.2,71.5,1004.0,10.0,0.0
43128099999,"HYDERABAD AIRPORT, IN",17.24,78.43,617.0,2025-05-06,2025,94.1,101.8,85.5,57.1,1006.3,7.8,0.0
43128099999,"HYDERABAD AIRPORT, IN",17.24,78.43,617.0,2025-05-12,2025,94.5,101.5,86.3,54.0,1005.6,7.3,0.0
43128099999,"HYDERABAD AIRPORT, IN",17.24,78.43,617.0,2025-05-15,2025,91.5,98.0,83.6,59.5,1006.8,9.2,0.0
43128099999,"HYDERABAD AIRPORT, IN",17.24,78.43,617.0,2025-05-20,2025,94.8,104.1,88.0,61.8,1006.4,9.0,0.0
43128099999,"HYDERABAD AIRPORT, IN",17.24,78.43,617.0,2025-05-24,2025,92.7,99.8,84.2,62.3,1003.8,10.2,0.0
43128099999,"HYDERABAD AIRPORT, IN",17.24,78.43,617.0,2025-05-28,2025,94.6,102.6,86.9,63.5,1006.8,6.6,0.0
43128099999,"HYDERABAD AIRPORT, IN",17.24,78.43,617.0,2025-06-02,2025,90.5,97.5,81.7,60.5,1005.6,6.6,0.0
43128099999,"HYDERABAD AIRPORT, IN",17.24,78.43,617.0,2025-06-06,2025,88.8,98.7,81.5,55.5,1004.8,5.7,0.0
43128099999,"HYDERABAD AIRPORT, IN",17.24,78.43,617.0,2025-06-12,2025,92.4,99.2,84.0,59.7,1004.0,6.1,0.0
43128099999,"HYDERABAD AIRPORT, IN",17.24,78.43,617.0,2025-06-15,2025,89.5,96.0,81.0,60.5,1005.3,7.3,0.0
43128099999,"HYDERABAD AIRPORT, IN",17.24,78.43,617.0,2025-06-21,2025,94.9,103.0,87.4,66.5,1008.0,10.6,0.0
43128099999,"HYDERABAD AIRPORT, IN",17.24,78.43,617.0,2025-06-24,2025,92.6,99.2,84.6,58.3,1003.6,9.8,0.0
43150099999,"VIJAYAWADA GANNAVARAM, IN",16.53,80.797,25.0,2025-04-01,2025,88.6,94.1,83.5,81.7,1006.9,5.8,0.0
43150099999,"VIJAYAWADA GANNAVARAM, IN",16.53,80.797,25.0,2025-04-05,2025,88.7,95.1,82.2,77.3,1007.5,12.4,0.0
43150099999,"VIJAYAWADA GANNAVARAM, IN",16.53,80.797,25.0,2025-04-09,2025,91.8,98.7,86.9,79.0,1006.3,13.6,0.0
43150099999,"VIJAYAWADA GANNAVARAM, IN",16.53,80.797,25.0,2025-04-14,2025,93.0,98.4,87.5,76.7,1007.7,11.8,0.0
43150099999,"VIJAYAWADA GANNAVARAM, IN",16.53,80.797,25.0,2025-04-18,2025,93.3,98.0,87.8,76.7,1006.9,10.8,0.0
43150099999,"VIJAYAWADA GANNAVARAM, IN",16.53,80.797,25.0,2025-04-23,2025,93.5,100.5,89.1,76.2,1007.2,12.7,0.0
43150099999,"VIJAYAWADA GANNAVARAM, IN",16.53,80.797,25.0,2025-04-28,2025,93.8,98.7,89.4,83.5,1009.2,12.9,0.58
43150099999,"VIJAYAWADA GANNAVARAM, IN",16.53,80.797,25.0,2025-05-03,2025,93.9,100.3,87.9,79.7,1005.9,9.5,0.0
43150099999,"VIJAYAWADA GANNAVARAM, IN",16.53,80.797,25.0,2025-05-06,2025,93.3,98.6,87.3,78.3,1008.6,11.2,0.0
43150099999,"VIJAYAWADA GANNAVARAM, IN",16.53,80.797,25.0,2025-05-11,2025,93.5,97.9,89.2,79.3,1007.4,7.6,0.0
43150099999,"VIJAYAWADA GANNAVARAM, IN",16.53,80.797,25.0,2025-05-15,2025,93.4,99.3,87.9,75.3,1007.4,9.5,0.75
43150099999,"VIJAYAWADA GANNAVARAM, IN",16.53,80.797,25.0,2025-05-19,2025,95.8,101.3,91.1,79.1,1008.0,9.7,0.0
43150099999,"VIJAYAWADA GANNAVARAM, IN",16.53,80.797,25.0,2025-05-24,2025,96.6,102.7,90.6,74.9,1005.8,13.4,0.0
43150099999,"VIJAYAWADA GANNAVARAM, IN",16.53,80.797,25.0,2025-05-29,2025,96.1,101.4,90.9,78.5,1007.5,10.0,0.0
43150099999,"VIJAYAWADA GANNAVARAM, IN",16.53,80.797,25.0,2025-06-03,2025,90.6,98.4,84.5,79.5,1009.1,6.4,0.8
43150099999,"VIJAYAWADA GANNAVARAM, IN",16.53,80.797,25.0,2025-06-07,2025,90.6,96.4,84.7,78.0,1007.3,9.1,0.0
43150099999,"VIJAYAWADA GANNAVARAM, IN",16.53,80.797,25.0,2025-06-11,2025,92.7,100.6,88.1,75.5,1010.5,11.9,0.0
43150099999,"VIJAYAWADA GANNAVARAM, IN",16.53,80.797,25.0,2025-06-16,2025,93.5,97.9,88.8,77.4,1007.6,13.8,0.0
43150099999,"VIJAYAWADA GANNAVARAM, IN",16.53,80.797,25.0,2025-06-21,2025,91.2,97.1,85.5,76.4,1007.1,13.5,0.0
43150099999,"VIJAYAWADA GANNAVARAM, IN",16.53,80.797,25.0,2025-06-25,2025,90.6,97.6,83.9,82.4,1009.9,5.8,0.0
43185099999,"VISAKHAPATNAM, IN",17.721,83.224,3.0,2025-04-02,2025,92.4,99.7,87.8,79.3,1005.8,7.7,0.0
43185099999,"VISAKHAPATNAM, IN",17.721,83.224,3.0,2025-04-06,2025,91.0,95.8,84.2,80.8,1005.5,5.1,0.48
43185099999,"VISAKHAPATNAM, IN",17.721,83.224,3.0,2025-04-09,2025,92.5,97.5,87.1,84.1,1010.1,9.3,0.0
43185099999,"VISAKHAPATNAM, IN",17.721,83.224,3.0,2025-04-15,2025,94.4,98.8,88.1,78.9,1009.9,12.6,0.41
43185099999,"VISAKHAPATNAM, IN",17.721,83.224,3.0,2025-04-18,2025,90.8,95.9,86.6,80.3,1009.3,13.6,0.0
43185099999,"VISAKHAPATNAM, IN",17.721,83.224,3.0,2025-04-24,2025,93.1,98.2,86.1,81.6,1006.9,9.6,0.0
43185099999,"VISAKHAPATNAM, IN",17.721,83.224,3.0,2025-04-27,2025,92.4,98.7,86.9,78.6,1005.9,10.7,0.0
43185099999,"VISAKHAPATNAM, IN",17.721,83.224,3.0,2025-05-03,2025,93.4,98.3,88.8,74.0,1010.1,12.1,0.0
43185099999,"VISAKHAPATNAM, IN",17.721,83.224,3.0,2025-05-06,2025,93.2,99.5,88.3,77.0,1006.3,7.8,0.0
43185099999,"VISAKHAPATNAM, IN",17.721,83.224,3.0,2025-05-12,2025,92.9,97.3,85.9,80.1,1009.1,10.1,0.0
43185099999,"VISAKHAPATNAM, IN",17.721,83.224,3.0,2025-05-15,2025,92.0,98.1,86.5,76.2,1009.3,6.8,0.77
43185099999,"VISAKHAPATNAM, IN",17.721,83.224,3.0,2025-05-20,2025,92.0,98.5,87.8,78.5,1008.2,6.5,0.0
43185099999,"VISAKHAPATNAM, IN",17.721,83.224,3.0,2025-05-25,2025,93.7,99.3,88.3,80.5,1005.5,12.7,0.0
43185099999,"VISAKHAPATNAM, IN",17.721,83.224,3.0,2025-05-28,2025,89.6,96.9,85.3,76.9,1011.6,9.6,0.0
43185099999,"VISAKHAPATNAM, IN",17.721,83.224,3.0,2025-06-03,2025,96.4,100.7,91.2,82.9,1007.6,5.4,0.0
43185099999,"VISAKHAPATNAM, IN",17.721,83.224,3.0,2025-06-07,2025,89.3,95.4,84.5,72.5,1006.8,7.5,0.0
43185099999,"VISAKHAPATNAM, IN",17.721,83.224,3.0,2025-06-12,2025,91.8,96.2,87.4,81.6,1009.7,8.5,0.0
43185099999,"VISAKHAPATNAM, IN",17.721,83.224,3.0,2025-06-16,2025,92.3,97.5,88.2,76.1,1006.1,6.4,0.0
43185099999,"VISAKHAPATNAM, IN",17.721,83.224,3.0,2025-06-21,2025,91.9,96.7,87.7,80.1,1008.8,12.8,0.0
43185099999,"VISAKHAPATNAM, IN",17.721,83.224,3.0,2025-06-24,2025,89.3,96.6,82.7,80.0,1008.9,13.2,0.27
43279099999,"CHENNAI MEENAMBAKKAM, IN",12.994,80.181,16.0,2025-04-02,2025,88.8,95.9,83.0,9999.9,1009.4,7.2,0.0
43279099999,"CHENNAI MEENAMBAKKAM, IN",12.994,80.181,16.0,2025-04-05,2025,90.6,98.0,84.9,82.3,1009.0,11.7,0.0
43279099999,"CHENNAI MEENAMBAKKAM, IN",12.994,80.181,16.0,2025-04-10,2025,90.6,97.9,85.4,78.3,1008.1,10.9,0.0
43279099999,"CHENNAI MEENAMBAKKAM, IN",12.994,80.181,16.0,2025-04-14,2025,90.5,95.6,83.6,76.1,1009.4,7.0,0.2
43279099999,"CHENNAI MEENAMBAKKAM, IN",12.994,80.181,16.0,2025-04-18,2025,93.6,98.9,86.8,79.8,1011.0,8.1,0.87
43279099999,"CHENNAI MEENAMBAKKAM, IN",12.994,80.181,16.0,2025-04-23,2025,91.5,96.7,86.1,82.5,1006.2,9.5,0.0
43279099999,"CHENNAI MEENAMBAKKAM, IN",12.994,80.181,16.0,2025-04-28,2025,91.0,96.8,86.1,73.9,1007.1,12.4,0.0
43279099999,"CHENNAI MEENAMBAKKAM, IN",12.994,80.181,16.0,2025-05-03,2025,92.1,99.2,87.0,79.7,1008.5,7.8,0.94
43279099999,"CHENNAI MEENAMBAKKAM, IN",12.994,80.181,16.0,2025-05-07,2025,91.0,98.2,85.7,77.4,1007.3,7.4,0.0
43279099999,"CHENNAI MEENAMBAKKAM, IN",12.994,80.181,16.0,2025-05-12,2025,90.1,94.1,83.2,75.9,1006.5,7.2,0.35
43279099999,"CHENNAI MEENAMBAKKAM, IN",12.994,80.181,16.0,2025-05-15,2025,95.9,103.1,90.7,78.8,1009.3,7.7,0.52
43279099999,"CHENNAI MEENAMBAKKAM, IN",12.994,80.181,16.0,2025-05-20,2025,90.6,95.5,86.4,81.3,1010.6,10.8,0.64
43279099999,"CHENNAI MEENAMBAKKAM, IN",12.994,80.181,16.0,2025-05-24,2025,89.6,93.9,82.6,76.6,1009.0,10.4,0.0
43279099999,"CHENNAI MEENAMBAKKAM, IN",12.994,80.181,16.0,2025-05-28,2025,94.2,99.8,89.1,76.6,1007.4,7.6,0.58
43279099999,"CHENNAI MEENAMBAKKAM, IN",12.994,80.181,16.0,2025-06-03,2025,91.7,98.8,85.8,78.6,1010.4,12.3,0.0
43279099999,"CHENNAI MEENAMBAKKAM, IN",12.994,80.181,16.0,2025-06-06,2025,91.2,96.8,86.9,80.8,1006.4,13.9,0.0
43279099999,"CHENNAI MEENAMBAKKAM, IN",12.994,80.181,16.0,2025-06-12,2025,90.7,96.6,83.8,80.4,1009.8,12.8,0.0
43279099999,"CHENNAI MEENAMBAKKAM, IN",12.994,80.181,16.0,2025-06-15,2025,93.5,100.7,86.7,75.1,1007.1,9.0,1.12
43279099999,"CHENNAI MEENAMBAKKAM, IN",12.994,80.181,16.0,2025-06-21,2025,92.9,100.2,85.9,78.4,1005.9,7.5,1.11
43279099999,"CHENNAI MEENAMBAKKAM, IN",12.994,80.181,16.0,2025-06-25,2025,91.9,97.2,86.1,76.6,1011.6,9.0,0.0
43295099999,"BANGALORE AIRPORT, IN",13.198,77.706,915.0,2025-04-02,2025,84.9,91.9,78.2,65.1,1012.7,9.0,0.42
43295099999,"BANGALORE AIRPORT, IN",13.198,77.706,915.0,2025-04-05,2025,82.5,88.7,77.4,65.7,1013.0,13.3,0.0
43295099999,"BANGALORE AIRPORT, IN",13.198,77.706,915.0,2025-04-09,2025,83.1,88.3,77.9,62.1,1006.6,8.8,0.0
43295099999,"BANGALORE AIRPORT, IN",13.198,77.706,915.0,2025-04-15,2025,83.0,87.7,76.0,65.9,1011.9,7.7,0.0
43295099999,"BANGALORE AIRPORT, IN",13.198,77.706,915.0,2025-04-19,2025,84.3,89.8,78.2,61.1,1006.0,7.2,0.0
43295099999,"BANGALORE AIRPORT, IN",13.198,77.706,915.0,2025-04-24,2025,82.8,89.4,75.9,61.9,1009.4,7.9,0.0
43295099999,"BANGALORE AIRPORT, IN",13.198,77.706,915.0,2025-04-28,2025,85.0,91.0,80.2,69.9,1010.2,6.6,0.0
43295099999,"BANGALORE AIRPORT, IN",13.198,77.706,915.0,2025-05-03,2025,83.7,90.5,78.5,62.1,1010.2,13.5,0.0
43295099999,"BANGALORE AIRPORT, IN",13.198,77.706,915.0,2025-05-06,2025,82.7,89.2,77.3,63.4,1010.9,7.0,0.0
43295099999,"BANGALORE AIRPORT, IN",13.198,77.706,915.0,2025-05-11,2025,84.7,91.5,79.6,64.6,1010.9,8.1,0.0
43295099999,"BANGALORE AIRPORT, IN",13.198,77.706,915.0,2025-05-16,2025,81.1,85.2,74.3,65.2,1008.7,11.3,0.0
43295099999,"BANGALORE AIRPORT, IN",13.198,77.706,915.0,2025-05-19,2025,82.3,88.1,77.6,59.1,1010.9,11.3,0.0
43295099999,"BANGALORE AIRPORT, IN",13.198,77.706,915.0,2025-05-25,2025,83.8,89.0,77.6,57.1,1011.0,13.7,0.0
43295099999,"BANGALORE AIRPORT, IN",13.198,77.706,915.0,2025-05-29,2025,81.5,85.6,74.7,63.5,1010.5,9.1,0.08
43295099999,"BANGALORE AIRPORT, IN",13.198,77.706,915.0,2025-06-02,2025,85.5,89.8,80.6,69.2,1007.3,6.6,0.43
43295099999,"BANGALORE AIRPORT, IN",13.198,77.706,915.0,2025-06-06,2025,83.7,88.1,79.4,62.0,1010.9,7.8,0.53
43295099999,"BANGALORE AIRPORT, IN",13.198,77.706,915.0,2025-06-12,2025,83.8,89.8,78.7,61.8,1009.1,10.6,0.49
43295099999,"BANGALORE AIRPORT, IN",13.198,77.706,915.0,2025-06-16,2025,81.1,86.6,76.5,66.5,1010.9,13.5,0.22
43295099999,"BANGALORE AIRPORT, IN",13.198,77.706,915.0,2025-06-21,2025,84.4,91.3,79.7,61.9,1008.7,13.9,0.0
43295099999,"BANGALORE AIRPORT, IN",13.198,77.706,915.0,2025-06-24,2025,80.6,86.4,76.2,64.3,1007.9,6.6,0.0
43314099999,"COIMBATORE PEELAMEDU, IN",11.03,77.043,406.0,2025-04-01,2025,93.3,102.3,85.7,57.1,1006.5,11.9,0.0
43314099999,"COIMBATORE PEELAMEDU, IN",11.03,77.043,406.0,2025-04-05,2025,93.2,102.5,86.7,64.7,1006.4,7.9,0.0
43314099999,"COIMBATORE PEELAMEDU, IN",11.03,77.043,406.0,2025-04-09,2025,88.5,95.8,80.6,56.8,1007.5,9.1,0.0
43314099999,"COIMBATORE PEELAMEDU, IN",11.03,77.043,406.0,2025-04-14,2025,93.9,100.8,86.2,60.5,1003.7,5.5,0.0
43314099999,"COIMBATORE PEELAMEDU, IN",11.03,77.043,406.0,2025-04-18,2025,86.4,95.9,78.5,58.4,1005.8,7.8,0.0
43314099999,"COIMBATORE PEELAMEDU, IN",11.03,77.043,406.0,2025-04-24,2025,95.0,103.3,87.1,65.0,1006.6,9.4,0.0
43314099999,"COIMBATORE PEELAMEDU, IN",11.03,77.043,406.0,2025-04-28,2025,91.2,100.3,84.5,60.0,1008.8,9.8,0.0
43314099999,"COIMBATORE PEELAMEDU, IN",11.03,77.043,406.0,2025-05-03,2025,92.7,101.8,84.5,53.9,1004.7,8.0,0.49
43314099999,"COIMBATORE PEELAMEDU, IN",11.03,77.043,406.0,2025-05-06,2025,90.7,96.9,83.9,60.1,1007.1,9.2,0.0
43314099999,"COIMBATORE PEELAMEDU, IN",11.03,77.043,406.0,2025-05-12,2025,92.4,99.6,85.3,62.0,1008.6,9.7,0.0
43314099999,"COIMBATORE PEELAMEDU, IN",11.03,77.043,406.0,2025-05-15,2025,91.2,100.3,83.6,69.8,1004.7,11.5,0.46
43314099999,"COIMBATORE PEELAMEDU, IN",11.03,77.043,406.0,2025-05-20,2025,92.7,102.6,83.9,61.2,1006.2,8.3,0.11
43314099999,"COIMBATORE PEELAMEDU, IN",11.03,77.043,406.0,2025-05-24,2025,93.4,100.0,86.4,9999.9,1004.5,7.1,0.0
43314099999,"COIMBATORE PEELAMEDU, IN",11.03,77.043,406.0,2025-05-29,2025,90.1,97.9,83.4,72.3,1005.0,8.2,0.0
43314099999,"COIMBATORE PEELAMEDU, IN",11.03,77.043,406.0,2025-06-03,2025,93.4,102.8,86.5,55.9,1005.4,7.4,0.0
43314099999,"COIMBATORE PEELAMEDU, IN",11.03,77.043,406.0,2025-06-07,2025,91.5,100.2,85.3,64.2,1000.6,8.4,0.0
43314099999,"COIMBATORE PEELAMEDU, IN",11.03,77.043,406.0,2025-06-12,2025,91.7,98.3,84.6,57.7,1006.6,11.7,0.0
43314099999,"COIMBATORE PEELAMEDU, IN",11.03,77.043,406.0,2025-06-16,2025,88.9,97.9,82.5,58.9,1005.5,6.5,0.0
43314099999,"COIMBATORE PEELAMEDU, IN",11.03,77.043,406.0,2025-06-20,2025,88.5,97.5,81.0,60.4,1003.6,6.0,0.0
43314099999,"COIMBATORE PEELAMEDU, IN",11.03,77.043,406.0,2025-06-25,2025,86.5,93.3,77.7,66.4,1003.4,11.1,0.0
43333099999,"MADURAI AIRPORT, IN",9.835,78.093,139.0,2025-04-01,2025,94.2,100.7,86.7,77.2,1003.8,4.4,0.0
43333099999,"MADURAI AIRPORT, IN",9.835,78.093,139.0,2025-04-05,2025,93.5,100.4,86.6,75.6,1007.2,3.0,0.0
43333099999,"MADURAI AIRPORT, IN",9.835,78.093,139.0,2025-04-10,2025,93.4,100.7,85.7,74.5,1001.5,5.6,0.0
43333099999,"MADURAI AIRPORT, IN",9.835,78.093,139.0,2025-04-14,2025,95.5,104.6,89.2,75.1,1003.3,3.9,0.0
43333099999,"MADURAI AIRPORT, IN",9.835,78.093,139.0,2025-04-18,2025,95.8,101.9,89.3,70.7,1005.2,3.5,0.0
43333099999,"MADURAI AIRPORT, IN",9.835,78.093,139.0,2025-04-23,2025,99.3,106.0,90.8,9999.9,1003.8,4.2,0.22
43333099999,"MADURAI AIRPORT, IN",9.835,78.093,139.0,2025-04-28,2025,98.6,104.8,90.7,78.6,1002.0,6.2,0.77
43333099999,"MADURAI AIRPORT, IN",9.835,78.093,139.0,2025-05-03,2025,97.6,104.6,90.8,75.8,1004.8,7.8,0.0
43333099999,"MADURAI AIRPORT, IN",9.835,78.093,139.0,2025-05-06,2025,93.2,103.5,87.7,76.5,1008.0,5.5,0.0
43333099999,"MADURAI AIRPORT, IN",9.835,78.093,139.0,2025-05-12,2025,98.5,108.7,91.7,9999.9,1004.0,7.1,0.22
43333099999,"MADURAI AIRPORT, IN",9.835,78.093,139.0,2025-05-15,2025,101.9,112.6,95.3,77.7,1006.3,5.6,0.0
43333099999,"MADURAI AIRPORT, IN",9.835,78.093,139.0,2025-05-20,2025,99.0,109.0,92.7,73.0,1004.6,3.2,0.0
43333099999,"MADURAI AIRPORT, IN",9.835,78.093,139.0,2025-05-25,2025,98.0,108.2,92.3,76.6,1008.0,3.0,0.13
43333099999,"MADURAI AIRPORT, IN",9.835,78.093,139.0,2025-05-29,2025,100.2,109.3,91.3,70.7,1005.4,5.5,0.0
43333099999,"MADURAI AIRPORT, IN",9.835,78.093,139.0,2025-06-03,2025,99.1,107.0,91.3,76.8,1003.7,7.2,0.68
43333099999,"MADURAI AIRPORT, IN",9.835,78.093,139.0,2025-06-06,2025,103.2,114.1,95.6,71.1,1002.8,6.8,0.0
43333099999,"MADURAI AIRPORT, IN",9.835,78.093,139.0,2025-06-12,2025,97.3,105.8,90.7,81.3,1003.3,8.6,0.0
43333099999,"MADURAI AIRPORT, IN",9.835,78.093,139.0,2025-06-15,2025,95.9,102.4,87.3,78.2,1005.0,7.7,0.0
43333099999,"MADURAI AIRPORT, IN",9.835,78.093,139.0,2025-06-21,2025,95.1,103.3,87.9,76.6,1005.5,6.2,0.0
43333099999,"MADURAI AIRPORT, IN",9.835,78.093,139.0,2025-06-24,2025,97.4,108.3,92.4,78.8,1005.6,8.5,0.0
43353099999,"KOCHI COCHIN AIRPORT, IN",10.152,76.402,8.0,2025-04-02,2025,91.2,95.7,85.6,78.9,1009.0,5.6,0.0
43353099999,"KOCHI COCHIN AIRPORT, IN",10.152,76.402,8.0,2025-04-05,2025,91.1,96.5,85.0,78.3,1010.4,13.6,0.0
43353099999,"KOCHI COCHIN AIRPORT, IN",10.152,76.402,8.0,2025-04-09,2025,94.1,99.4,87.7,74.6,1008.0,10.1,0.0
43353099999,"KOCHI COCHIN AIRPORT, IN",10.152,76.402,8.0,2025-04-14,2025,90.5,95.0,86.0,77.6,1008.8,9.0,0.0
43353099999,"KOCHI COCHIN AIRPORT, IN",10.152,76.402,8.0,2025-04-19,2025,93.4,99.3,86.5,78.1,1004.2,9.0,0.0
43353099999,"KOCHI COCHIN AIRPORT, IN",10.152,76.402,8.0,2025-04-24,2025,90.8,94.8,85.1,80.6,1002.5,13.0,0.0
43353099999,"KOCHI COCHIN AIRPORT, IN",10.152,76.402,8.0,2025-04-27,2025,94.9,102.4,88.9,79.6,1010.6,13.7,0.95
43353099999,"KOCHI COCHIN AIRPORT, IN",10.152,76.402,8.0,2025-05-03,2025,92.7,96.9,85.9,73.2,1008.9,6.8,0.0
43353099999,"KOCHI COCHIN AIRPORT, IN",10.152,76.402,8.0,2025-05-06,2025,95.4,99.5,88.5,80.7,1006.7,9.5,0.0
43353099999,"KOCHI COCHIN AIRPORT, IN",10.152,76.402,8.0,2025-05-12,2025,93.4,99.7,86.8,77.0,1006.4,10.3,0.0
43353099999,"KOCHI COCHIN AIRPORT, IN",10.152,76.402,8.0,2025-05-15,2025,95.0,102.7,88.4,75.3,1006.2,7.0,0.0
43353099999,"KOCHI COCHIN AIRPORT, IN",10.152,76.402,8.0,2025-05-20,2025,91.3,98.8,86.8,74.6,1008.3,8.3,0.0
43353099999,"KOCHI COCHIN AIRPORT, IN",10.152,76.402,8.0,2025-05-24,2025,95.3,101.5,89.0,77.9,1005.0,12.0,0.0
43353099999,"KOCHI COCHIN AIRPORT, IN",10.152,76.402,8.0,2025-05-28,2025,94.6,101.2,89.2,82.6,1006.7,9.5,0.0
43353099999,"KOCHI COCHIN AIRPORT, IN",10.152,76.402,8.0,2025-06-03,2025,91.9,99.1,87.0,79.6,1011.2,11.2,0.0
43353099999,"KOCHI COCHIN AIRPORT, IN",10.152,76.402,8.0,2025-06-06,2025,91.7,97.5,85.9,75.0,1009.3,12.5,0.0
43353099999,"KOCHI COCHIN AIRPORT, IN",10.152,76.402,8.0,2025-06-12,2025,93.6,100.2,88.7,78.4,1006.9,9.1,0.0
43353099999,"KOCHI COCHIN AIRPORT, IN",10.152,76.402,8.0,2025-06-16,2025,93.7,98.7,87.9,79.7,1006.5,13.3,0.77
43353099999,"KOCHI COCHIN AIRPORT, IN",10.152,76.402,8.0,2025-06-20,2025,91.6,97.5,85.8,75.0,1009.4,12.0,0.0
43353099999,"KOCHI COCHIN AIRPORT, IN",10.152,76.402,8.0,2025-06-24,2025,90.7,98.4,85.2,77.3,1007.9,8.7,0.0
43371099999,"THIRUVANANTHAPURAM, IN",8.482,76.92,64.0,2025-04-01,2025,90.7,98.6,84.6,80.6,1009.2,9.4,0.0
43371099999,"THIRUVANANTHAPURAM, IN",8.482,76.92,64.0,2025-04-05,2025,90.7,97.9,84.2,80.2,1008.8,9.2,0.0
43371099999,"THIRUVANANTHAPURAM, IN",8.482,76.92,64.0,2025-04-10,2025,90.7,97.3,84.7,78.0,1007.7,5.0,0.0
43371099999,"THIRUVANANTHAPURAM, IN",8.482,76.92,64.0,2025-04-14,2025,92.7,99.6,87.2,77.4,1007.2,7.5,0.0
43371099999,"THIRUVANANTHAPURAM, IN",8.482,76.92,64.0,2025-04-18,2025,95.7,103.5,90.7,80.7,1006.5,11.9,0.0
43371099999,"THIRUVANANTHAPURAM, IN",8.482,76.92,64.0,2025-04-24,2025,93.6,98.8,89.1,78.6,1008.8,7.1,0.0
43371099999,"THIRUVANANTHAPURAM, IN",8.482,76.92,64.0,2025-04-28,2025,93.0,97.7,87.2,81.3,1008.7,5.5,0.24
43371099999,"THIRUVANANTHAPURAM, IN",8.482,76.92,64.0,2025-05-03,2025,92.9,100.5,87.2,80.9,1008.5,11.4,0.0
43371099999,"THIRUVANANTHAPURAM, IN",8.482,76.92,64.0,2025-05-06,2025,93.4,97.5,88.1,79.1,1007.8,9.2,0.56
43371099999,"THIRUVANANTHAPURAM, IN",8.482,76.92,64.0,2025-05-12,2025,93.3,100.5,86.9,76.9,1006.5,6.0,0.71
43371099999,"THIRUVANANTHAPURAM, IN",8.482,76.92,64.0,2025-05-15,2025,91.5,97.4,85.3,74.9,1006.2,12.1,0.0
43371099999,"THIRUVANANTHAPURAM, IN",8.482,76.92,64.0,2025-05-19,2025,93.0,97.6,88.5,78.6,1007.5,13.8,0.0
43371099999,"THIRUVANANTHAPURAM, IN",8.482,76.92,64.0,2025-05-25,2025,88.9,94.1,83.3,82.3,1010.2,8.2,0.0
43371099999,"THIRUVANANTHAPURAM, IN",8.482,76.92,64.0,2025-05-29,2025,93.8,100.2,89.7,9999.9,1006.0,13.7,0.47
43371099999,"THIRUVANANTHAPURAM, IN",8.482,76.92,64.0,2025-06-03,2025,96.2,103.9,91.5,75.9,1008.5,10.8,0.0
43371099999,"THIRUVANANTHAPURAM, IN",8.482,76.92,64.0,2025-06-06,2025,90.3,95.4,83.8,78.4,1008.8,5.3,0.0
43371099999,"THIRUVANANTHAPURAM, IN",8.482,76.92,64.0,2025-06-12,2025,91.9,98.8,85.0,80.1,1008.2,12.5,0.0
43371099999,"THIRUVANANTHAPURAM, IN",8.482,76.92,64.0,2025-06-15,2025,91.0,95.6,85.3,76.9,1009.6,8.4,0.0
43371099999,"THIRUVANANTHAPURAM, IN",8.482,76.92,64.0,2025-06-20,2025,90.3,96.1,83.5,80.6,1010.4,9.2,0.0
43371099999,"THIRUVANANTHAPURAM, IN",8.482,76.92,64.0,2025-06-24,2025,88.2,92.4,82.4,81.2,1012.1,6.9,0.0
42027099999,"SRINAGAR AIRPORT, IN",34.0,74.774,1587.0,2025-04-01,2025,66.5,75.1,59.9,43.4,1017.1,9.8,0.0
42027099999,"SRINAGAR AIRPORT, IN",34.0,74.774,1587.0,2025-04-05,2025,65.5,72.9,58.0,41.7,1010.1,10.7,0.0
42027099999,"SRINAGAR AIRPORT, IN",34.0,74.774,1587.0,2025-04-09,2025,67.0,72.4,58.6,43.0,1015.5,5.8,0.0
42027099999,"SRINAGAR AIRPORT, IN",34.0,74.774,1587.0,2025-04-14,2025,69.8,78.4,64.3,37.9,1012.4,5.2,0.44
42027099999,"SRINAGAR AIRPORT, IN",34.0,74.774,1587.0,2025-04-19,2025,72.3,78.5,65.1,40.4,1014.6,7.9,0.0
42027099999,"SRINAGAR AIRPORT, IN",34.0,74.774,1587.0,2025-04-23,2025,67.7,73.0,62.0,37.7,1018.9,5.3,0.0
42027099999,"SRINAGAR AIRPORT, IN",34.0,74.774,1587.0,2025-04-27,2025,66.9,75.8,61.2,36.5,1012.6,11.8,0.0
42027099999,"SRINAGAR AIRPORT, IN",34.0,74.774,1587.0,2025-05-03,2025,63.5,70.5,57.2,38.4,1011.1,9.9,0.0
42027099999,"SRINAGAR AIRPORT, IN",34.0,74.774,1587.0,2025-05-06,2025,70.2,77.8,61.6,38.3,1016.7,11.6,0.0
42027099999,"SRINAGAR AIRPORT, IN",34.0,74.774,1587.0,2025-05-12,2025,72.3,78.0,65.4,44.1,1013.4,7.6,0.0
42027099999,"SRINAGAR AIRPORT, IN",34.0,74.774,1587.0,2025-05-16,2025,69.2,74.2,64.2,34.9,1013.6,9.6,0.0
42027099999,"SRINAGAR AIRPORT, IN",34.0,74.774,1587.0,2025-05-19,2025,66.7,75.6,61.3,43.8,1021.7,11.2,0.0
42027099999,"SRINAGAR AIRPORT, IN",34.0,74.774,1587.0,2025-05-25,2025,69.9,75.5,62.8,33.0,1012.9,10.4,0.73
42027099999,"SRINAGAR AIRPORT, IN",34.0,74.774,1587.0,2025-05-29,2025,68.8,74.9,62.1,41.3,1011.8,4.0,0.47
42027099999,"SRINAGAR AIRPORT, IN",34.0,74.774,1587.0,2025-06-03,2025,68.9,76.8,62.3,36.0,1011.2,8.1,0.0
42027099999,"SRINAGAR AIRPORT, IN",34.0,74.774,1587.0,2025-06-07,2025,69.6,75.8,62.7,36.9,1015.6,11.0,0.0
42027099999,"SRINAGAR AIRPORT, IN",34.0,74.774,1587.0,2025-06-11,2025,64.2,72.8,55.7,48.1,1011.7,10.1,0.0
42027099999,"SRINAGAR AIRPORT, IN",34.0,74.774,1587.0,2025-06-16,2025,66.7,74.4,60.6,42.3,1012.3,10.7,0.0
42027099999,"SRINAGAR AIRPORT, IN",34.0,74.774,1587.0,2025-06-21,2025,67.1,74.3,60.0,43.3,1016.9,4.0,0.0
42027099999,"SRINAGAR AIRPORT, IN",34.0,74.774,1587.0,2025-06-25,2025,68.3,75.3,59.7,40.3,1013.6,6.9,0.45
42034099999,"LEH AIRPORT, IN",34.136,77.546,3256.0,2025-04-02,2025,56.6,61.8,49.7,28.8,1012.8,11.1,0.0
42034099999,"LEH AIRPORT, IN",34.136,77.546,3256.0,2025-04-05,2025,49.1,56.0,41.9,23.7,1015.5,7.0,0.29
42034099999,"LEH AIRPORT, IN",34.136,77.546,3256.0,2025-04-09,2025,44.8,50.0,36.9,23.4,1022.3,15.8,0.0
42034099999,"LEH AIRPORT, IN",34.136,77.546,3256.0,2025-04-15,2025,51.7,56.9,44.3,15.0,1020.3,9.5,0.0
42034099999,"LEH AIRPORT, IN",34.136,77.546,3256.0,2025-04-18,2025,53.8,58.9,47.7,23.6,1018.5,14.1,0.0
42034099999,"LEH AIRPORT, IN",34.136,77.546,3256.0,2025-04-24,2025,47.5,53.3,39.6,23.1,1021.2,14.3,0.0
42034099999,"LEH AIRPORT, IN",34.136,77.546,3256.0,2025-04-28,2025,49.8,55.7,40.3,17.5,1015.8,17.9,0.0
42034099999,"LEH AIRPORT, IN",34.136,77.546,3256.0,2025-05-03,2025,50.7,57.7,42.0,29.8,1016.1,15.2,0.0
42034099999,"LEH AIRPORT, IN",34.136,77.546,3256.0,2025-05-07,2025,49.7,55.0,40.6,29.2,1016.4,8.5,0.0
42034099999,"LEH AIRPORT, IN",34.136,77.546,3256.0,2025-05-11,2025,48.6,56.3,38.6,29.6,1016.7,8.9,0.0
42034099999,"LEH AIRPORT, IN",34.136,77.546,3256.0,2025-05-16,2025,51.3,58.7,43.7,25.7,1012.3,12.9,0.0
42034099999,"LEH AIRPORT, IN",34.136,77.546,3256.0,2025-05-20,2025,49.4,56.7,43.4,25.0,1015.3,12.4,0.0
42034099999,"LEH AIRPORT, IN",34.136,77.546,3256.0,2025-05-24,2025,55.6,63.0,47.6,25.9,1019.0,13.4,0.0
42034099999,"LEH AIRPORT, IN",34.136,77.546,3256.0,2025-05-28,2025,51.1,57.6,44.2,29.2,1017.4,15.8,0.0
42034099999,"LEH AIRPORT, IN",34.136,77.546,3256.0,2025-06-03,2025,50.8,57.1,43.7,24.9,1012.7,6.3,0.0
42034099999,"LEH AIRPORT, IN",34.136,77.546,3256.0,2025-06-06,2025,52.3,58.3,42.4,24.8,1014.2,14.8,0.27
42034099999,"LEH AIRPORT, IN",34.136,77.546,3256.0,2025-06-12,2025,53.9,61.3,44.5,20.0,1014.5,17.5,0.0
42034099999,"LEH AIRPORT, IN",34.136,77.546,3256.0,2025-06-16,2025,53.3,60.1,44.0,26.3,1015.8,6.9,0.0
42034099999,"LEH AIRPORT, IN",34.136,77.546,3256.0,2025-06-20,2025,50.2,57.7,42.4,25.7,1010.7,999.9,0.0
42034099999,"LEH AIRPORT, IN",34.136,77.546,3256.0,2025-06-24,2025,47.7,55.4,41.1,31.5,1013.7,16.3,0.0
42111099999,"DEHRADUN, IN",30.326,78.032,682.0,2025-04-01,2025,85.0,91.0,76.4,56.8,1006.8,5.8,0.0
42111099999,"DEHRADUN, IN",30.326,78.032,682.0,2025-04-06,2025,85.1,94.8,77.4,60.9,1007.5,4.6,0.0
42111099999,"DEHRADUN, IN",30.326,78.032,682.0,2025-04-10,2025,88.3,98.2,81.5,54.8,9999.9,8.4,0.0
42111099999,"DEHRADUN, IN",30.326,78.032,682.0,2025-04-14,2025,86.8,96.5,77.9,60.8,1005.0,6.9,0.0
42111099999,"DEHRADUN, IN",30.326,78.032,682.0,2025-04-18,2025,89.5,95.9,82.2,63.7,1004.5,6.7,0.0
42111099999,"DEHRADUN, IN",30.326,78.032,682.0,2025-04-23,2025,87.2,95.7,78.5,56.9,1013.6,6.5,0.0
42111099999,"DEHRADUN, IN",30.326,78.032,682.0,2025-04-28,2025,87.8,96.1,80.1,65.7,1003.8,6.8,0.0
42111099999,"DEHRADUN, IN",30.326,78.032,682.0,2025-05-03,2025,87.0,96.0,78.1,56.3,1004.9,5.4,0.55
42111099999,"DEHRADUN, IN",30.326,78.032,682.0,2025-05-06,2025,88.6,96.3,79.9,56.2,1005.0,4.0,0.0
42111099999,"DEHRADUN, IN",30.326,78.032,682.0,2025-05-11,2025,91.6,101.6,83.9,63.9,1009.4,5.5,0.0
42111099999,"DEHRADUN, IN",30.326,78.032,682.0,2025-05-16,2025,90.4,99.8,82.8,59.4,1005.8,8.7,0.0
42111099999,"DEHRADUN, IN",30.326,78.032,682.0,2025-05-20,2025,87.4,93.9,78.7,60.5,1004.1,9.9,0.0
42111099999,"DEHRADUN, IN",30.326,78.032,682.0,2025-05-24,2025,87.2,96.7,81.0,63.6,1011.8,9.7,0.0
42111099999,"DEHRADUN, IN",30.326,78.032,682.0,2025-05-28,2025,89.8,99.3,80.9,63.4,1006.4,4.6,0.44
42111099999,"DEHRADUN, IN",30.326,78.032,682.0,2025-06-02,2025,86.0,92.9,78.7,61.4,1008.4,8.1,0.0
42111099999,"DEHRADUN, IN",30.326,78.032,682.0,2025-06-06,2025,88.5,96.7,80.6,58.0,1009.4,5.0,0.0
42111099999,"DEHRADUN, IN",30.326,78.032,682.0,2025-06-11,2025,85.9,95.1,79.6,55.9,1004.5,7.8,0.0
42111099999,"DEHRADUN, IN",30.326,78.032,682.0,2025-06-16,2025,87.5,95.7,79.1,54.6,1005.3,9.4,0.0
42111099999,"DEHRADUN, IN",30.326,78.032,682.0,2025-06-21,2025,85.3,93.4,78.2,58.0,1003.3,6.1,0.0
42111099999,"DEHRADUN, IN",30.326,78.032,682.0,2025-06-24,2025,86.6,95.1,78.9,64.0,1007.3,7.1,0.0
42103099999,"SHIMLA, IN",31.105,77.173,2205.0,2025-04-02,2025,69.8,76.5,64.6,46.3,1016.3,11.4,0.0
42103099999,"SHIMLA, IN",31.105,77.173,2205.0,2025-04-06,2025,66.5,72.2,59.5,41.1,1016.3,5.3,0.0
42103099999,"SHIMLA, IN",31.105,77.173,2205.0,2025-04-10,2025,65.8,71.4,59.8,33.5,1015.5,9.4,0.0
42103099999,"SHIMLA, IN",31.105,77.173,2205.0,2025-04-15,2025,64.4,69.8,56.5,37.2,1014.0,10.9,0.19
42103099999,"SHIMLA, IN",31.105,77.173,2205.0,2025-04-19,2025,67.3,76.3,61.8,35.4,1014.5,7.5,0.0
42103099999,"SHIMLA, IN",31.105,77.173,2205.0,2025-04-24,2025,70.4,76.1,64.8,36.5,1017.8,999.9,0.0
42103099999,"SHIMLA, IN",31.105,77.173,2205.0,2025-04-28,2025,64.3,71.1,58.4,49.5,9999.9,6.1,0.0
42103099999,"SHIMLA, IN",31.105,77.173,2205.0,2025-05-02,2025,68.8,77.1,62.8,33.4,1013.8,9.1,0.0
42103099999,"SHIMLA, IN",31.105,77.173,2205.0,2025-05-07,2025,69.2,76.2,62.9,40.7,1012.3,7.4,0.6
42103099999,"SHIMLA, IN",31.105,77.173,2205.0,2025-05-11,2025,66.4,71.6,60.1,45.5,1014.1,6.7,0.0
42103099999,"SHIMLA, IN",31.105,77.173,2205.0,2025-05-16,2025,72.7,78.6,65.1,38.9,1012.7,10.6,0.34
42103099999,"SHIMLA, IN",31.105,77.173,2205.0,2025-05-20,2025,70.8,78.7,62.7,34.5,1010.4,4.3,0.0
42103099999,"SHIMLA, IN",31.105,77.173,2205.0,2025-05-25,2025,71.4,78.5,63.5,36.3,1008.5,9.6,0.54
42103099999,"SHIMLA, IN",31.105,77.173,2205.0,2025-05-28,2025,73.2,79.4,67.8,35.4,1014.6,7.8,0.0
42103099999,"SHIMLA, IN",31.105,77.173,2205.0,2025-06-03,2025,68.4,76.0,60.0,29.8,1013.2,7.2,0.0
42103099999,"SHIMLA, IN",31.105,77.173,2205.0,2025-06-07,2025,69.1,75.6,64.1,42.4,1016.7,11.7,0.0
42103099999,"SHIMLA, IN",31.105,77.173,2205.0,2025-06-12,2025,66.6,73.6,60.7,43.9,1011.9,5.5,0.77
42103099999,"SHIMLA, IN",31.105,77.173,2205.0,2025-06-16,2025,63.7,70.1,56.8,35.8,1009.6,9.5,0.61
42103099999,"SHIMLA, IN",31.105,77.173,2205.0,2025-06-21,2025,69.3,78.0,61.9,34.9,1014.8,8.7,0.0
42103099999,"SHIMLA, IN",31.105,77.173,2205.0,2025-06-25,2025,65.7,70.8,58.5,40.6,1018.1,6.6,0.16
42071099999,"AMRITSAR, IN",31.71,74.797,234.0,2025-04-01,2025,96.4,109.2,87.9,62.4,1003.1,9.6,0.0
42071099999,"AMRITSAR, IN",31.71,74.797,234.0,2025-04-05,2025,98.0,108.5,87.7,70.8,998.7,3.4,0.0
42071099999,"AMRITSAR, IN",31.71,74.797,234.0,2025-04-09,2025,102.9,117.5,93.7,62.6,1001.6,4.5,0.0
42071099999,"AMRITSAR, IN",31.71,74.797,234.0,2025-04-14,2025,104.8,113.7,93.9,50.1,1001.4,6.4,0.0
42071099999,"AMRITSAR, IN",31.71,74.797,234.0,2025-04-19,2025,97.7,110.0,86.8,61.4,999.7,5.6,0.0
42071099999,"AMRITSAR, IN",31.71,74.797,234.0,2025-04-24,2025,103.1,113.5,94.1,58.4,1001.6,7.0,0.0
42071099999,"AMRITSAR, IN",31.71,74.797,234.0,2025-04-27,2025,103.4,116.2,94.1,58.0,999.7,6.9,0.0
42071099999,"AMRITSAR, IN",31.71,74.797,234.0,2025-05-03,2025,110.8,125.1,100.5,56.9,996.3,7.4,0.0
42071099999,"AMRITSAR, IN",31.71,74.797,234.0,2025-05-07,2025,100.9,110.0,88.4,53.0,1005.5,9.6,0.0
42071099999,"AMRITSAR, IN",31.71,74.797,234.0,2025-05-11,2025,104.4,115.2,95.5,61.3,1001.9,9.1,0.0
42071099999,"AMRITSAR, IN",31.71,74.797,234.0,2025-05-16,2025,102.8,114.3,91.6,57.4,1002.8,5.2,0.1
42071099999,"AMRITSAR, IN",31.71,74.797,234.0,2025-05-20,2025,105.9,119.2,93.6,61.0,1004.5,6.2,0.3
42071099999,"AMRITSAR, IN",31.71,74.797,234.0,2025-05-25,2025,104.7,117.5,96.3,63.7,1003.9,8.1,0.08
42071099999,"AMRITSAR, IN",31.71,74.797,234.0,2025-05-28,2025,104.1,116.2,91.1,65.2,1001.0,6.1,0.0
42071099999,"AMRITSAR, IN",31.71,74.797,234.0,2025-06-02,2025,100.2,109.4,88.9,53.4,1003.5,8.8,0.0
42071099999,"AMRITSAR, IN",31.71,74.797,234.0,2025-06-07,2025,96.7,108.7,86.2,61.6,1002.7,3.4,0.37
42071099999,"AMRITSAR, IN",31.71,74.797,234.0,2025-06-11,2025,104.5,118.8,95.5,55.9,1002.4,5.8,0.36
42071099999,"AMRITSAR, IN",31.71,74.797,234.0,2025-06-16,2025,103.6,116.7,92.2,66.2,1001.0,4.6,0.0
42071099999,"AMRITSAR, IN",31.71,74.797,234.0,2025-06-21,2025,100.0,112.8,87.6,60.8,1004.1,6.0,0.0
42071099999,"AMRITSAR, IN",31.71,74.797,234.0,2025-06-24,2025,98.1,111.5,90.2,65.7,997.3,8.4,0.0
42404099999,"GAYA AIRPORT, IN",24.744,84.951,116.0,2025-04-01,2025,96.4,104.7,87.7,61.5,1004.4,9.0,0.0
42404099999,"GAYA AIRPORT, IN",24.744,84.951,116.0,2025-04-05,2025,102.2,114.3,91.2,65.3,1002.1,5.1,0.0
42404099999,"GAYA AIRPORT, IN",24.744,84.951,116.0,2025-04-09,2025,102.9,114.5,95.5,55.7,1005.8,4.5,0.0
42404099999,"GAYA AIRPORT, IN",24.744,84.951,116.0,2025-04-14,2025,105.3,116.4,97.4,65.4,1003.3,8.3,0.0
42404099999,"GAYA AIRPORT, IN",24.744,84.951,116.0,2025-04-18,2025,100.0,114.4,92.5,51.7,1003.9,9.0,0.0
42404099999,"GAYA AIRPORT, IN",24.744,84.951,116.0,2025-04-24,2025,98.8,108.8,89.9,55.3,999.4,9.1,0.0
42404099999,"GAYA AIRPORT, IN",24.744,84.951,116.0,2025-04-27,2025,101.0,110.9,89.2,59.2,1003.8,7.1,0.0
42404099999,"GAYA AIRPORT, IN",24.744,84.951,116.0,2025-05-03,2025,101.3,114.7,92.2,64.6,1002.4,8.8,0.0
42404099999,"GAYA AIRPORT, IN",24.744,84.951,116.0,2025-05-07,2025,101.1,110.2,93.6,60.4,1008.9,5.6,0.0
42404099999,"GAYA AIRPORT, IN",24.744,84.951,116.0,2025-05-12,2025,104.5,119.2,94.5,57.5,998.4,3.5,0.0
42404099999,"GAYA AIRPORT, IN",24.744,84.951,116.0,2025-05-16,2025,103.0,116.4,91.8,60.5,1001.8,6.1,0.0
42404099999,"GAYA AIRPORT, IN",24.744,84.951,116.0,2025-05-20,2025,98.9,112.9,90.6,55.0,1007.4,6.0,0.0
42404099999,"GAYA AIRPORT, IN",24.744,84.951,116.0,2025-05-25,2025,107.3,121.7,95.1,54.9,1005.0,9.8,0.0
42404099999,"GAYA AIRPORT, IN",24.744,84.951,116.0,2025-05-28,2025,99.8,109.3,90.0,66.3,1003.7,999.9,0.0
42404099999,"GAYA AIRPORT, IN",24.744,84.951,116.0,2025-06-02,2025,105.2,117.3,93.0,50.7,1005.0,3.5,0.0
42404099999,"GAYA AIRPORT, IN",24.744,84.951,116.0,2025-06-07,2025,101.9,111.4,94.7,63.6,1005.7,8.3,0.0
42404099999,"GAYA AIRPORT, IN",24.744,84.951,116.0,2025-06-11,2025,101.5,113.8,90.6,56.3,1005.3,4.7,0.0
42404099999,"GAYA AIRPORT, IN",24.744,84.951,116.0,2025-06-15,2025,100.4,112.1,88.1,54.9,1000.2,9.4,0.0
42404099999,"GAYA AIRPORT, IN",24.744,84.951,116.0,2025-06-21,2025,95.3,105.8,82.3,56.7,1006.3,3.8,0.0
42404099999,"GAYA AIRPORT, IN",24.744,84.951,116.0,2025-06-24,2025,99.3,114.1,86.8,56.7,1005.4,6.6,0.0
42619099999,"RANCHI, IN",23.314,85.322,655.0,2025-04-01,2025,85.9,93.1,79.5,57.7,1007.6,8.2,0.0
42619099999,"RANCHI, IN",23.314,85.322,655.0,2025-04-05,2025,89.6,94.7,82.5,51.0,1006.3,8.3,0.0
42619099999,"RANCHI, IN",23.314,85.322,655.0,2025-04-10,2025,85.3,92.3,78.0,56.3,1010.4,12.5,0.0
42619099999,"RANCHI, IN",23.314,85.322,655.0,2025-04-14,2025,87.9,94.5,82.6,55.3,1009.7,7.7,0.0
42619099999,"RANCHI, IN",23.314,85.322,655.0,2025-04-19,2025,91.5,97.9,85.6,56.9,1009.4,9.1,0.0
42619099999,"RANCHI, IN",23.314,85.322,655.0,2025-04-24,2025,87.6,93.3,82.3,62.8,1012.3,7.5,0.0
42619099999,"RANCHI, IN",23.314,85.322,655.0,2025-04-28,2025,91.1,96.5,85.1,49.0,1006.9,12.3,0.0
42619099999,"RANCHI, IN",23.314,85.322,655.0,2025-05-02,2025,91.5,98.1,84.2,55.6,1010.5,11.3,0.0
42619099999,"RANCHI, IN",23.314,85.322,655.0,2025-05-07,2025,91.6,97.3,85.4,54.5,1008.1,12.8,0.0
42619099999,"RANCHI, IN",23.314,85.322,655.0,2025-05-11,2025,88.8,95.8,83.5,56.6,1006.9,7.1,0.13
42619099999,"RANCHI, IN",23.314,85.322,655.0,2025-05-16,2025,92.9,101.9,85.4,65.8,9999.9,7.8,0.0
42619099999,"RANCHI, IN",23.314,85.322,655.0,2025-05-19,2025,86.7,92.1,78.9,56.3,1005.0,10.1,0.0
42619099999,"RANCHI, IN",23.314,85.322,655.0,2025-05-25,2025,90.5,98.7,84.1,60.3,1011.0,7.1,0.0
42619099999,"RANCHI, IN",23.314,85.322,655.0,2025-05-29,2025,90.7,98.7,83.3,56.5,1004.0,8.1,0.0
42619099999,"RANCHI, IN",23.314,85.322,655.0,2025-06-03,2025,90.1,98.4,83.2,57.6,1009.3,5.2,0.0
42619099999,"RANCHI, IN",23.314,85.322,655.0,2025-06-06,2025,88.4,95.0,80.7,55.6,1005.0,7.9,0.0
42619099999,"RANCHI, IN",23.314,85.322,655.0,2025-06-12,2025,84.8,93.2,77.5,52.9,1004.9,12.6,0.0
42619099999,"RANCHI, IN",23.314,85.322,655.0,2025-06-15,2025,89.8,98.3,81.9,55.2,1006.9,11.5,0.28
42619099999,"RANCHI, IN",23.314,85.322,655.0,2025-06-21,2025,86.6,95.1,81.2,44.4,1011.0,11.5,0.0
42619099999,"RANCHI, IN",23.314,85.322,655.0,2025-06-25,2025,86.1,93.4,80.2,55.7,1005.1,11.7,0.0
43014099999,"AURANGABAD CHIKALTHANA, IN",19.863,75.398,582.0,2025-04-02,2025,89.6,98.0,84.3,57.9,1006.3,7.7,0.0
43014099999,"AURANGABAD CHIKALTHANA, IN",19.863,75.398,582.0,2025-04-05,2025,87.2,94.8,80.9,64.0,1007.9,7.2,0.0
43014099999,"AURANGABAD CHIKALTHANA, IN",19.863,75.398,582.0,2025-04-09,2025,88.1,94.0,81.0,53.5,1004.2,11.5,0.0
43014099999,"AURANGABAD CHIKALTHANA, IN",19.863,75.398,582.0,2025-04-15,2025,88.7,96.6,81.6,9999.9,1010.2,10.5,0.05
43014099999,"AURANGABAD CHIKALTHANA, IN",19.863,75.398,582.0,2025-04-18,2025,84.8,92.5,77.9,52.8,1006.8,10.1,0.0
43014099999,"AURANGABAD CHIKALTHANA, IN",19.863,75.398,582.0,2025-04-23,2025,89.7,98.1,82.1,56.7,1007.8,11.2,0.0
43014099999,"AURANGABAD CHIKALTHANA, IN",19.863,75.398,582.0,2025-04-28,2025,90.8,96.5,83.7,53.7,1009.9,10.1,0.0
43014099999,"AURANGABAD CHIKALTHANA, IN",19.863,75.398,582.0,2025-05-02,2025,91.1,98.7,84.7,56.0,1011.2,10.4,0.0
43014099999,"AURANGABAD CHIKALTHANA, IN",19.863,75.398,582.0,2025-05-06,2025,93.5,101.2,88.4,61.0,1002.0,6.1,0.0
43014099999,"AURANGABAD CHIKALTHANA, IN",19.863,75.398,582.0,2025-05-12,2025,93.7,99.1,88.5,60.5,1012.0,9.1,0.0
43014099999,"AURANGABAD CHIKALTHANA, IN",19.863,75.398,582.0,2025-05-16,2025,93.1,101.9,86.0,63.6,1009.8,999.9,0.0
43014099999,"AURANGABAD CHIKALTHANA, IN",19.863,75.398,582.0,2025-05-19,2025,93.3,98.7,87.0,65.3,1008.4,5.6,0.0
43014099999,"AURANGABAD CHIKALTHANA, IN",19.863,75.398,582.0,2025-05-24,2025,87.3,96.3,79.8,56.1,1008.8,6.9,0.0
43014099999,"AURANGABAD CHIKALTHANA, IN",19.863,75.398,582.0,2025-05-29,2025,90.4,98.9,84.0,52.3,1004.7,12.7,0.0
43014099999,"AURANGABAD CHIKALTHANA, IN",19.863,75.398,582.0,2025-06-03,2025,88.5,97.4,83.0,60.5,1011.2,9.0,0.0
43014099999,"AURANGABAD CHIKALTHANA, IN",19.863,75.398,582.0,2025-06-07,2025,91.6,98.4,86.4,61.5,1007.8,9.5,0.0
43014099999,"AURANGABAD CHIKALTHANA, IN",19.863,75.398,582.0,2025-06-11,2025,86.0,91.6,78.7,55.5,1007.5,10.8,0.0
43014099999,"AURANGABAD CHIKALTHANA, IN",19.863,75.398,582.0,2025-06-16,2025,88.0,94.9,80.1,57.5,1008.9,5.5,0.0
43014099999,"AURANGABAD CHIKALTHANA, IN",19.863,75.398,582.0,2025-06-21,2025,90.2,96.7,83.1,56.2,1004.2,6.6,0.0
43014099999,"AURANGABAD CHIKALTHANA, IN",19.863,75.398,582.0,2025-06-24,2025,87.3,93.9,81.1,57.5,1010.4,999.9,0.0
43111099999,"SOLAPUR, IN",17.67,75.906,484.0,2025-04-01,2025,96.0,105.3,83.1,61.9,1003.9,6.3,0.0
43111099999,"SOLAPUR, IN",17.67,75.906,484.0,2025-04-05,2025,98.6,112.2,88.6,64.0,1001.0,8.4,0.0
43111099999,"SOLAPUR, IN",17.67,75.906,484.0,2025-04-10,2025,97.8,111.1,85.2,59.2,1001.1,4.6,0.32
43111099999,"SOLAPUR, IN",17.67,75.906,484.0,2025-04-14,2025,101.7,111.6,93.0,55.7,1003.7,4.1,0.0
43111099999,"SOLAPUR, IN",17.67,75.906,484.0,2025-04-19,2025,100.8,115.4,92.8,60.4,1001.6,5.9,0.2
43111099999,"SOLAPUR, IN",17.67,75.906,484.0,2025-04-24,2025,101.0,111.2,93.2,59.8,1003.6,6.3,0.0
43111099999,"SOLAPUR, IN",17.67,75.906,484.0,2025-04-27,2025,102.3,113.4,91.8,9999.9,1000.0,6.5,0.0
43111099999,"SOLAPUR, IN",17.67,75.906,484.0,2025-05-03,2025,102.8,113.1,95.0,51.4,1004.1,4.0,0.0
43111099999,"SOLAPUR, IN",17.67,75.906,484.0,2025-05-06,2025,100.1,108.5,92.4,57.9,1001.9,8.2,0.0
43111099999,"SOLAPUR, IN",17.67,75.906,484.0,2025-05-12,2025,104.3,119.0,96.0,56.5,1001.2,3.1,0.0
43111099999,"SOLAPUR, IN",17.67,75.906,484.0,2025-05-16,2025,107.6,121.0,100.4,60.7,1001.3,5.7,0.0
43111099999,"SOLAPUR, IN",17.67,75.906,484.0,2025-05-20,2025,102.8,114.1,91.4,67.5,1002.3,5.6,0.0
43111099999,"SOLAPUR, IN",17.67,75.906,484.0,2025-05-24,2025,101.4,109.9,89.6,55.9,1001.4,8.9,0.0
43111099999,"SOLAPUR, IN",17.67,75.906,484.0,2025-05-28,2025,101.4,110.8,91.5,52.9,999.6,4.6,0.0
43111099999,"SOLAPUR, IN",17.67,75.906,484.0,2025-06-03,2025,100.1,109.2,87.5,62.3,1001.9,6.6,0.0
43111099999,"SOLAPUR, IN",17.67,75.906,484.0,2025-06-07,2025,101.3,114.1,93.2,65.7,1006.9,8.3,0.0
43111099999,"SOLAPUR, IN",17.67,75.906,484.0,2025-06-11,2025,100.5,108.6,89.3,56.1,1000.4,5.2,0.0
43111099999,"SOLAPUR, IN",17.67,75.906,484.0,2025-06-16,2025,102.4,110.4,94.2,58.3,1001.8,4.6,0.0
43111099999,"SOLAPUR, IN",17.67,75.906,484.0,2025-06-20,2025,97.4,109.1,88.2,55.5,1004.0,7.4,0.0
43111099999,"SOLAPUR, IN",17.67,75.906,484.0,2025-06-24,2025,95.2,105.0,86.8,64.3,1001.4,3.7,0.0
43226099999,"GOA DABOLIM, IN",15.381,73.831,56.0,2025-04-01,2025,90.3,96.2,85.1,75.0,1008.0,10.9,0.0
43226099999,"GOA DABOLIM, IN",15.381,73.831,56.0,2025-04-06,2025,90.5,97.9,85.4,78.2,1010.9,7.7,0.0
43226099999,"GOA DABOLIM, IN",15.381,73.831,56.0,2025-04-09,2025,91.7,97.5,85.7,76.4,1006.6,8.9,0.33
43226099999,"GOA DABOLIM, IN",15.381,73.831,56.0,2025-04-15,2025,92.9,99.0,87.9,81.6,1008.6,6.8,0.0
43226099999,"GOA DABOLIM, IN",15.381,73.831,56.0,2025-04-18,2025,93.3,98.2,88.0,79.9,1010.8,13.2,0.0
43226099999,"GOA DABOLIM, IN",15.381,73.831,56.0,2025-04-23,2025,89.0,93.3,83.8,80.0,1010.0,7.1,0.66
43226099999,"GOA DABOLIM, IN",15.381,73.831,56.0,2025-04-28,2025,90.4,97.6,84.0,76.1,1006.3,11.1,0.0
43226099999,"GOA DABOLIM, IN",15.381,73.831,56.0,2025-05-03,2025,91.7,98.3,85.4,77.1,1008.5,8.6,0.0
43226099999,"GOA DABOLIM, IN",15.381,73.831,56.0,2025-05-07,2025,94.7,102.0,89.0,81.0,1006.3,9.8,0.0
43226099999,"GOA DABOLIM, IN",15.381,73.831,56.0,2025-05-11,2025,91.7,96.7,86.7,81.6,1009.3,7.8,0.0
43226099999,"GOA DABOLIM, IN",15.381,73.831,56.0,2025-05-16,2025,93.4,98.4,87.4,79.5,1007.9,7.7,0.0
43226099999,"GOA DABOLIM, IN",15.381,73.831,56.0,2025-05-20,2025,94.2,101.9,89.4,77.5,1008.5,6.8,0.0
43226099999,"GOA DABOLIM, IN",15.381,73.831,56.0,2025-05-25,2025,90.4,97.6,84.5,76.6,1006.6,6.8,0.0
43226099999,"GOA DABOLIM, IN",15.381,73.831,56.0,2025-05-28,2025,92.4,96.5,88.0,76.0,1006.9,12.3,0.0
43226099999,"GOA DABOLIM, IN",15.381,73.831,56.0,2025-06-02,2025,90.1,95.5,84.9,79.7,1007.8,12.2,0.87
43226099999,"GOA DABOLIM, IN",15.381,73.831,56.0,2025-06-07,2025,89.5,94.5,84.8,76.3,1008.7,13.8,0.0
43226099999,"GOA DABOLIM, IN",15.381,73.831,56.0,2025-06-11,2025,91.3,97.7,86.4,76.6,1007.9,9.7,0.0
43226099999,"GOA DABOLIM, IN",15.381,73.831,56.0,2025-06-15,2025,92.6,98.2,87.7,74.7,1009.1,11.8,0.0
43226099999,"GOA DABOLIM, IN",15.381,73.831,56.0,2025-06-21,2025,90.0,96.1,84.2,78.3,1007.9,10.7,0.0
43226099999,"GOA DABOLIM, IN",15.381,73.831,56.0,2025-06-24,2025,90.2,96.6,84.7,75.8,1007.4,13.3,0.0
43237099999,"MANGALORE BAJPE, IN",12.961,74.89,102.0,2025-04-01,2025,93.5,97.6,88.5,74.9,1011.4,9.4,0.0
43237099999,"MANGALORE BAJPE, IN",12.961,74.89,102.0,2025-04-06,2025,90.6,95.6,85.1,78.4,1005.8,6.9,0.0
43237099999,"MANGALORE BAJPE, IN",12.961,74.89,102.0,2025-04-09,2025,90.0,96.9,83.6,77.1,1005.9,13.5,0.0
43237099999,"MANGALORE BAJPE, IN",12.961,74.89,102.0,2025-04-15,2025,91.5,97.2,84.7,77.3,1011.7,5.8,0.7
43237099999,"MANGALORE BAJPE, IN",12.961,74.89,102.0,2025-04-18,2025,90.0,97.9,85.2,78.6,1008.5,12.3,0.0
43237099999,"MANGALORE BAJPE, IN",12.961,74.89,102.0,2025-04-23,2025,90.5,96.6,85.4,80.1,1007.2,11.7,0.36
43237099999,"MANGALORE BAJPE, IN",12.961,74.89,102.0,2025-04-28,2025,88.3,93.4,81.9,80.0,1005.8,13.6,1.12
43237099999,"MANGALORE BAJPE, IN",12.961,74.89,102.0,2025-05-03,2025,91.1,97.5,86.6,80.1,1007.3,6.0,0.0
43237099999,"MANGALORE BAJPE, IN",12.961,74.89,102.0,2025-05-07,2025,94.8,99.1,89.3,81.4,1006.7,5.4,0.0
43237099999,"MANGALORE BAJPE, IN",12.961,74.89,102.0,2025-05-11,2025,94.7,102.3,88.9,76.5,1012.5,5.5,0.0
43237099999,"MANGALORE BAJPE, IN",12.961,74.89,102.0,2025-05-15,2025,92.1,98.7,85.4,80.9,1009.7,8.8,0.23
43237099999,"MANGALORE BAJPE, IN",12.961,74.89,102.0,2025-05-20,2025,93.8,100.6,86.9,76.7,1007.7,10.0,0.0
43237099999,"MANGALORE BAJPE, IN",12.961,74.89,102.0,2025-05-24,2025,89.3,93.5,82.8,78.9,1008.7,6.1,0.0
43237099999,"MANGALORE BAJPE, IN",12.961,74.89,102.0,2025-05-29,2025,93.3,100.1,87.3,70.9,1005.5,999.9,0.0
43237099999,"MANGALORE BAJPE, IN",12.961,74.89,102.0,2025-06-02,2025,91.5,96.2,86.5,79.1,1008.6,12.7,0.67
43237099999,"MANGALORE BAJPE, IN",12.961,74.89,102.0,2025-06-06,2025,92.3,99.7,85.9,79.9,1005.9,12.7,0.7
43237099999,"MANGALORE BAJPE, IN",12.961,74.89,102.0,2025-06-11,2025,93.4,99.8,87.5,79.5,1008.8,11.9,1.1
43237099999,"MANGALORE BAJPE, IN",12.961,74.89,102.0,2025-06-16,2025,91.5,96.9,85.8,82.9,1009.0,11.0,0.0
43237099999,"MANGALORE BAJPE, IN",12.961,74.89,102.0,2025-06-21,2025,89.7,94.0,84.4,9999.9,1009.5,10.9,0.11
43237099999,"MANGALORE BAJPE, IN",12.961,74.89,102.0,2025-06-24,2025,90.1,96.9,83.8,81.1,1008.8,13.5,0.0
43245099999,"TIRUPATI, IN",13.633,79.543,107.0,2025-04-02,2025,90.0,96.1,81.4,75.8,1004.2,7.2,0.0
43245099999,"TIRUPATI, IN",13.633,79.543,107.0,2025-04-05,2025,96.2,102.6,90.4,77.8,1005.4,6.5,0.16
43245099999,"TIRUPATI, IN",13.633,79.543,107.0,2025-04-10,2025,99.1,105.3,93.9,74.4,1006.2,9.0,0.0
43245099999,"TIRUPATI, IN",13.633,79.543,107.0,2025-04-15,2025,98.0,105.8,90.7,74.7,9999.9,5.3,0.0
43245099999,"TIRUPATI, IN",13.633,79.543,107.0,2025-04-18,2025,95.5,105.0,86.9,73.7,1002.4,8.9,0.0
43245099999,"TIRUPATI, IN",13.633,79.543,107.0,2025-04-23,2025,97.7,108.3,88.7,75.9,1007.4,6.6,0.0
43245099999,"TIRUPATI, IN",13.633,79.543,107.0,2025-04-27,2025,99.1,106.0,93.7,74.1,1002.6,5.6,0.0
43245099999,"TIRUPATI, IN",13.633,79.543,107.0,2025-05-02,2025,98.8,109.1,90.9,78.3,1006.5,7.7,0.0
43245099999,"TIRUPATI, IN",13.633,79.543,107.0,2025-05-06,2025,100.3,107.2,93.9,74.3,1004.1,8.2,0.0
43245099999,"TIRUPATI, IN",13.633,79.543,107.0,2025-05-12,2025,96.8,106.8,91.0,74.8,1004.8,7.7,0.0
43245099999,"TIRUPATI, IN",13.633,79.543,107.0,2025-05-15,2025,98.8,109.0,90.2,74.6,1004.7,7.2,0.0
43245099999,"TIRUPATI, IN",13.633,79.543,107.0,2025-05-20,2025,96.8,104.6,90.4,77.8,1005.2,3.5,0.09
43245099999,"TIRUPATI, IN",13.633,79.543,107.0,2025-05-25,2025,97.8,107.7,89.7,72.7,1002.3,8.6,0.0
43245099999,"TIRUPATI, IN",13.633,79.543,107.0,2025-05-29,2025,100.6,110.8,92.1,76.6,1001.8,7.2,0.0
43245099999,"TIRUPATI, IN",13.633,79.543,107.0,2025-06-02,2025,99.2,106.6,92.0,77.7,1005.2,4.6,0.0
43245099999,"TIRUPATI, IN",13.633,79.543,107.0,2025-06-07,2025,100.5,110.6,91.8,75.6,1002.2,3.2,0.0
43245099999,"TIRUPATI, IN",13.633,79.543,107.0,2025-06-12,2025,97.5,106.5,91.7,75.7,1003.8,6.7,0.0
43245099999,"TIRUPATI, IN",13.633,79.543,107.0,2025-06-16,2025,97.5,104.2,88.6,69.9,1007.0,3.5,0.54
43245099999,"TIRUPATI, IN",13.633,79.543,107.0,2025-06-21,2025,94.0,104.5,88.3,72.0,1004.8,8.1,0.0
43245099999,"TIRUPATI, IN",13.633,79.543,107.0,2025-06-25,2025,96.1,105.1,87.6,75.4,1003.5,7.8,0.0
